ID;n_adults;n_children;weekend_nights;week_nights;meal_plan;car_parking_space;room_type;lead_time;year;month;date;market_segment;repeated_guest;previous_cancellations;previous_bookings_not_canceled;avg_room_price;special_requests;status
INN30165;2;2;1;4;Meal Plan 1;0;Room_Type 6;30;2018;2;8;Online;0;0;0;152.3;2;0
INN23198;2;0;0;4;Not Selected;0;Room_Type 1;3;2018;12;28;Online;0;0;0;95.2;0;0
INN00198;2;0;2;1;Meal Plan 1;0;Room_Type 1;109;2018;3;20;Offline;0;0;0;58.0;0;0
INN32678;2;0;1;2;Meal Plan 1;0;Room_Type 1;66;2017;10;9;Offline;0;0;0;75.0;0;1
INN33636;2;0;1;2;Meal Plan 1;0;Room_Type 1;89;2018;12;19;Offline;0;0;0;75.0;0;0
INN03651;2;0;1;3;Meal Plan 1;0;Room_Type 1;5;2017;8;24;Online;0;0;0;90.0;2;0
INN16929;1;0;0;1;Not Selected;0;Room_Type 1;183;2018;10;11;Online;0;0;0;98.1;0;1
INN27131;1;0;6;12;Meal Plan 1;0;Room_Type 1;1;2018;11;18;Online;0;0;0;77.44;1;1
INN11418;1;0;2;4;Meal Plan 1;0;Room_Type 1;245;2018;7;6;Offline;0;0;0;110.0;0;1
INN25832;2;0;2;3;Meal Plan 1;0;Room_Type 4;94;2017;12;24;Offline;0;0;0;60.0;0;0
INN03896;2;0;1;3;Not Selected;0;Room_Type 1;97;2017;12;28;Online;0;0;0;53.38;0;0
INN34358;1;0;0;3;Meal Plan 1;0;Room_Type 1;37;2018;10;13;Offline;0;0;0;95.0;0;0
INN18712;3;0;0;3;Meal Plan 1;0;Room_Type 4;116;2018;11;16;Online;0;0;0;122.4;1;1
INN00305;2;0;1;0;Meal Plan 1;0;Room_Type 1;10;2018;5;16;Online;0;0;0;103.0;0;0
INN32957;2;1;2;5;Meal Plan 1;0;Room_Type 1;147;2018;6;28;Online;0;0;0;106.25;2;0
INN23961;2;0;0;4;Meal Plan 1;0;Room_Type 4;64;2018;4;20;Online;0;0;0;114.33;1;1
INN15218;1;0;0;4;Meal Plan 2;0;Room_Type 1;296;2018;9;21;Offline;0;0;0;96.0;0;0
INN08141;2;0;0;2;Not Selected;0;Room_Type 1;74;2018;4;28;Online;0;0;0;77.62;0;0
INN00968;2;0;0;3;Meal Plan 2;0;Room_Type 1;150;2018;6;16;Offline;0;0;0;90.0;1;0
INN31827;1;0;0;1;Meal Plan 1;0;Room_Type 1;10;2018;11;10;Online;0;0;0;120.0;0;1
INN01654;2;0;1;4;Meal Plan 1;0;Room_Type 1;212;2018;8;22;Online;0;0;0;90.95;0;1
INN30672;2;0;1;2;Meal Plan 1;0;Room_Type 1;33;2018;6;20;Offline;0;0;0;85.5;0;0
INN24430;2;1;0;2;Meal Plan 1;0;Room_Type 1;33;2018;7;19;Online;0;0;0;134.1;0;1
INN08073;2;0;0;2;Meal Plan 1;0;Room_Type 1;37;2018;3;1;Online;0;0;0;81.9;1;1
INN21782;2;0;0;1;Not Selected;0;Room_Type 1;19;2018;7;29;Online;0;0;0;99.0;1;0
INN17283;2;0;2;0;Not Selected;0;Room_Type 1;14;2018;3;13;Online;0;0;0;97.0;0;0
INN13500;2;0;0;3;Not Selected;0;Room_Type 1;45;2018;10;11;Online;0;0;0;108.0;1;0
INN07020;1;0;1;1;Not Selected;0;Room_Type 1;62;2018;11;7;Online;0;0;0;143.2;0;0
INN04420;1;0;1;0;Meal Plan 1;0;Room_Type 1;10;2018;10;10;Corporate;0;0;0;89.0;0;0
INN10956;2;0;1;1;Meal Plan 2;0;Room_Type 1;117;2018;12;24;Online;0;0;0;127.8;1;1
INN12274;2;0;1;3;Meal Plan 1;0;Room_Type 1;12;2018;2;18;Online;0;0;0;91.0;0;0
INN28791;2;0;0;2;Meal Plan 1;0;Room_Type 4;49;2018;10;12;Online;0;0;0;139.5;4;0
INN20845;1;0;0;1;Meal Plan 1;0;Room_Type 1;22;2017;9;18;Online;0;0;0;114.0;0;0
INN32250;2;0;2;0;Meal Plan 1;0;Room_Type 1;146;2018;4;24;Online;0;0;0;107.0;1;1
INN24651;2;0;0;3;Meal Plan 1;0;Room_Type 4;11;2018;6;14;Corporate;0;0;0;90.0;0;1
INN07099;2;0;0;3;Meal Plan 1;0;Room_Type 1;17;2018;11;23;Online;0;0;0;104.0;2;0
INN27858;2;0;0;1;Meal Plan 2;0;Room_Type 1;13;2018;4;28;Online;0;0;0;169.0;0;1
INN33932;2;0;1;5;Not Selected;0;Room_Type 4;57;2017;12;29;Online;0;0;0;103.62;1;0
INN32271;2;0;0;2;Not Selected;0;Room_Type 1;5;2018;6;22;Online;0;0;0;122.0;1;0
INN29897;2;0;2;1;Not Selected;0;Room_Type 1;1;2018;4;23;Online;0;0;0;109.0;0;0
INN21467;2;0;2;1;Meal Plan 1;0;Room_Type 1;83;2018;12;18;Offline;0;0;0;75.0;0;0
INN31965;3;0;1;4;Meal Plan 1;0;Room_Type 4;220;2018;12;21;Online;0;0;0;104.55;0;0
INN19796;1;0;0;2;Meal Plan 1;0;Room_Type 1;298;2018;5;10;Offline;0;0;0;76.0;0;0
INN19132;3;0;0;1;Meal Plan 1;0;Room_Type 4;88;2018;8;19;Online;0;0;0;150.3;1;0
INN32137;2;0;0;3;Meal Plan 1;0;Room_Type 1;279;2018;10;12;Offline;0;0;0;110.0;0;1
INN24827;1;0;0;3;Meal Plan 1;0;Room_Type 1;308;2018;11;23;Online;0;0;0;78.3;2;1
INN32531;2;0;0;1;Meal Plan 1;0;Room_Type 4;54;2018;6;3;Online;0;0;0;149.4;0;0
INN15788;2;0;0;3;Meal Plan 1;0;Room_Type 1;111;2018;6;1;Offline;0;0;0;96.67;0;0
INN22990;2;0;1;1;Meal Plan 1;0;Room_Type 1;45;2018;11;19;Online;0;0;0;93.6;0;1
INN18044;2;0;0;2;Meal Plan 1;0;Room_Type 1;3;2018;11;18;Complementary;0;0;0;0.0;0;0
INN27627;2;0;2;4;Meal Plan 1;0;Room_Type 4;307;2018;9;11;Online;0;0;0;108.0;0;1
INN13392;2;0;1;0;Meal Plan 1;0;Room_Type 1;4;2018;1;25;Corporate;0;0;0;64.0;0;0
INN12809;1;0;1;2;Meal Plan 1;0;Room_Type 1;63;2018;3;11;Online;0;0;0;72.9;1;0
INN33797;2;1;2;2;Meal Plan 1;0;Room_Type 1;26;2018;8;7;Online;0;0;0;169.0;2;0
INN01351;2;0;0;2;Not Selected;0;Room_Type 1;64;2018;1;19;Online;0;0;0;65.36;2;0
INN32192;1;0;0;2;Meal Plan 1;0;Room_Type 4;123;2018;5;6;Online;0;0;0;117.3;1;0
INN00139;1;0;2;2;Meal Plan 1;0;Room_Type 1;82;2018;5;22;Online;0;0;0;109.65;0;0
INN05598;2;0;0;2;Meal Plan 1;0;Room_Type 1;317;2018;9;15;Online;0;0;0;120.0;0;1
INN27358;2;0;2;5;Meal Plan 1;0;Room_Type 1;163;2018;4;9;Online;0;0;0;73.37;1;0
INN21196;2;0;0;1;Not Selected;0;Room_Type 1;109;2018;7;27;Online;0;0;0;94.5;1;1
INN30516;2;1;0;3;Meal Plan 1;0;Room_Type 1;51;2017;10;21;Online;0;0;0;112.0;2;0
INN27966;2;0;1;1;Meal Plan 1;0;Room_Type 1;18;2018;3;19;Online;0;0;0;109.0;0;1
INN15484;2;0;0;1;Not Selected;0;Room_Type 1;139;2018;7;2;Online;0;0;0;85.5;0;1
INN07032;2;0;4;6;Not Selected;0;Room_Type 1;46;2018;12;18;Online;0;0;0;74.8;1;0
INN24322;2;0;0;3;Meal Plan 1;0;Room_Type 4;47;2018;9;1;Online;0;0;0;123.3;2;0
INN02470;2;2;2;3;Meal Plan 2;0;Room_Type 6;157;2018;8;19;Online;0;0;0;217.6;2;1
INN26527;1;0;1;0;Meal Plan 1;0;Room_Type 1;10;2017;10;18;Corporate;0;0;0;65.0;0;0
INN09156;2;0;0;3;Meal Plan 1;0;Room_Type 1;41;2018;11;2;Offline;0;0;0;75.0;0;0
INN09161;3;0;0;4;Meal Plan 1;0;Room_Type 4;98;2018;6;29;Online;0;0;0;146.7;0;1
INN04165;3;0;0;3;Meal Plan 1;0;Room_Type 4;155;2018;10;20;Online;0;0;0;142.83;0;1
INN24637;3;0;1;4;Not Selected;0;Room_Type 1;100;2018;7;6;Online;0;0;0;98.83;2;0
INN30845;2;0;0;1;Meal Plan 1;0;Room_Type 1;65;2018;9;6;Online;0;0;0;98.1;0;0
INN33744;2;0;2;2;Meal Plan 1;0;Room_Type 4;46;2018;10;2;Online;0;0;0;90.55;1;0
INN28103;2;0;0;2;Not Selected;0;Room_Type 1;50;2018;3;11;Online;0;0;0;48.6;0;0
INN09299;1;0;2;9;Meal Plan 1;0;Room_Type 1;55;2018;12;13;Online;0;0;0;74.8;1;0
INN11026;0;2;1;3;Meal Plan 1;0;Room_Type 2;182;2018;10;31;Online;0;0;0;83.5;1;0
INN09014;1;0;0;1;Meal Plan 1;0;Room_Type 1;8;2018;2;19;Corporate;0;0;0;81.0;0;0
INN13984;2;0;1;5;Meal Plan 1;0;Room_Type 1;32;2018;10;25;Online;0;0;0;92.88;0;0
INN32297;2;0;1;4;Meal Plan 1;0;Room_Type 1;3;2017;8;17;Corporate;0;0;0;119.0;0;1
INN04689;2;0;0;3;Meal Plan 1;0;Room_Type 1;44;2018;2;17;Offline;0;0;0;75.0;0;0
INN35970;2;0;1;1;Not Selected;0;Room_Type 1;1;2018;6;13;Online;0;0;0;79.0;1;0
INN21926;2;0;0;3;Meal Plan 1;0;Room_Type 4;64;2018;9;15;Online;0;0;0;149.4;2;0
INN25744;2;0;0;2;Meal Plan 2;0;Room_Type 1;256;2018;6;15;Offline;0;0;0;115.0;1;1
INN29020;2;0;1;3;Not Selected;0;Room_Type 1;45;2018;8;29;Online;0;0;0;101.03;0;0
INN34904;1;0;1;0;Meal Plan 1;1;Room_Type 1;3;2018;6;6;Corporate;1;0;3;65.0;0;0
INN07141;1;0;1;2;Meal Plan 1;0;Room_Type 1;180;2018;10;10;Online;0;0;0;120.0;0;1
INN00282;2;0;1;3;Not Selected;0;Room_Type 1;41;2018;5;9;Online;0;0;0;116.1;0;1
INN09579;1;0;1;2;Meal Plan 1;0;Room_Type 1;111;2018;10;10;Offline;0;0;0;120.0;0;0
INN14244;2;0;0;3;Not Selected;0;Room_Type 1;0;2018;8;30;Online;0;0;0;129.0;3;0
INN02060;3;0;1;3;Meal Plan 1;0;Room_Type 4;88;2018;10;10;Online;0;0;0;151.2;0;1
INN17980;2;0;2;2;Meal Plan 1;0;Room_Type 1;2;2018;12;17;Online;0;0;0;81.6;0;0
INN22205;2;0;0;1;Meal Plan 2;0;Room_Type 1;72;2017;9;18;Offline;0;0;0;108.0;0;0
INN34782;2;0;2;1;Not Selected;0;Room_Type 1;57;2017;10;10;Online;0;0;0;78.69;1;0
INN24107;2;0;2;4;Meal Plan 1;0;Room_Type 4;258;2018;8;18;Offline;0;0;0;82.44;0;0
INN06927;2;0;1;3;Not Selected;0;Room_Type 1;70;2018;4;14;Online;0;0;0;89.25;0;1
INN16524;2;0;0;2;Meal Plan 2;0;Room_Type 1;74;2017;9;18;Offline;0;0;0;101.5;0;0
INN14377;2;0;0;0;Meal Plan 1;0;Room_Type 1;256;2017;9;14;Online;0;0;0;0.0;0;1
INN29288;2;0;0;2;Meal Plan 1;0;Room_Type 1;18;2017;12;1;Online;0;0;0;69.0;2;0
INN22899;2;2;1;2;Meal Plan 1;0;Room_Type 6;41;2018;9;5;Online;0;0;0;174.0;0;1
INN21678;2;1;0;2;Meal Plan 2;0;Room_Type 4;4;2018;3;11;Online;0;0;0;183.5;2;0
INN19759;2;0;0;2;Meal Plan 2;0;Room_Type 1;346;2018;9;13;Offline;0;0;0;115.0;1;1
INN34103;1;0;0;1;Not Selected;0;Room_Type 1;53;2018;4;2;Online;0;0;0;75.6;1;0
INN00482;3;0;2;2;Meal Plan 1;0;Room_Type 4;94;2018;7;8;Online;0;0;0;146.7;1;0
INN31224;3;0;1;1;Meal Plan 1;0;Room_Type 4;155;2018;7;16;Online;0;0;0;137.7;1;1
INN18530;3;0;1;0;Not Selected;0;Room_Type 1;0;2018;8;7;Online;0;0;0;98.0;1;0
INN25283;2;0;1;0;Meal Plan 1;0;Room_Type 1;139;2018;6;13;Online;0;0;0;126.9;0;0
INN04874;2;0;2;5;Meal Plan 1;0;Room_Type 1;12;2018;11;13;Online;0;0;0;89.25;3;0
INN08550;3;0;0;2;Meal Plan 1;0;Room_Type 4;12;2018;2;26;Online;0;0;0;127.0;1;1
INN00309;2;0;0;1;Meal Plan 2;0;Room_Type 1;83;2017;9;30;Offline;0;0;0;112.2;0;0
INN01384;2;0;1;3;Meal Plan 1;0;Room_Type 1;30;2017;9;14;Online;0;0;0;94.5;2;0
INN04613;0;2;1;1;Meal Plan 1;0;Room_Type 2;14;2018;8;13;Online;0;0;0;138.05;3;0
INN21148;3;0;2;3;Meal Plan 1;0;Room_Type 4;54;2018;6;17;Online;0;0;0;148.5;2;0
INN30097;2;0;1;2;Meal Plan 1;0;Room_Type 1;0;2018;10;10;Offline;0;0;0;90.0;2;0
INN10988;2;0;0;3;Meal Plan 1;0;Room_Type 1;2;2018;1;7;Online;0;0;0;96.0;1;0
INN08167;2;0;1;2;Meal Plan 1;0;Room_Type 4;189;2018;10;28;Online;0;0;0;109.8;0;1
INN00885;2;0;0;2;Meal Plan 1;0;Room_Type 1;67;2018;9;6;Online;0;0;0;98.1;1;1
INN25252;1;0;0;2;Meal Plan 1;0;Room_Type 1;0;2018;3;1;Corporate;1;1;4;65.0;0;0
INN18701;2;1;0;4;Meal Plan 1;0;Room_Type 4;12;2017;10;6;Offline;0;0;0;123.3;1;0
INN13438;1;0;1;0;Meal Plan 1;0;Room_Type 1;5;2018;5;9;Complementary;1;0;1;0.0;1;0
INN11273;3;0;0;1;Meal Plan 1;1;Room_Type 4;1;2018;5;20;Online;0;0;0;206.0;2;0
INN07041;2;0;1;2;Meal Plan 1;0;Room_Type 4;56;2017;11;6;Offline;0;0;0;60.0;1;0
INN20513;2;0;2;3;Meal Plan 1;0;Room_Type 1;161;2018;7;31;Online;0;0;0;101.15;1;1
INN03716;2;0;0;1;Meal Plan 1;0;Room_Type 1;113;2018;11;11;Offline;0;0;0;90.0;0;0
INN31088;3;0;2;1;Meal Plan 1;0;Room_Type 1;19;2017;10;3;Online;0;0;0;118.67;1;0
INN04751;2;0;0;2;Meal Plan 2;0;Room_Type 1;0;2017;8;14;Offline;0;0;0;109.0;0;0
INN03226;2;0;0;2;Meal Plan 1;0;Room_Type 1;122;2018;4;15;Offline;0;0;0;85.0;0;0
INN29900;2;0;3;9;Meal Plan 1;0;Room_Type 1;0;2017;8;19;Online;0;0;0;106.84;2;0
INN32724;2;1;4;6;Meal Plan 1;0;Room_Type 1;293;2018;12;25;Online;0;0;0;93.67;0;1
INN26088;2;0;2;2;Meal Plan 1;0;Room_Type 4;77;2018;4;16;Online;0;0;0;107.95;0;1
INN29802;2;0;1;0;Meal Plan 1;0;Room_Type 4;21;2018;9;19;Online;0;0;0;164.0;1;1
INN12416;2;0;1;1;Meal Plan 1;0;Room_Type 1;26;2018;11;19;Online;0;0;0;104.0;1;1
INN03639;1;0;0;2;Meal Plan 1;0;Room_Type 1;13;2017;12;17;Corporate;0;0;0;79.0;1;0
INN08774;2;0;2;0;Meal Plan 1;0;Room_Type 1;17;2018;2;7;Online;0;0;0;81.07;1;0
INN35685;2;0;0;3;Meal Plan 1;0;Room_Type 4;48;2018;3;9;Online;0;0;0;105.3;1;0
INN10970;1;0;2;4;Meal Plan 1;0;Room_Type 1;245;2018;7;6;Offline;0;0;0;110.0;0;1
INN23309;1;0;0;1;Meal Plan 1;0;Room_Type 1;2;2018;10;26;Online;0;0;0;104.0;0;0
INN20597;2;0;0;2;Meal Plan 2;0;Room_Type 1;0;2017;8;14;Offline;0;0;0;109.0;0;0
INN27885;2;1;0;1;Meal Plan 1;0;Room_Type 1;135;2018;8;13;Online;0;0;0;130.5;1;0
INN28888;3;0;2;3;Meal Plan 1;0;Room_Type 4;19;2018;2;19;Online;0;0;0;130.0;3;0
INN09285;2;0;2;3;Meal Plan 1;0;Room_Type 1;218;2018;8;20;Online;0;0;0;90.95;1;1
INN32071;2;0;0;3;Not Selected;0;Room_Type 1;17;2018;12;8;Online;0;0;0;92.67;0;0
INN19512;2;0;1;3;Meal Plan 1;0;Room_Type 4;69;2018;4;18;Online;0;0;0;110.08;1;0
INN31917;2;0;1;4;Meal Plan 1;1;Room_Type 4;98;2018;5;4;Online;0;0;0;141.6;1;0
INN22347;2;0;1;5;Meal Plan 1;0;Room_Type 1;93;2018;4;26;Online;0;0;0;105.4;0;0
INN15687;2;0;0;1;Meal Plan 1;0;Room_Type 1;8;2018;11;5;Offline;0;0;0;130.0;0;0
INN05987;2;0;1;0;Meal Plan 1;0;Room_Type 1;258;2018;10;16;Online;0;0;0;110.0;0;1
INN22986;2;0;0;3;Meal Plan 1;0;Room_Type 4;3;2017;10;15;Offline;0;0;0;85.0;0;0
INN30570;2;0;1;2;Not Selected;0;Room_Type 1;38;2018;2;26;Online;0;0;0;61.07;1;0
INN17952;2;0;1;2;Meal Plan 1;0;Room_Type 1;109;2018;5;30;Offline;0;0;0;75.0;0;0
INN05486;2;0;2;2;Meal Plan 1;0;Room_Type 1;226;2018;10;29;Online;0;0;0;70.0;0;1
INN04844;2;0;1;2;Meal Plan 1;0;Room_Type 1;25;2018;10;17;Offline;0;0;0;85.0;0;0
INN35855;1;0;0;1;Meal Plan 1;0;Room_Type 1;8;2018;5;25;Online;0;0;0;89.25;1;0
INN17609;2;0;1;3;Meal Plan 1;0;Room_Type 1;158;2018;6;30;Online;0;0;0;90.95;1;0
INN19094;1;0;0;2;Meal Plan 1;0;Room_Type 1;103;2018;4;19;Offline;0;0;0;115.0;0;1
INN05241;2;0;0;1;Meal Plan 1;0;Room_Type 1;20;2018;6;2;Online;0;0;0;121.0;0;1
INN15996;1;0;2;4;Meal Plan 1;0;Room_Type 1;245;2018;7;6;Offline;0;0;0;110.0;0;1
INN02895;2;0;2;1;Meal Plan 2;0;Room_Type 1;96;2017;7;11;Online;0;0;0;94.5;0;1
INN07210;2;0;2;2;Meal Plan 1;0;Room_Type 1;36;2018;12;18;Online;0;0;0;88.4;1;0
INN11408;1;2;2;2;Meal Plan 1;0;Room_Type 1;4;2018;2;20;Online;0;0;0;111.0;1;0
INN30556;2;0;0;2;Meal Plan 1;0;Room_Type 1;53;2018;11;18;Offline;0;0;0;75.0;0;0
INN10680;2;0;2;1;Meal Plan 2;0;Room_Type 1;124;2017;8;8;Offline;0;0;0;94.5;0;1
INN29307;2;0;1;1;Meal Plan 1;0;Room_Type 4;0;2018;2;13;Online;0;0;0;106.0;0;1
INN15493;2;1;2;1;Meal Plan 1;0;Room_Type 1;68;2018;7;24;Online;0;0;0;121.5;0;1
INN17428;1;0;1;0;Meal Plan 1;0;Room_Type 1;0;2018;6;27;Offline;0;0;0;106.4;0;0
INN34955;3;0;0;4;Meal Plan 1;0;Room_Type 4;99;2018;8;24;Online;0;0;0;150.3;0;1
INN22936;2;1;0;3;Meal Plan 1;0;Room_Type 1;79;2018;12;15;Online;0;0;0;109.8;2;0
INN19543;2;0;0;1;Meal Plan 1;0;Room_Type 1;0;2018;2;18;Online;0;0;0;91.0;0;0
INN34357;2;0;1;3;Meal Plan 2;0;Room_Type 1;99;2018;7;18;Online;0;0;0;141.75;2;0
INN17411;2;0;2;2;Meal Plan 1;0;Room_Type 4;70;2018;4;16;Online;0;0;0;107.95;2;0
INN12144;1;0;0;1;Meal Plan 1;0;Room_Type 4;7;2018;9;13;Online;0;0;0;184.0;2;0
INN03566;2;0;0;2;Not Selected;0;Room_Type 1;22;2018;7;6;Online;0;0;0;139.0;1;0
INN19001;2;0;2;2;Meal Plan 1;0;Room_Type 1;157;2018;8;28;Offline;0;0;0;80.75;2;0
INN08972;2;0;1;3;Meal Plan 1;0;Room_Type 1;285;2018;10;3;Offline;0;0;0;100.0;0;1
INN17019;2;0;1;0;Not Selected;0;Room_Type 1;1;2018;8;7;Online;0;0;0;98.0;0;0
INN11582;2;0;2;3;Meal Plan 1;0;Room_Type 1;19;2018;2;19;Online;0;0;0;93.0;2;0
INN34663;2;0;2;3;Meal Plan 1;0;Room_Type 1;8;2018;11;27;Online;0;0;0;65.54;0;1
INN16518;2;0;0;2;Meal Plan 2;0;Room_Type 1;377;2018;10;14;Offline;0;0;0;115.0;1;1
INN27175;2;0;2;1;Meal Plan 1;0;Room_Type 1;58;2018;4;24;Online;0;0;0;81.08;0;0
INN05965;1;0;0;3;Meal Plan 1;0;Room_Type 1;37;2018;10;13;Offline;0;0;0;95.0;0;0
INN09094;2;0;0;2;Not Selected;0;Room_Type 1;70;2018;10;18;Online;0;0;0;97.2;2;0
INN16729;2;0;1;5;Meal Plan 2;0;Room_Type 1;21;2018;1;4;Offline;0;0;0;92.0;0;0
INN20125;1;0;0;3;Meal Plan 1;0;Room_Type 1;166;2018;11;1;Offline;0;0;0;110.0;0;1
INN32843;3;0;2;3;Meal Plan 1;0;Room_Type 4;39;2018;4;24;Online;0;0;0;138.06;1;1
INN19373;1;0;0;4;Meal Plan 1;0;Room_Type 1;34;2018;8;30;Online;0;0;0;104.4;1;0
INN10210;3;0;0;5;Meal Plan 1;0;Room_Type 4;107;2018;6;28;Online;0;0;0;146.7;2;0
INN16100;2;1;1;1;Meal Plan 1;0;Room_Type 1;0;2018;1;30;Online;0;0;0;110.5;2;0
INN08900;2;0;2;3;Meal Plan 1;0;Room_Type 1;276;2018;5;13;Offline;0;0;0;61.0;0;1
INN25976;2;0;0;3;Not Selected;0;Room_Type 1;25;2018;10;20;Online;0;0;0;119.0;1;0
INN34783;2;0;0;3;Meal Plan 1;0;Room_Type 1;50;2018;1;14;Offline;0;0;0;52.0;1;0
INN16960;2;0;2;5;Not Selected;0;Room_Type 1;173;2018;7;8;Online;0;0;0;80.75;0;1
INN35704;1;0;0;2;Meal Plan 1;0;Room_Type 1;192;2018;6;24;Offline;0;0;0;95.0;0;0
INN18326;2;0;0;1;Meal Plan 2;0;Room_Type 4;19;2018;8;10;Online;0;0;0;204.0;1;0
INN24191;2;0;0;2;Meal Plan 1;0;Room_Type 1;0;2017;10;28;Complementary;1;0;5;0.0;1;0
INN08845;2;2;2;4;Meal Plan 2;0;Room_Type 6;47;2017;10;25;Offline;0;0;0;198.68;1;0
INN09199;2;0;2;0;Not Selected;0;Room_Type 1;22;2018;8;21;Online;0;0;0;139.0;1;1
INN11812;1;0;1;0;Meal Plan 1;0;Room_Type 1;7;2017;11;16;Online;0;0;0;91.0;2;0
INN24925;1;0;1;2;Meal Plan 1;0;Room_Type 1;114;2018;7;1;Offline;0;0;0;75.0;0;1
INN09398;1;0;0;1;Meal Plan 1;1;Room_Type 1;6;2018;11;16;Corporate;1;3;21;67.0;0;0
INN00709;1;0;0;2;Meal Plan 1;0;Room_Type 1;188;2018;6;15;Online;0;0;0;130.0;0;1
INN05043;2;0;0;2;Meal Plan 1;0;Room_Type 1;35;2017;9;18;Online;0;0;0;145.35;1;0
INN11390;2;0;0;5;Meal Plan 1;0;Room_Type 1;140;2017;12;29;Offline;0;0;0;70.0;0;0
INN18362;2;0;1;0;Not Selected;0;Room_Type 1;49;2018;7;11;Online;0;0;0;93.15;0;1
INN14194;2;0;0;3;Meal Plan 1;0;Room_Type 1;304;2018;11;3;Offline;0;0;0;89.0;0;1
INN15810;2;0;2;1;Meal Plan 2;0;Room_Type 1;117;2017;8;1;Offline;0;0;0;94.5;0;1
INN08085;1;0;0;2;Meal Plan 1;0;Room_Type 1;164;2017;10;2;Offline;0;0;0;100.0;0;0
INN28419;2;0;1;2;Not Selected;0;Room_Type 1;30;2018;11;11;Online;0;0;0;87.27;0;0
INN07704;1;0;0;2;Meal Plan 1;0;Room_Type 1;64;2018;5;17;Corporate;0;0;0;130.0;0;0
INN32180;3;0;2;3;Meal Plan 1;0;Room_Type 4;55;2018;5;12;Online;0;0;0;150.45;2;0
INN31341;2;0;1;3;Meal Plan 1;0;Room_Type 2;93;2018;4;4;Online;0;0;0;73.74;0;0
INN09953;2;0;1;2;Meal Plan 1;0;Room_Type 4;25;2017;10;19;Offline;0;0;0;75.0;0;0
INN28067;2;0;0;3;Meal Plan 1;0;Room_Type 1;37;2018;10;13;Offline;0;0;0;105.0;0;0
INN28891;2;0;0;2;Meal Plan 1;0;Room_Type 1;165;2018;10;20;Online;0;0;0;118.8;2;1
INN09806;1;0;0;2;Meal Plan 1;0;Room_Type 1;64;2018;5;17;Corporate;0;0;0;130.0;0;0
INN16222;2;0;2;2;Meal Plan 1;0;Room_Type 1;17;2018;10;7;Online;0;0;0;117.04;1;0
INN01937;1;0;0;3;Meal Plan 1;0;Room_Type 1;58;2018;1;27;Offline;0;0;0;81.0;0;0
INN16042;2;0;0;4;Meal Plan 1;0;Room_Type 1;333;2018;12;21;Online;0;0;0;73.95;0;1
INN09467;1;0;0;2;Meal Plan 1;0;Room_Type 2;132;2018;8;30;Online;0;0;0;70.56;0;0
INN19471;2;1;0;1;Meal Plan 1;0;Room_Type 6;1;2018;2;19;Online;0;0;0;173.0;0;0
INN02758;2;0;0;4;Meal Plan 1;0;Room_Type 1;20;2017;9;2;Online;0;0;0;80.85;2;0
INN09522;1;0;0;3;Meal Plan 1;0;Room_Type 1;0;2018;2;23;Corporate;0;0;0;66.0;0;0
INN05773;1;0;2;5;Meal Plan 1;0;Room_Type 1;93;2018;7;3;Online;0;0;0;108.9;0;1
INN26251;1;0;0;2;Meal Plan 1;0;Room_Type 1;0;2017;9;23;Online;0;0;0;158.0;2;0
INN29785;2;0;0;2;Not Selected;0;Room_Type 1;66;2018;9;2;Online;0;0;0;87.3;2;0
INN05124;2;0;2;7;Not Selected;0;Room_Type 1;4;2017;12;31;Online;0;0;0;90.78;2;0
INN07489;2;0;0;1;Meal Plan 1;0;Room_Type 4;16;2018;9;22;Online;0;0;0;184.0;1;0
INN26947;2;0;0;4;Meal Plan 1;1;Room_Type 4;19;2018;7;5;Online;0;0;0;175.0;2;0
INN03564;2;0;0;3;Meal Plan 1;0;Room_Type 1;279;2018;10;12;Online;0;0;0;110.0;0;1
INN02290;2;0;0;3;Meal Plan 1;0;Room_Type 4;14;2018;4;7;Online;0;0;0;126.0;0;1
INN29295;2;1;0;2;Meal Plan 1;1;Room_Type 4;12;2018;8;24;Online;0;0;0;164.0;3;0
INN09010;2;0;0;2;Meal Plan 1;0;Room_Type 4;7;2018;2;12;Online;0;0;0;106.0;0;1
INN32153;1;0;1;2;Meal Plan 1;0;Room_Type 1;0;2018;3;14;Corporate;0;0;0;79.0;0;0
INN02994;2;1;1;3;Meal Plan 1;0;Room_Type 4;26;2017;10;19;Offline;0;0;0;90.0;2;0
INN21044;2;0;2;1;Meal Plan 1;0;Room_Type 4;34;2017;11;1;Offline;0;0;0;60.0;0;0
INN29535;2;0;1;2;Meal Plan 1;0;Room_Type 4;83;2018;12;26;Online;0;0;0;111.6;1;0
INN04728;1;0;2;4;Meal Plan 1;0;Room_Type 1;245;2018;7;6;Online;0;0;0;110.0;0;1
INN17966;2;0;1;2;Meal Plan 1;0;Room_Type 4;117;2018;10;24;Offline;0;0;0;90.95;0;0
INN24020;2;0;0;1;Meal Plan 1;0;Room_Type 4;19;2018;12;30;Online;0;0;0;148.0;0;0
INN27699;3;0;1;1;Meal Plan 1;0;Room_Type 4;17;2018;7;11;Online;0;0;0;187.0;0;0
INN20484;2;0;1;1;Meal Plan 1;0;Room_Type 1;40;2017;10;5;Offline;0;0;0;70.0;0;0
INN25579;2;0;1;2;Meal Plan 1;0;Room_Type 1;20;2018;11;14;Offline;0;0;0;80.0;0;0
INN25680;2;0;1;1;Meal Plan 2;0;Room_Type 1;88;2017;10;5;Offline;0;0;0;112.2;0;0
INN05686;2;0;2;1;Meal Plan 1;0;Room_Type 4;2;2017;9;20;Offline;0;0;0;75.0;0;0
INN20264;2;0;0;1;Meal Plan 1;0;Room_Type 1;45;2018;10;20;Online;0;0;0;107.1;2;0
INN08441;2;0;1;2;Meal Plan 1;0;Room_Type 1;418;2018;9;26;Offline;0;0;0;75.0;0;1
INN01766;2;0;2;2;Meal Plan 1;0;Room_Type 1;8;2017;11;6;Online;0;0;0;104.5;1;0
INN22550;2;0;0;2;Meal Plan 1;0;Room_Type 1;11;2018;6;17;Online;0;0;0;141.0;1;1
INN34812;2;0;0;3;Meal Plan 1;0;Room_Type 1;274;2018;8;9;Online;0;0;0;107.0;2;1
INN21259;2;1;2;2;Meal Plan 2;0;Room_Type 6;22;2017;12;26;Offline;0;0;0;134.78;0;0
INN09546;2;2;1;3;Meal Plan 1;0;Room_Type 6;47;2018;8;22;Online;0;0;0;207.9;1;1
INN09779;2;0;0;1;Meal Plan 1;0;Room_Type 1;43;2018;9;9;Online;0;0;0;135.9;2;0
INN03693;2;0;0;2;Meal Plan 2;0;Room_Type 1;377;2018;10;14;Online;0;0;0;115.0;1;1
INN22469;2;0;2;2;Meal Plan 1;0;Room_Type 2;45;2017;10;24;Online;0;0;0;76.77;0;0
INN14420;1;0;0;2;Meal Plan 2;0;Room_Type 1;102;2017;10;16;Offline;0;0;0;80.0;0;1
INN14088;2;0;1;3;Meal Plan 1;0;Room_Type 1;157;2018;7;7;Offline;0;0;0;72.25;0;0
INN15018;2;0;2;2;Not Selected;0;Room_Type 1;47;2018;6;19;Online;0;0;0;70.12;1;0
INN26132;2;0;0;2;Meal Plan 1;0;Room_Type 4;195;2018;8;30;Online;0;0;0;109.8;0;1
INN15121;2;0;0;2;Meal Plan 2;0;Room_Type 1;86;2017;9;24;Offline;0;0;0;120.0;0;0
INN26359;2;0;0;3;Not Selected;0;Room_Type 1;128;2018;7;7;Online;0;0;0;103.5;0;1
INN01320;2;0;2;5;Meal Plan 1;0;Room_Type 1;113;2018;11;27;Online;0;0;0;85.0;2;0
INN12696;2;0;2;1;Not Selected;0;Room_Type 1;8;2017;12;27;Online;0;0;0;77.92;0;0
INN16516;2;0;1;2;Meal Plan 1;0;Room_Type 1;94;2018;10;7;Online;0;0;0;118.8;0;1
INN17203;2;0;1;3;Meal Plan 2;0;Room_Type 1;13;2018;2;29;Online;0;0;0;107.8;0;0
INN32716;2;0;0;2;Meal Plan 1;1;Room_Type 1;18;2018;6;8;Online;0;0;0;121.0;2;0
INN16532;2;0;1;3;Meal Plan 1;0;Room_Type 1;43;2018;3;14;Online;0;0;0;81.9;1;0
INN18791;2;0;1;1;Meal Plan 1;0;Room_Type 1;1;2018;12;24;Online;0;0;0;71.69;1;0
INN20538;2;0;0;2;Meal Plan 1;0;Room_Type 1;211;2018;5;20;Offline;0;0;0;100.0;0;1
INN28441;2;0;2;5;Meal Plan 1;0;Room_Type 1;118;2018;9;3;Offline;0;0;0;99.28;0;0
INN22922;2;0;2;3;Meal Plan 1;0;Room_Type 4;256;2018;10;16;Online;0;0;0;103.7;0;1
INN20782;3;0;0;3;Meal Plan 1;0;Room_Type 4;176;2018;8;9;Online;0;0;0;137.7;2;1
INN16920;1;0;0;2;Meal Plan 1;0;Room_Type 1;2;2018;1;12;Online;1;11;4;82.9;1;0
INN14169;2;0;2;1;Meal Plan 2;0;Room_Type 1;117;2017;8;1;Offline;0;0;0;94.5;0;1
INN11536;2;0;1;2;Meal Plan 1;0;Room_Type 1;29;2018;3;4;Offline;0;0;0;87.0;0;0
INN12352;3;0;2;4;Meal Plan 1;0;Room_Type 1;143;2018;7;28;Online;0;0;0;132.88;1;0
INN35473;1;0;0;0;Meal Plan 1;0;Room_Type 1;7;2018;2;15;Online;0;0;0;0.0;0;0
INN07287;1;0;0;2;Meal Plan 1;0;Room_Type 1;69;2018;3;31;Online;0;0;0;76.5;1;0
INN04022;2;0;2;2;Meal Plan 1;0;Room_Type 4;69;2018;4;17;Online;0;0;0;110.08;2;0
INN11802;3;0;1;0;Meal Plan 1;0;Room_Type 4;16;2018;4;17;Online;0;0;0;137.0;2;0
INN26603;2;0;2;3;Meal Plan 2;0;Room_Type 1;137;2018;12;24;Online;0;0;0;146.1;2;0
INN12792;1;0;1;1;Meal Plan 1;0;Room_Type 1;4;2018;4;18;Online;0;0;0;73.92;1;0
INN24627;2;0;1;2;Meal Plan 1;0;Room_Type 1;190;2018;11;14;Online;0;0;0;81.9;1;0
INN28757;1;0;2;2;Meal Plan 1;0;Room_Type 1;3;2017;11;29;Corporate;1;2;12;65.0;0;0
INN23783;2;0;0;5;Meal Plan 1;0;Room_Type 4;190;2018;8;9;Offline;0;0;0;84.25;0;0
INN36093;2;0;0;1;Meal Plan 1;0;Room_Type 1;13;2018;4;8;Online;0;0;0;101.0;1;0
INN06479;2;0;0;3;Meal Plan 1;0;Room_Type 1;105;2018;10;12;Offline;0;0;0;75.0;0;0
INN15993;2;0;1;1;Meal Plan 1;0;Room_Type 1;32;2018;6;20;Online;0;0;0;103.35;1;0
INN15162;2;0;0;1;Not Selected;0;Room_Type 1;0;2018;3;26;Online;0;0;0;89.0;1;0
INN01028;2;0;0;1;Not Selected;0;Room_Type 1;0;2018;3;29;Online;0;0;0;89.0;0;0
INN17830;2;0;0;2;Meal Plan 1;0;Room_Type 1;31;2018;5;24;Online;0;0;0;108.9;1;0
INN25978;1;0;0;2;Meal Plan 1;0;Room_Type 1;32;2017;11;20;Offline;0;0;0;73.0;0;0
INN16022;3;0;4;5;Meal Plan 2;0;Room_Type 4;114;2018;7;17;Online;0;0;0;191.0;0;1
INN33566;2;0;2;0;Meal Plan 1;0;Room_Type 1;3;2018;12;4;Offline;0;0;0;89.0;0;0
INN16061;2;0;1;1;Meal Plan 1;0;Room_Type 1;169;2018;8;22;Online;0;0;0;105.3;1;1
INN03582;2;0;1;2;Meal Plan 1;0;Room_Type 1;188;2018;11;21;Offline;0;0;0;61.88;0;0
INN06119;2;0;0;1;Meal Plan 1;0;Room_Type 4;54;2018;9;30;Online;0;0;0;132.3;1;0
INN10030;2;0;1;3;Meal Plan 1;0;Room_Type 1;76;2018;6;27;Online;0;0;0;109.8;1;0
INN34939;3;0;2;2;Meal Plan 1;0;Room_Type 4;50;2018;7;10;Online;0;0;0;142.2;0;0
INN31245;2;1;1;2;Meal Plan 1;0;Room_Type 1;150;2018;10;3;Online;0;0;0;135.0;2;0
INN33753;1;0;1;2;Meal Plan 1;0;Room_Type 4;56;2018;11;7;Online;0;0;0;209.0;2;0
INN09002;2;0;1;2;Meal Plan 1;0;Room_Type 1;168;2018;4;22;Offline;0;0;0;85.0;0;1
INN11206;1;0;0;3;Meal Plan 1;0;Room_Type 1;5;2018;3;8;Corporate;0;0;0;66.0;0;0
INN30623;2;0;2;2;Meal Plan 1;0;Room_Type 1;72;2018;11;18;Online;0;0;0;70.72;0;0
INN09707;2;0;1;1;Meal Plan 1;0;Room_Type 5;28;2018;10;8;Online;0;0;0;171.87;0;0
INN20678;1;0;0;3;Meal Plan 1;0;Room_Type 1;214;2018;8;11;Online;0;0;0;90.9;1;1
INN28153;2;1;0;2;Meal Plan 1;0;Room_Type 1;151;2018;12;30;Online;0;0;0;143.38;1;1
INN27727;2;0;0;3;Meal Plan 1;0;Room_Type 6;159;2018;5;26;Online;0;0;0;198.9;0;1
INN05575;1;0;2;7;Meal Plan 1;0;Room_Type 1;3;2017;12;22;Online;0;0;0;67.5;0;0
INN21968;2;0;1;2;Not Selected;0;Room_Type 1;87;2018;4;4;Online;0;0;0;79.5;1;0
INN04104;1;0;1;1;Meal Plan 1;0;Room_Type 1;18;2018;2;20;Online;0;0;0;86.0;1;0
INN19021;2;0;2;0;Not Selected;0;Room_Type 1;150;2018;10;30;Online;0;0;0;80.1;0;1
INN34463;2;0;0;4;Meal Plan 1;0;Room_Type 4;4;2018;5;31;Online;0;0;0;132.08;1;0
INN03462;2;0;2;3;Meal Plan 1;0;Room_Type 1;47;2018;7;1;Online;0;0;0;117.9;1;0
INN20021;2;0;0;4;Meal Plan 1;0;Room_Type 1;122;2018;5;3;Online;0;0;0;99.45;0;0
INN23306;2;0;2;5;Meal Plan 1;0;Room_Type 4;151;2018;6;16;Online;0;0;0;119.97;0;1
INN09883;2;1;2;1;Meal Plan 1;0;Room_Type 1;6;2018;12;18;Online;0;0;0;116.0;2;0
INN34702;2;0;0;2;Meal Plan 1;0;Room_Type 1;86;2017;9;24;Offline;0;0;0;105.0;0;0
INN32894;2;0;0;2;Meal Plan 1;0;Room_Type 1;211;2018;5;20;Offline;0;0;0;100.0;0;1
INN31803;2;2;1;4;Meal Plan 1;0;Room_Type 2;41;2018;2;22;Online;0;0;0;139.5;0;0
INN26331;2;0;0;2;Meal Plan 1;0;Room_Type 1;65;2017;12;30;Online;0;0;0;113.4;1;0
INN29041;1;0;2;2;Meal Plan 1;0;Room_Type 1;116;2018;2;28;Offline;0;0;0;61.0;0;1
INN26964;1;0;0;2;Meal Plan 1;0;Room_Type 1;12;2018;6;14;Corporate;1;0;5;65.0;1;0
INN25879;2;0;2;3;Meal Plan 1;0;Room_Type 4;29;2018;3;5;Online;0;0;0;101.52;2;0
INN04040;1;0;2;3;Meal Plan 1;0;Room_Type 1;269;2018;12;29;Offline;0;0;0;70.0;0;0
INN28340;2;1;2;2;Meal Plan 1;0;Room_Type 1;42;2018;3;20;Online;0;0;0;113.6;0;1
INN18804;3;0;2;2;Meal Plan 1;0;Room_Type 4;12;2018;6;19;Online;0;0;0;177.0;2;0
INN28790;2;0;0;2;Not Selected;0;Room_Type 1;152;2018;7;27;Online;0;0;0;94.5;1;0
INN29495;1;0;2;0;Meal Plan 1;0;Room_Type 1;4;2018;4;10;Online;0;0;0;103.0;0;0
INN02513;2;0;0;1;Not Selected;0;Room_Type 1;73;2018;11;26;Online;0;0;0;88.0;0;1
INN01627;1;0;2;6;Meal Plan 1;0;Room_Type 1;7;2018;11;2;Corporate;1;5;50;65.0;0;0
INN04291;2;0;0;3;Not Selected;0;Room_Type 1;57;2018;11;1;Online;0;0;0;79.2;1;0
INN10345;3;0;0;1;Meal Plan 1;0;Room_Type 4;54;2018;9;1;Online;0;0;0;142.2;2;0
INN00797;1;0;0;1;Meal Plan 1;0;Room_Type 1;59;2018;5;19;Online;0;0;0;121.5;0;1
INN26364;2;0;0;3;Not Selected;0;Room_Type 1;44;2018;10;20;Online;0;0;0;113.7;1;0
INN10288;2;0;2;2;Meal Plan 1;0;Room_Type 4;24;2018;5;29;Online;0;0;0;117.3;1;0
INN32869;2;0;0;2;Meal Plan 1;0;Room_Type 1;192;2018;6;24;Offline;0;0;0;110.0;0;1
INN24400;2;1;1;5;Meal Plan 1;0;Room_Type 1;153;2018;8;9;Online;0;0;0;123.25;1;1
INN20295;3;0;1;2;Meal Plan 1;0;Room_Type 1;81;2018;3;25;Offline;0;0;0;94.0;0;0
INN16033;1;0;0;2;Meal Plan 2;0;Room_Type 1;346;2018;9;13;Offline;0;0;0;90.0;0;1
INN15388;1;0;0;3;Meal Plan 1;0;Room_Type 1;37;2018;10;13;Offline;0;0;0;95.0;0;0
INN13015;2;0;0;1;Meal Plan 1;0;Room_Type 1;14;2018;6;8;Online;0;0;0;121.0;1;0
INN08039;2;0;1;2;Not Selected;0;Room_Type 1;30;2018;11;11;Online;0;0;0;87.27;0;0
INN09361;2;0;2;4;Meal Plan 1;0;Room_Type 1;34;2018;1;31;Offline;0;0;0;50.33;0;0
INN14722;2;0;2;1;Not Selected;0;Room_Type 1;12;2018;7;10;Online;0;0;0;139.0;1;0
INN21348;1;0;0;3;Meal Plan 1;0;Room_Type 1;308;2018;11;23;Online;0;0;0;78.3;2;1
INN06697;2;0;1;2;Meal Plan 1;0;Room_Type 1;205;2018;9;5;Online;0;0;0;126.9;2;1
INN31064;2;0;0;4;Meal Plan 2;0;Room_Type 1;1;2017;8;18;Offline;0;0;0;109.8;0;0
INN04457;2;0;0;2;Not Selected;0;Room_Type 1;30;2018;5;24;Online;0;0;0;98.1;1;1
INN26217;1;0;1;1;Meal Plan 1;0;Room_Type 1;17;2018;10;3;Corporate;0;0;0;95.0;0;0
INN14347;1;0;0;2;Not Selected;0;Room_Type 1;33;2018;5;3;Online;0;0;0;111.6;1;0
INN06348;2;0;1;3;Meal Plan 1;0;Room_Type 1;26;2018;9;5;Online;0;0;0;127.2;0;1
INN00740;2;0;1;2;Meal Plan 1;0;Room_Type 1;128;2018;3;18;Online;0;0;0;67.22;0;0
INN31727;1;0;2;1;Meal Plan 1;0;Room_Type 1;1;2018;2;28;Offline;0;0;0;60.0;0;1
INN04254;2;0;1;3;Meal Plan 1;0;Room_Type 1;65;2018;5;9;Online;0;0;0;119.85;1;0
INN16698;1;0;0;1;Meal Plan 1;0;Room_Type 1;1;2017;9;1;Complementary;1;0;2;0.0;1;0
INN32042;2;0;1;0;Not Selected;0;Room_Type 1;50;2018;2;29;Online;0;0;0;76.5;0;1
INN27909;2;0;2;1;Meal Plan 1;0;Room_Type 4;48;2018;11;5;Online;0;0;0;131.72;2;0
INN17313;2;0;1;2;Meal Plan 1;0;Room_Type 1;305;2018;11;4;Offline;0;0;0;89.0;0;1
INN07562;2;0;2;1;Not Selected;0;Room_Type 1;174;2018;8;7;Online;0;0;0;103.5;1;1
INN13402;1;0;0;1;Meal Plan 1;0;Room_Type 1;3;2018;3;3;Online;0;0;0;95.0;0;0
INN33793;1;0;1;0;Meal Plan 1;0;Room_Type 1;19;2018;9;12;Online;0;0;0;99.0;2;0
INN21073;2;0;0;3;Meal Plan 1;0;Room_Type 1;50;2018;1;14;Offline;0;0;0;52.0;2;0
INN21304;2;0;2;0;Meal Plan 1;0;Room_Type 1;7;2018;12;4;Online;0;0;0;104.0;2;0
INN33943;2;0;0;3;Meal Plan 2;0;Room_Type 1;34;2017;9;23;Offline;0;0;0;224.67;0;1
INN35511;2;0;0;1;Meal Plan 1;0;Room_Type 4;0;2018;2;13;Online;0;0;0;106.0;0;0
INN29365;2;0;2;3;Meal Plan 1;0;Room_Type 1;192;2017;9;25;Offline;0;0;0;102.0;0;1
INN08516;2;1;0;2;Meal Plan 1;0;Room_Type 1;138;2018;7;14;Online;0;0;0;121.5;1;0
INN22875;1;0;2;3;Meal Plan 1;0;Room_Type 1;4;2017;8;23;Online;0;0;0;80.0;0;1
INN08341;1;0;0;1;Meal Plan 1;0;Room_Type 1;15;2018;6;14;Online;0;0;0;95.0;1;0
INN02150;3;0;1;1;Meal Plan 1;0;Room_Type 4;212;2018;10;17;Online;0;0;0;128.7;0;1
INN14790;2;0;2;6;Meal Plan 1;0;Room_Type 4;9;2018;1;16;Online;0;0;0;61.5;0;0
INN23484;2;0;1;2;Meal Plan 1;0;Room_Type 1;302;2018;9;16;Offline;0;0;0;100.0;0;1
INN15568;2;0;0;2;Meal Plan 1;0;Room_Type 4;35;2018;10;7;Online;0;0;0;157.5;1;0
INN21855;2;0;0;1;Meal Plan 1;0;Room_Type 1;14;2018;12;28;Online;0;0;0;138.0;1;0
INN20655;3;0;0;2;Meal Plan 1;0;Room_Type 4;59;2018;9;1;Online;0;0;0;142.2;0;0
INN05884;2;0;1;1;Meal Plan 1;0;Room_Type 1;152;2018;7;11;Online;0;0;0;99.0;2;0
INN08131;2;0;1;0;Meal Plan 1;0;Room_Type 1;18;2018;7;3;Online;0;0;0;151.0;1;0
INN25977;2;0;0;1;Meal Plan 1;0;Room_Type 4;5;2018;9;7;Online;0;0;0;184.0;2;0
INN00321;3;0;1;2;Meal Plan 1;0;Room_Type 4;27;2018;2;22;Online;0;0;0;130.0;2;0
INN01069;2;0;1;2;Meal Plan 1;0;Room_Type 1;0;2018;5;9;Online;0;0;0;103.0;1;0
INN16147;2;0;0;1;Meal Plan 2;0;Room_Type 1;94;2018;7;28;Online;0;0;0;139.5;0;0
INN33059;2;0;2;2;Not Selected;0;Room_Type 1;117;2018;5;13;Online;0;0;0;99.45;1;0
INN27802;2;0;1;2;Meal Plan 1;0;Room_Type 1;23;2018;11;25;Online;0;0;0;104.0;1;0
INN35225;2;2;0;1;Meal Plan 1;0;Room_Type 6;1;2018;11;25;Online;0;0;0;181.0;2;0
INN19887;1;0;1;0;Not Selected;0;Room_Type 1;0;2018;5;16;Online;0;0;0;65.14;0;0
INN18148;2;0;2;5;Meal Plan 1;0;Room_Type 1;72;2017;7;22;Online;0;0;0;76.5;0;1
INN18030;3;0;2;3;Meal Plan 1;1;Room_Type 4;161;2018;8;14;Online;0;0;0;145.85;2;1
INN34327;2;0;0;3;Meal Plan 2;0;Room_Type 1;203;2018;12;8;Online;0;0;0;112.5;0;0
INN23915;2;0;1;2;Meal Plan 1;0;Room_Type 1;10;2018;3;14;Offline;0;0;0;80.0;0;0
INN17755;2;0;0;1;Meal Plan 1;0;Room_Type 1;0;2017;10;31;Online;0;0;0;107.0;1;0
INN22568;2;0;0;3;Meal Plan 1;0;Room_Type 1;280;2018;12;6;Online;0;0;0;78.3;2;1
INN34388;2;0;2;1;Not Selected;0;Room_Type 1;13;2017;11;15;Online;0;0;0;85.0;1;0
INN24928;2;0;2;5;Meal Plan 1;0;Room_Type 1;277;2018;9;5;Offline;0;0;0;80.0;0;1
INN10370;2;0;1;3;Meal Plan 1;0;Room_Type 4;61;2017;10;19;Online;0;0;0;78.54;2;0
INN25379;2;0;2;2;Meal Plan 1;0;Room_Type 4;5;2017;9;19;Online;0;0;0;140.75;2;0
INN05020;2;0;1;2;Meal Plan 2;0;Room_Type 1;315;2018;9;30;Online;0;0;0;160.0;0;1
INN18736;2;0;1;3;Meal Plan 2;0;Room_Type 1;210;2017;10;8;Offline;0;0;0;86.0;0;1
INN21706;2;0;1;1;Meal Plan 1;0;Room_Type 1;45;2018;1;23;Online;0;0;0;79.8;0;0
INN27571;2;0;2;0;Not Selected;0;Room_Type 1;19;2018;9;11;Online;0;0;0;65.1;1;1
INN01967;2;0;1;4;Meal Plan 1;0;Room_Type 4;5;2018;8;22;Online;0;0;0;155.0;2;0
INN00418;1;0;0;1;Meal Plan 1;0;Room_Type 1;5;2018;4;5;Corporate;1;0;1;89.0;1;0
INN34143;1;0;0;1;Meal Plan 1;0;Room_Type 1;8;2017;10;6;Complementary;0;0;0;0.0;0;0
INN06924;2;0;1;2;Meal Plan 1;0;Room_Type 5;15;2018;2;5;Corporate;0;0;0;97.0;0;0
INN12395;2;0;0;1;Meal Plan 2;0;Room_Type 1;6;2018;12;24;Online;0;0;0;135.5;1;0
INN35365;3;0;2;2;Meal Plan 1;0;Room_Type 4;102;2018;12;2;Online;0;0;0;119.0;1;1
INN14402;1;0;0;2;Meal Plan 1;0;Room_Type 1;103;2018;4;19;Offline;0;0;0;115.0;0;1
INN12855;2;0;0;2;Meal Plan 1;0;Room_Type 4;28;2017;9;10;Offline;0;0;0;97.0;0;0
INN23637;2;0;0;3;Meal Plan 1;0;Room_Type 4;17;2017;10;15;Online;0;0;0;104.11;1;0
INN06867;2;2;2;5;Meal Plan 2;0;Room_Type 6;71;2018;4;3;Online;0;0;0;203.76;0;1
INN14797;2;0;0;1;Meal Plan 1;0;Room_Type 1;159;2018;2;13;Offline;0;0;0;70.0;0;0
INN26847;2;0;0;3;Meal Plan 1;0;Room_Type 1;162;2017;9;17;Offline;0;0;0;70.0;1;0
INN08428;2;0;0;3;Meal Plan 1;0;Room_Type 1;104;2018;6;9;Online;0;0;0;126.9;0;1
INN35414;1;0;1;1;Meal Plan 1;0;Room_Type 1;3;2017;11;16;Complementary;0;0;0;0.0;0;0
INN04770;2;0;0;2;Meal Plan 2;0;Room_Type 1;74;2017;9;18;Offline;0;0;0;109.0;0;0
INN12184;2;0;1;2;Meal Plan 1;0;Room_Type 1;114;2017;7;27;Online;0;0;0;76.5;2;0
INN02616;2;0;1;0;Meal Plan 1;0;Room_Type 1;7;2017;9;7;Online;0;0;0;124.0;1;1
INN31037;2;0;1;3;Meal Plan 1;0;Room_Type 1;53;2018;4;11;Online;0;0;0;76.58;1;0
INN29984;2;0;0;2;Meal Plan 1;0;Room_Type 4;144;2018;5;6;Online;0;0;0;114.3;1;1
INN22056;1;0;0;2;Meal Plan 1;0;Room_Type 1;181;2018;10;11;Offline;0;0;0;250.0;0;1
INN28223;2;0;2;2;Meal Plan 1;0;Room_Type 1;88;2018;12;2;Online;0;0;0;54.09;0;0
INN28984;2;0;0;2;Meal Plan 2;0;Room_Type 1;377;2018;10;14;Offline;0;0;0;115.0;1;1
INN19248;2;0;0;1;Meal Plan 1;0;Room_Type 1;0;2018;3;16;Online;0;0;0;109.0;0;0
INN28398;2;0;0;1;Not Selected;1;Room_Type 1;65;2018;3;10;Online;0;0;0;76.5;0;0
INN34697;2;0;2;3;Meal Plan 1;0;Room_Type 4;192;2018;7;23;Online;0;0;0;99.45;0;1
INN25517;1;0;0;2;Meal Plan 1;0;Room_Type 1;0;2018;1;13;Complementary;1;0;13;0.0;2;0
INN31195;2;0;2;1;Not Selected;0;Room_Type 1;7;2018;10;29;Online;0;0;0;126.67;1;1
INN12240;3;0;1;3;Meal Plan 1;0;Room_Type 4;89;2018;7;18;Online;0;0;0;139.95;1;1
INN06546;2;2;2;3;Meal Plan 1;0;Room_Type 1;67;2017;7;10;Offline;0;0;0;106.25;0;0
INN07028;1;0;0;1;Meal Plan 1;0;Room_Type 1;9;2017;12;10;Corporate;1;0;3;65.0;0;0
INN22240;1;0;1;0;Meal Plan 1;0;Room_Type 1;111;2018;10;10;Offline;0;0;0;120.0;0;1
INN04872;2;0;0;2;Meal Plan 1;0;Room_Type 1;3;2017;9;4;Online;0;0;0;143.0;1;0
INN07474;1;0;1;1;Meal Plan 1;0;Room_Type 1;4;2018;5;23;Offline;0;0;0;90.0;1;0
INN33965;1;0;1;2;Meal Plan 1;0;Room_Type 1;118;2018;6;6;Offline;0;0;0;110.0;0;0
INN29828;1;0;0;1;Meal Plan 1;0;Room_Type 1;0;2018;4;28;Offline;0;0;0;45.0;2;0
INN07134;2;0;1;5;Meal Plan 1;0;Room_Type 4;64;2018;9;6;Online;0;0;0;136.8;0;1
INN04730;3;0;0;1;Meal Plan 1;0;Room_Type 4;1;2018;5;20;Online;0;0;0;197.0;0;0
INN13654;2;0;2;0;Not Selected;0;Room_Type 1;7;2018;6;26;Online;0;0;0;82.66;1;0
INN00109;2;0;0;1;Not Selected;0;Room_Type 1;12;2018;6;30;Online;0;0;0;101.68;1;0
INN03873;2;0;1;2;Not Selected;0;Room_Type 1;4;2018;7;8;Online;0;0;0;139.0;1;0
INN25107;3;0;4;5;Meal Plan 2;0;Room_Type 4;114;2018;7;17;Online;0;0;0;191.0;0;1
INN31711;2;0;2;0;Not Selected;0;Room_Type 1;84;2018;11;20;Online;0;0;0;71.28;0;1
INN36161;2;0;1;1;Not Selected;0;Room_Type 1;24;2018;9;26;Online;0;0;0;107.1;0;1
INN06657;2;0;1;3;Meal Plan 1;0;Room_Type 4;94;2018;7;21;Online;0;0;0;123.3;0;0
INN35269;2;0;2;1;Meal Plan 2;0;Room_Type 1;122;2018;3;27;Offline;0;0;0;107.0;1;0
INN10027;2;0;1;4;Meal Plan 1;0;Room_Type 4;34;2018;4;4;Online;0;0;0;131.4;0;1
INN02538;2;0;1;1;Meal Plan 1;0;Room_Type 1;63;2017;10;10;Online;0;0;0;89.25;1;0
INN33742;1;0;0;1;Meal Plan 1;0;Room_Type 1;5;2018;8;24;Complementary;0;0;0;0.0;0;0
INN30368;1;0;2;1;Meal Plan 1;0;Room_Type 1;1;2018;2;28;Offline;0;0;0;60.0;0;1
INN01785;2;0;0;2;Meal Plan 1;0;Room_Type 1;86;2017;9;24;Offline;0;0;0;105.0;0;0
INN28297;2;0;0;3;Meal Plan 1;0;Room_Type 1;43;2018;11;1;Offline;0;0;0;75.0;0;0
INN30352;2;0;1;0;Meal Plan 1;0;Room_Type 1;0;2017;12;7;Complementary;0;0;0;0.0;1;0
INN08187;2;0;1;1;Meal Plan 1;0;Room_Type 1;32;2018;5;21;Online;0;0;0;117.9;1;1
INN26772;2;0;0;3;Meal Plan 1;0;Room_Type 5;34;2018;9;15;Online;0;0;0;152.8;0;0
INN34365;3;0;2;5;Meal Plan 2;0;Room_Type 4;81;2018;7;11;Online;0;0;0;190.29;0;0
INN17753;2;0;0;2;Meal Plan 1;0;Room_Type 1;215;2018;9;28;Online;0;0;0;97.71;0;1
INN11670;2;0;2;5;Meal Plan 1;0;Room_Type 4;76;2018;10;16;Offline;0;0;0;90.95;0;0
INN06058;2;0;1;3;Meal Plan 1;0;Room_Type 1;105;2018;9;29;Offline;0;0;0;96.9;5;0
INN35426;2;0;0;1;Meal Plan 1;0;Room_Type 1;3;2018;10;20;Offline;0;0;0;95.0;0;0
INN30908;1;0;0;2;Meal Plan 2;0;Room_Type 1;257;2017;7;1;Offline;0;0;0;80.0;0;0
INN09982;2;0;2;2;Meal Plan 1;0;Room_Type 4;110;2018;7;22;Online;0;0;0;121.05;0;0
INN02815;3;0;1;3;Meal Plan 1;0;Room_Type 4;15;2018;4;7;Online;0;0;0;148.5;2;0
INN22586;2;0;0;1;Meal Plan 1;0;Room_Type 1;0;2018;6;14;Online;0;0;0;111.0;1;0
INN07847;2;2;2;2;Meal Plan 1;1;Room_Type 6;192;2018;7;16;Online;0;0;0;176.95;1;1
INN35714;1;0;1;2;Not Selected;0;Room_Type 1;26;2018;12;5;Online;0;0;0;88.0;0;0
INN19602;3;0;2;0;Meal Plan 1;0;Room_Type 4;100;2018;7;3;Online;0;0;0;146.7;2;0
INN19830;2;0;1;1;Meal Plan 1;1;Room_Type 1;2;2018;2;6;Online;0;0;0;102.0;1;0
INN33933;2;1;1;1;Meal Plan 1;0;Room_Type 1;14;2018;5;30;Online;0;0;0;134.0;1;0
INN24863;2;0;1;0;Meal Plan 1;0;Room_Type 1;258;2018;10;16;Offline;0;0;0;110.0;0;1
INN05723;1;0;2;1;Meal Plan 1;0;Room_Type 1;34;2018;6;19;Online;0;0;0;81.0;0;1
INN18295;2;0;0;3;Meal Plan 1;0;Room_Type 4;26;2018;6;8;Online;0;0;0;163.67;0;1
INN24209;2;0;0;2;Not Selected;0;Room_Type 1;7;2018;4;22;Online;0;0;0;119.0;1;1
INN35683;2;0;2;5;Meal Plan 1;0;Room_Type 4;148;2018;8;16;Online;0;0;0;119.69;0;1
INN05487;3;0;0;2;Meal Plan 1;0;Room_Type 4;129;2018;8;25;Online;0;0;0;137.7;0;0
INN03883;2;0;2;4;Not Selected;0;Room_Type 1;71;2018;11;12;Online;0;0;0;77.0;2;0
INN34657;2;0;0;2;Meal Plan 1;0;Room_Type 1;122;2018;4;15;Offline;0;0;0;85.0;0;0
INN15730;1;0;2;0;Meal Plan 1;0;Room_Type 1;47;2018;10;2;Online;0;0;0;127.0;1;1
INN05927;1;0;0;3;Meal Plan 1;0;Room_Type 1;73;2017;11;24;Offline;0;0;0;67.83;0;0
INN04378;1;0;0;1;Meal Plan 1;0;Room_Type 1;8;2018;3;8;Corporate;0;0;0;80.0;0;0
INN27148;1;0;0;1;Meal Plan 1;0;Room_Type 1;1;2017;11;4;Corporate;1;0;2;65.0;0;0
INN28938;1;0;0;1;Meal Plan 1;0;Room_Type 4;20;2018;5;26;Aviation;0;0;0;110.0;0;1
INN25915;2;0;0;3;Meal Plan 1;0;Room_Type 1;77;2018;12;8;Offline;0;0;0;75.0;0;0
INN00544;2;0;2;3;Not Selected;0;Room_Type 1;117;2018;6;17;Online;0;0;0;105.74;1;0
INN18998;2;0;2;0;Meal Plan 1;0;Room_Type 4;68;2018;4;10;Online;0;0;0;118.8;0;1
INN32186;2;0;2;2;Not Selected;0;Room_Type 1;153;2018;10;16;Offline;0;0;0;72.25;1;0
INN04885;1;0;0;1;Meal Plan 1;0;Room_Type 1;0;2017;11;18;Complementary;1;1;7;0.0;0;0
INN05823;1;0;2;1;Meal Plan 1;0;Room_Type 1;116;2018;2;28;Online;0;0;0;61.0;0;1
INN14350;2;0;0;1;Meal Plan 1;0;Room_Type 4;2;2018;8;11;Online;0;0;0;185.0;2;0
INN07634;2;0;0;3;Meal Plan 1;0;Room_Type 4;58;2018;9;28;Online;0;0;0;152.7;1;0
INN17078;2;0;0;2;Meal Plan 2;0;Room_Type 1;286;2018;9;16;Offline;0;0;0;117.0;0;1
INN13249;1;0;0;2;Meal Plan 1;0;Room_Type 1;164;2017;10;2;Offline;0;0;0;100.0;0;0
INN17813;2;0;2;2;Meal Plan 1;0;Room_Type 4;220;2018;8;14;Online;0;0;0;108.45;0;1
INN31116;1;0;0;1;Not Selected;0;Room_Type 1;8;2018;10;27;Online;0;0;0;84.7;1;0
INN03282;2;0;2;3;Meal Plan 1;0;Room_Type 1;303;2018;8;19;Offline;0;0;0;78.0;1;0
INN28195;1;0;1;1;Meal Plan 1;0;Room_Type 1;15;2017;9;5;Online;0;0;0;73.15;1;0
INN20879;3;0;1;2;Meal Plan 1;0;Room_Type 1;150;2018;7;8;Offline;0;0;0;96.9;0;0
INN23373;3;0;1;4;Meal Plan 1;0;Room_Type 4;32;2018;11;14;Online;0;0;0;107.1;1;1
INN15831;1;0;2;3;Meal Plan 1;0;Room_Type 1;61;2018;11;6;Online;0;0;0;155.52;3;0
INN30401;2;0;1;2;Meal Plan 1;0;Room_Type 1;150;2018;10;3;Online;0;0;0;118.8;2;0
INN13358;2;0;0;3;Meal Plan 1;0;Room_Type 1;109;2018;9;7;Online;0;0;0;129.6;1;0
INN12958;2;2;1;2;Meal Plan 1;0;Room_Type 6;4;2018;4;11;Online;0;0;0;191.0;3;0
INN03071;3;0;2;1;Meal Plan 1;0;Room_Type 4;195;2018;8;7;Online;0;0;0;146.7;2;1
INN16294;2;0;0;4;Meal Plan 1;0;Room_Type 1;323;2018;5;17;Offline;0;0;0;70.0;0;1
INN18097;2;0;0;2;Meal Plan 2;0;Room_Type 1;63;2017;9;4;Offline;0;0;0;116.0;0;0
INN09708;2;0;2;2;Meal Plan 1;0;Room_Type 1;145;2017;8;15;Online;0;0;0;76.5;1;0
INN00170;2;1;1;0;Not Selected;0;Room_Type 1;11;2017;9;13;Online;0;0;0;87.4;1;0
INN20670;2;0;1;2;Meal Plan 1;0;Room_Type 1;54;2018;11;11;Online;0;0;0;96.0;1;0
INN11084;3;0;0;2;Meal Plan 1;0;Room_Type 4;21;2018;7;27;Online;0;0;0;187.0;1;0
INN33940;2;0;2;5;Meal Plan 1;0;Room_Type 1;171;2018;9;20;Offline;0;0;0;80.75;0;1
INN23973;2;0;2;3;Meal Plan 1;0;Room_Type 1;212;2018;5;20;Offline;0;0;0;78.0;0;0
INN16708;1;1;1;2;Meal Plan 1;0;Room_Type 4;14;2017;10;30;Offline;0;0;0;98.67;1;0
INN25478;2;0;0;1;Meal Plan 1;0;Room_Type 1;0;2017;8;11;Online;0;0;0;99.0;1;0
INN35353;2;0;0;4;Meal Plan 1;0;Room_Type 1;63;2018;11;1;Online;0;0;0;93.6;1;0
INN23322;2;0;1;2;Meal Plan 1;0;Room_Type 1;168;2018;4;22;Offline;0;0;0;85.0;0;1
INN15263;1;0;1;0;Meal Plan 1;0;Room_Type 1;19;2018;9;12;Corporate;0;0;0;68.5;0;0
INN05333;1;0;0;1;Not Selected;0;Room_Type 1;0;2018;2;24;Online;0;0;0;85.0;0;0
INN29151;2;0;0;2;Meal Plan 1;0;Room_Type 1;5;2018;11;18;Online;0;0;0;111.0;1;0
INN27158;1;0;1;0;Meal Plan 1;0;Room_Type 1;7;2018;5;16;Online;0;0;0;97.0;0;1
INN22260;1;0;0;1;Meal Plan 1;0;Room_Type 1;1;2017;9;1;Online;0;0;0;95.0;1;0
INN06925;2;0;0;2;Meal Plan 2;0;Room_Type 1;377;2018;10;14;Online;0;0;0;115.0;1;1
INN29583;2;0;2;1;Meal Plan 1;0;Room_Type 1;15;2018;3;12;Online;0;0;0;103.0;0;1
INN03495;2;0;0;2;Meal Plan 1;0;Room_Type 4;6;2018;3;17;Online;0;0;0;124.0;1;0
INN31878;3;0;0;3;Meal Plan 1;1;Room_Type 1;75;2018;4;7;Online;0;0;0;128.7;2;0
INN01572;2;0;2;0;Meal Plan 2;0;Room_Type 1;275;2018;4;17;Online;0;0;0;110.0;0;1
INN26019;2;0;2;1;Meal Plan 2;0;Room_Type 1;124;2017;8;8;Offline;0;0;0;94.5;0;1
INN33205;2;0;0;3;Meal Plan 1;0;Room_Type 1;47;2018;9;22;Online;0;0;0;104.88;0;0
INN12540;3;0;0;3;Meal Plan 1;0;Room_Type 1;8;2018;2;4;Online;0;0;0;127.0;0;1
INN17197;2;0;2;1;Meal Plan 2;0;Room_Type 1;145;2017;8;29;Offline;0;0;0;94.5;0;0
INN24110;2;1;0;2;Meal Plan 1;0;Room_Type 1;11;2018;2;3;Online;0;0;0;111.0;2;0
INN30822;2;0;0;5;Meal Plan 1;0;Room_Type 4;133;2018;6;21;Offline;0;0;0;90.95;0;0
INN15642;2;0;2;2;Meal Plan 1;0;Room_Type 1;41;2018;10;16;Offline;0;0;0;85.5;0;0
INN34862;1;0;2;4;Meal Plan 1;0;Room_Type 1;69;2018;6;12;Offline;0;0;0;120.0;0;1
INN08921;3;0;2;3;Meal Plan 1;0;Room_Type 4;127;2018;7;28;Online;0;0;0;141.3;0;0
INN31728;1;0;0;1;Meal Plan 1;0;Room_Type 1;2;2018;3;2;Offline;0;0;0;55.0;0;0
INN09405;2;0;1;3;Meal Plan 1;1;Room_Type 1;151;2018;7;11;Online;0;0;0;110.58;1;1
INN23776;2;0;2;6;Not Selected;0;Room_Type 1;69;2018;9;1;Online;0;0;0;123.98;0;1
INN09817;2;0;0;3;Not Selected;0;Room_Type 1;20;2018;9;22;Online;0;0;0;134.1;1;0
INN31445;2;0;1;2;Meal Plan 1;0;Room_Type 1;267;2018;9;30;Offline;0;0;0;95.0;0;1
INN22930;2;0;2;4;Not Selected;0;Room_Type 1;57;2018;12;15;Online;0;0;0;74.8;0;1
INN35363;2;0;0;3;Meal Plan 1;0;Room_Type 1;56;2018;12;8;Online;0;0;0;93.6;1;0
INN12959;2;0;0;2;Not Selected;0;Room_Type 2;107;2018;6;14;Online;0;0;0;116.1;0;1
INN29132;2;0;0;1;Not Selected;0;Room_Type 1;104;2018;7;16;Online;0;0;0;94.5;0;1
INN00417;2;0;1;2;Meal Plan 1;0;Room_Type 4;75;2017;12;7;Offline;0;0;0;60.0;0;0
INN07381;2;2;0;3;Meal Plan 1;0;Room_Type 6;0;2017;8;27;Online;0;0;0;161.33;0;1
INN32050;3;0;0;3;Meal Plan 1;0;Room_Type 1;93;2018;6;8;Online;0;0;0;159.3;0;1
INN17273;2;1;0;2;Meal Plan 1;0;Room_Type 1;17;2018;4;14;Online;0;0;0;145.0;0;1
INN17077;2;0;1;0;Not Selected;0;Room_Type 1;0;2017;8;10;Online;0;0;0;75.0;0;1
INN14718;2;0;0;2;Meal Plan 1;0;Room_Type 1;112;2018;6;2;Offline;0;0;0;100.0;0;1
INN03835;1;0;1;3;Meal Plan 2;0;Room_Type 1;4;2018;3;7;Offline;0;0;0;88.0;0;0
INN12258;2;0;0;2;Meal Plan 1;0;Room_Type 4;0;2018;6;17;Offline;0;0;0;90.95;1;0
INN31840;2;0;2;1;Meal Plan 1;0;Room_Type 1;24;2018;11;13;Offline;0;0;0;80.0;0;0
INN25607;1;0;1;0;Meal Plan 1;0;Room_Type 1;111;2018;10;10;Offline;0;0;0;120.0;0;1
INN15293;1;0;1;2;Meal Plan 1;0;Room_Type 1;219;2017;9;4;Offline;0;0;0;76.67;0;0
INN01545;2;0;1;2;Meal Plan 1;0;Room_Type 1;133;2018;3;11;Offline;0;0;0;84.33;1;0
INN16651;3;0;0;1;Meal Plan 1;0;Room_Type 4;104;2018;7;5;Online;0;0;0;146.7;3;0
INN12362;2;0;1;2;Meal Plan 1;0;Room_Type 4;20;2017;12;28;Online;0;0;0;70.42;0;0
INN30049;2;0;1;2;Not Selected;0;Room_Type 1;80;2018;3;25;Online;0;0;0;85.5;0;1
INN29058;2;0;0;2;Meal Plan 2;0;Room_Type 1;377;2018;10;14;Offline;0;0;0;115.0;1;1
INN34217;2;0;1;4;Meal Plan 2;0;Room_Type 1;9;2017;9;7;Offline;0;0;0;116.04;0;1
INN03451;2;2;1;1;Meal Plan 1;0;Room_Type 1;64;2018;8;6;Online;0;0;0;200.1;1;0
INN22083;2;0;2;3;Meal Plan 1;0;Room_Type 5;9;2017;12;25;Online;0;0;0;98.64;0;0
INN28017;2;0;0;4;Meal Plan 2;0;Room_Type 1;17;2018;3;1;Online;0;0;0;92.53;0;1
INN15153;2;0;2;3;Meal Plan 1;0;Room_Type 1;58;2017;9;10;Online;0;0;0;121.56;0;0
INN03259;2;0;2;1;Meal Plan 1;0;Room_Type 1;145;2018;1;3;Offline;0;0;0;65.0;0;0
INN33822;2;0;2;3;Meal Plan 1;0;Room_Type 1;48;2018;3;20;Online;0;0;0;93.5;0;0
INN03686;2;0;1;3;Meal Plan 1;0;Room_Type 1;69;2018;11;17;Online;0;0;0;92.23;1;0
INN17281;2;1;2;3;Not Selected;0;Room_Type 1;225;2018;12;29;Online;0;0;0;71.91;0;1
INN04812;2;0;2;1;Meal Plan 1;0;Room_Type 1;239;2018;10;23;Online;0;0;0;96.3;0;1
INN35571;1;0;2;2;Meal Plan 1;0;Room_Type 1;115;2018;2;27;Offline;0;0;0;76.0;0;0
INN17156;3;0;2;1;Meal Plan 1;0;Room_Type 1;221;2017;10;17;Offline;0;0;0;90.0;0;0
INN27138;2;0;0;2;Meal Plan 2;0;Room_Type 1;39;2017;8;14;Offline;0;0;0;101.5;0;0
INN29299;1;0;1;2;Meal Plan 1;0;Room_Type 1;4;2018;3;14;Online;0;0;0;80.08;1;0
INN19610;2;0;1;2;Meal Plan 1;0;Room_Type 1;193;2018;6;20;Offline;0;0;0;120.0;0;1
INN01100;2;0;2;2;Meal Plan 1;0;Room_Type 1;24;2017;12;26;Offline;0;0;0;58.0;1;0
INN33770;2;0;0;2;Meal Plan 1;0;Room_Type 6;2;2018;11;25;Offline;0;0;0;144.8;0;0
INN34351;2;0;2;1;Meal Plan 1;0;Room_Type 1;76;2018;4;2;Online;0;0;0;87.3;1;0
INN04012;1;0;0;3;Meal Plan 1;0;Room_Type 1;13;2017;8;20;Online;0;0;0;80.0;1;1
INN26730;2;0;0;3;Meal Plan 1;0;Room_Type 1;160;2017;12;30;Offline;0;0;0;70.67;0;0
INN17412;2;0;0;3;Meal Plan 1;0;Room_Type 1;12;2017;8;5;Corporate;0;0;0;65.0;0;0
INN10614;1;0;1;3;Meal Plan 1;0;Room_Type 1;6;2017;9;21;Online;0;0;0;114.0;1;0
INN28660;2;0;1;2;Meal Plan 1;0;Room_Type 1;57;2018;9;9;Online;0;0;0;125.1;1;0
INN05847;2;0;1;3;Meal Plan 1;0;Room_Type 1;62;2018;11;21;Offline;0;0;0;75.0;0;0
INN16312;1;0;0;4;Meal Plan 1;0;Room_Type 4;20;2018;12;28;Online;0;0;0;131.35;1;0
INN28266;2;0;0;1;Meal Plan 1;0;Room_Type 1;18;2018;12;23;Online;0;0;0;104.0;0;0
INN18058;2;0;2;1;Meal Plan 1;0;Room_Type 1;69;2018;12;24;Online;0;0;0;93.6;2;0
INN01557;2;0;0;2;Meal Plan 1;0;Room_Type 1;34;2017;10;6;Online;0;0;0;66.53;1;0
INN11931;2;0;1;2;Meal Plan 1;0;Room_Type 1;57;2018;6;10;Online;0;0;0;0.0;1;0
INN24981;3;0;2;1;Meal Plan 1;0;Room_Type 1;221;2017;10;17;Offline;0;0;0;90.0;0;0
INN35125;2;0;0;3;Meal Plan 1;0;Room_Type 1;163;2018;9;8;Offline;0;0;0;110.0;0;1
INN01563;1;0;1;0;Meal Plan 1;0;Room_Type 4;125;2018;10;17;Online;0;0;0;132.3;2;0
INN32712;2;0;2;0;Not Selected;0;Room_Type 1;144;2018;6;26;Online;0;0;0;85.5;1;0
INN17294;2;0;0;3;Meal Plan 1;0;Room_Type 1;28;2017;9;29;Online;0;0;0;133.17;0;0
INN15378;2;0;0;3;Not Selected;0;Room_Type 1;44;2018;8;31;Online;0;0;0;99.0;1;0
INN24812;2;1;1;3;Meal Plan 1;0;Room_Type 1;50;2018;3;28;Online;0;0;0;101.15;0;1
INN23676;2;0;1;4;Meal Plan 1;0;Room_Type 1;18;2017;10;5;Online;0;0;0;107.0;2;0
INN21419;1;0;0;2;Meal Plan 1;0;Room_Type 1;192;2018;6;24;Offline;0;0;0;95.0;0;0
INN01089;2;0;0;2;Meal Plan 2;0;Room_Type 1;30;2017;9;30;Offline;0;0;0;121.0;0;0
INN26387;1;0;0;2;Meal Plan 1;0;Room_Type 1;192;2018;6;24;Offline;0;0;0;95.0;0;0
INN30575;2;0;0;2;Meal Plan 1;0;Room_Type 1;31;2018;2;4;Corporate;0;0;0;81.5;0;0
INN00884;2;0;1;2;Meal Plan 1;0;Room_Type 4;11;2018;2;12;Offline;1;1;0;93.8;0;0
INN13524;1;0;1;2;Meal Plan 1;0;Room_Type 1;188;2018;7;25;Online;0;0;0;90.9;1;0
INN11537;1;0;0;3;Meal Plan 1;0;Room_Type 1;71;2018;6;14;Offline;0;0;0;120.0;0;0
INN22446;2;0;2;1;Meal Plan 1;0;Room_Type 1;1;2018;6;18;Online;0;0;0;141.0;2;0
INN00895;1;0;1;0;Meal Plan 1;0;Room_Type 1;24;2018;10;3;Corporate;1;0;2;95.0;0;0
INN06366;1;0;0;3;Meal Plan 1;0;Room_Type 1;13;2018;3;2;Corporate;1;0;1;80.0;0;0
INN16939;3;0;0;2;Meal Plan 1;0;Room_Type 5;71;2017;12;4;Online;0;0;0;124.44;1;0
INN28170;2;0;0;1;Not Selected;0;Room_Type 1;69;2018;9;10;Online;0;0;0;125.1;0;0
INN13878;2;0;2;1;Meal Plan 1;0;Room_Type 1;9;2018;3;26;Online;0;0;0;144.33;0;1
INN33593;2;0;1;2;Meal Plan 1;0;Room_Type 1;215;2018;8;8;Online;0;0;0;96.3;2;0
INN20913;2;0;2;2;Meal Plan 1;0;Room_Type 1;81;2018;3;25;Offline;0;0;0;65.0;0;1
INN06191;2;0;0;4;Meal Plan 1;0;Room_Type 4;292;2018;12;13;Online;0;0;0;86.7;0;1
INN24876;2;0;1;3;Meal Plan 1;0;Room_Type 4;101;2018;4;18;Online;0;0;0;70.03;0;1
INN04706;2;0;0;3;Meal Plan 1;0;Room_Type 1;55;2018;3;22;Online;0;0;0;99.0;1;1
INN28487;2;0;1;2;Meal Plan 1;0;Room_Type 1;7;2017;9;14;Online;0;0;0;152.0;1;0
INN16269;2;0;0;2;Meal Plan 1;0;Room_Type 4;39;2018;10;27;Online;0;0;0;129.6;1;0
INN01103;1;0;0;1;Meal Plan 1;0;Room_Type 1;5;2018;2;3;Corporate;1;0;4;66.0;0;0
INN22097;2;0;0;2;Meal Plan 2;0;Room_Type 1;30;2017;9;30;Offline;0;0;0;121.0;0;0
INN09793;2;0;0;2;Meal Plan 1;0;Room_Type 1;24;2018;1;6;Online;0;0;0;89.0;0;0
INN35700;1;0;0;2;Meal Plan 2;0;Room_Type 4;80;2017;10;9;Offline;0;0;0;108.0;0;0
INN07933;1;0;0;3;Meal Plan 1;0;Room_Type 1;166;2018;11;1;Offline;0;0;0;110.0;0;1
INN22363;2;0;2;9;Meal Plan 2;0;Room_Type 4;5;2018;2;23;Online;0;0;0;146.0;0;1
INN14666;3;0;1;2;Meal Plan 1;0;Room_Type 4;12;2018;4;11;Online;0;0;0;157.0;2;0
INN29683;1;0;0;3;Meal Plan 2;0;Room_Type 1;36;2017;10;13;Offline;0;0;0;91.0;0;0
INN01471;1;0;1;5;Meal Plan 1;0;Room_Type 1;349;2018;10;4;Online;0;0;0;80.0;0;1
INN11422;1;0;0;1;Meal Plan 1;0;Room_Type 1;5;2018;1;9;Online;0;0;0;75.0;0;0
INN00070;2;0;1;2;Meal Plan 1;0;Room_Type 1;74;2018;4;25;Online;0;0;0;85.5;1;0
INN06161;2;0;0;3;Meal Plan 1;0;Room_Type 1;304;2018;11;3;Online;0;0;0;89.0;0;1
INN33077;2;0;0;4;Meal Plan 1;0;Room_Type 4;199;2018;12;28;Online;0;0;0;102.85;0;0
INN06731;2;0;2;1;Not Selected;0;Room_Type 1;2;2018;8;28;Offline;0;0;0;75.0;0;0
INN06805;2;0;2;1;Meal Plan 2;0;Room_Type 1;96;2017;7;11;Online;0;0;0;94.5;0;1
INN08075;2;0;0;2;Not Selected;0;Room_Type 1;6;2018;1;12;Online;0;0;0;69.5;2;0
INN23825;3;0;1;2;Meal Plan 1;1;Room_Type 4;141;2018;9;5;Online;0;0;0;168.3;2;0
INN05232;1;0;1;0;Meal Plan 1;0;Room_Type 1;88;2018;9;12;Offline;0;0;0;85.0;1;0
INN26766;2;0;0;2;Meal Plan 1;0;Room_Type 1;4;2018;2;26;Online;0;0;0;87.0;1;0
INN02462;2;0;0;2;Meal Plan 1;0;Room_Type 1;86;2017;9;9;Corporate;0;0;0;100.0;0;0
INN32563;2;0;0;1;Not Selected;0;Room_Type 1;39;2018;3;11;Online;0;0;0;71.1;0;1
INN31223;2;0;0;1;Meal Plan 2;0;Room_Type 1;72;2017;9;18;Offline;0;0;0;108.0;0;0
INN28430;3;0;0;1;Meal Plan 1;0;Room_Type 4;0;2018;6;22;Online;0;0;0;147.0;2;0
INN12481;2;0;1;2;Meal Plan 2;0;Room_Type 1;105;2017;10;12;Offline;0;0;0;110.0;0;1
INN08457;1;0;0;0;Not Selected;0;Room_Type 1;22;2017;12;16;Online;0;0;0;0.0;0;0
INN19075;2;0;0;3;Meal Plan 1;0;Room_Type 1;90;2018;4;21;Offline;0;0;0;78.63;0;0
INN23142;2;0;1;2;Meal Plan 1;0;Room_Type 4;21;2018;8;29;Online;0;0;0;140.0;1;1
INN27173;2;0;0;2;Not Selected;0;Room_Type 1;66;2018;8;16;Online;0;0;0;125.1;0;1
INN00156;1;0;0;3;Meal Plan 1;0;Room_Type 1;4;2018;11;1;Corporate;1;1;5;65.0;1;0
INN12837;2;0;1;2;Meal Plan 1;0;Room_Type 1;25;2018;9;16;Online;0;0;0;155.67;4;0
INN29868;2;0;0;2;Meal Plan 2;0;Room_Type 1;291;2018;8;19;Offline;0;0;0;115.0;0;1
INN20360;2;0;0;1;Meal Plan 1;0;Room_Type 1;43;2018;4;8;Online;0;0;0;117.9;1;0
INN16257;1;0;1;3;Meal Plan 1;0;Room_Type 4;32;2018;10;10;Online;0;0;0;148.28;0;1
INN07590;2;0;1;1;Meal Plan 1;0;Room_Type 4;3;2018;9;26;Online;0;0;0;195.0;1;0
INN15872;1;0;0;1;Meal Plan 1;0;Room_Type 1;15;2018;2;19;Corporate;0;0;0;81.0;0;0
INN13478;2;0;0;2;Not Selected;0;Room_Type 1;1;2017;11;5;Online;0;0;0;95.0;1;0
INN10376;1;0;0;2;Meal Plan 1;0;Room_Type 1;32;2017;11;20;Offline;0;0;0;73.0;1;0
INN26102;2;0;0;2;Meal Plan 1;0;Room_Type 1;30;2018;6;2;Offline;0;0;0;140.0;0;0
INN06991;2;0;2;1;Meal Plan 1;0;Room_Type 1;65;2018;10;23;Offline;0;0;0;80.75;1;0
INN20838;1;0;0;3;Meal Plan 1;0;Room_Type 1;71;2018;6;14;Offline;0;0;0;120.0;0;0
INN21373;1;0;1;1;Meal Plan 1;0;Room_Type 1;6;2018;3;7;Corporate;0;0;0;80.0;0;0
INN23215;2;0;1;0;Not Selected;0;Room_Type 1;20;2018;9;11;Online;0;0;0;89.0;0;0
INN17910;1;2;4;6;Meal Plan 1;0;Room_Type 4;175;2018;7;10;Online;0;0;0;129.2;1;1
INN08041;2;0;0;2;Meal Plan 1;0;Room_Type 4;46;2017;11;3;Offline;0;0;0;60.0;0;0
INN12433;2;0;1;2;Not Selected;0;Room_Type 1;56;2018;5;13;Online;0;0;0;116.1;1;0
INN18464;2;0;0;1;Not Selected;0;Room_Type 1;1;2017;9;23;Online;0;0;0;152.0;0;0
INN24542;3;0;0;3;Meal Plan 1;0;Room_Type 1;50;2017;12;31;Offline;0;0;0;99.67;1;0
INN26026;2;0;0;2;Not Selected;0;Room_Type 1;14;2018;11;18;Online;0;0;0;89.0;2;0
INN22104;2;0;2;2;Not Selected;0;Room_Type 1;18;2018;12;2;Online;0;0;0;83.04;1;0
INN28341;2;0;1;1;Meal Plan 2;0;Room_Type 1;301;2018;7;30;Offline;0;0;0;115.0;1;1
INN17080;2;0;2;1;Meal Plan 1;0;Room_Type 1;138;2018;9;11;Offline;0;0;0;80.75;0;0
INN24975;2;1;0;2;Meal Plan 1;0;Room_Type 4;9;2018;9;8;Online;0;0;0;201.5;2;0
INN28751;1;0;0;2;Meal Plan 1;0;Room_Type 1;12;2018;1;19;Offline;0;0;0;71.0;0;0
INN08874;2;0;0;1;Meal Plan 1;0;Room_Type 1;27;2018;6;9;Offline;0;0;0;120.0;0;0
INN28121;2;0;1;2;Meal Plan 1;0;Room_Type 1;338;2018;10;7;Offline;0;0;0;80.0;0;1
INN11764;2;0;1;0;Not Selected;0;Room_Type 1;64;2018;7;25;Online;0;0;0;103.5;0;0
INN15015;2;0;1;2;Meal Plan 1;0;Room_Type 4;49;2017;11;16;Offline;0;0;0;60.0;0;0
INN18905;2;0;1;1;Meal Plan 1;0;Room_Type 1;317;2018;11;19;Online;0;0;0;78.3;0;1
INN04448;2;0;2;0;Not Selected;0;Room_Type 1;2;2018;6;12;Online;0;0;0;108.5;2;0
INN09974;2;0;2;4;Meal Plan 1;0;Room_Type 4;24;2017;10;4;Online;0;0;0;81.7;1;0
INN18912;2;0;2;4;Meal Plan 1;0;Room_Type 4;53;2018;9;1;Online;0;0;0;121.35;1;0
INN18583;2;1;1;3;Meal Plan 1;0;Room_Type 1;160;2018;7;18;Online;0;0;0;110.5;2;1
INN07730;3;0;0;1;Meal Plan 1;0;Room_Type 1;67;2018;5;7;Online;0;0;0;159.3;0;1
INN01195;2;0;1;0;Not Selected;0;Room_Type 1;4;2018;6;13;Online;0;0;0;99.0;2;0
INN34576;2;0;0;3;Not Selected;0;Room_Type 1;24;2018;5;12;Online;0;0;0;99.33;1;0
INN02827;2;0;0;1;Meal Plan 1;0;Room_Type 1;105;2018;4;6;Online;0;0;0;75.0;0;1
INN15732;3;0;1;1;Meal Plan 1;0;Room_Type 4;87;2018;8;8;Online;0;0;0;135.27;1;0
INN09167;2;0;0;1;Meal Plan 1;0;Room_Type 1;56;2018;6;8;Offline;0;0;0;120.0;0;0
INN33091;2;0;0;1;Not Selected;0;Room_Type 1;2;2018;2;6;Online;0;0;0;81.0;1;0
INN25996;2;0;1;2;Meal Plan 1;0;Room_Type 4;130;2018;3;25;Online;0;0;0;123.67;1;0
INN19110;3;0;0;2;Meal Plan 1;0;Room_Type 4;114;2018;8;4;Online;0;0;0;137.7;0;0
INN28505;2;0;1;2;Meal Plan 1;0;Room_Type 4;20;2018;5;30;Online;0;0;0;132.67;1;0
INN11977;2;0;2;2;Meal Plan 1;0;Room_Type 4;127;2018;5;21;Online;0;0;0;113.05;2;0
INN21650;2;0;0;2;Meal Plan 2;0;Room_Type 1;56;2017;9;17;Offline;0;0;0;82.0;0;0
INN17136;2;2;1;1;Meal Plan 1;0;Room_Type 6;10;2018;2;27;Online;0;0;0;173.0;2;0
INN11387;2;0;2;1;Meal Plan 1;0;Room_Type 1;2;2018;12;3;Online;0;0;0;109.0;1;0
INN17870;2;0;0;2;Meal Plan 2;0;Room_Type 1;56;2017;9;17;Offline;0;0;0;82.0;0;0
INN33981;3;0;0;4;Meal Plan 1;0;Room_Type 4;137;2018;8;23;Online;0;0;0;133.2;0;1
INN02400;3;0;1;1;Meal Plan 1;0;Room_Type 4;96;2018;6;13;Online;0;0;0;159.3;2;0
INN24619;2;0;2;3;Meal Plan 1;0;Room_Type 1;269;2018;12;29;Offline;0;0;0;80.0;1;0
INN02487;2;0;0;2;Meal Plan 2;0;Room_Type 1;257;2017;7;1;Online;0;0;0;101.5;0;1
INN13247;2;0;0;2;Meal Plan 2;0;Room_Type 1;265;2018;6;24;Offline;0;0;0;115.0;1;1
INN19177;1;0;1;4;Meal Plan 1;0;Room_Type 1;150;2018;1;18;Offline;0;0;0;80.0;0;0
INN06115;2;0;2;4;Meal Plan 1;0;Room_Type 1;291;2018;12;28;Online;0;0;0;80.75;2;0
INN33924;2;0;0;1;Not Selected;0;Room_Type 1;0;2018;4;8;Online;0;0;0;53.3;0;0
INN17805;2;0;2;4;Meal Plan 1;0;Room_Type 4;188;2018;9;28;Online;0;0;0;134.4;1;1
INN21660;1;0;0;1;Meal Plan 1;0;Room_Type 1;1;2017;9;22;Online;0;0;0;158.0;0;0
INN15128;2;0;0;3;Meal Plan 1;0;Room_Type 1;49;2018;9;6;Online;0;0;0;110.7;0;1
INN33407;2;0;0;1;Not Selected;0;Room_Type 1;0;2018;6;4;Online;0;0;0;129.0;1;0
INN13517;3;0;0;3;Meal Plan 1;0;Room_Type 4;99;2018;10;19;Online;0;0;0;151.2;0;1
INN02475;2;2;2;5;Meal Plan 1;0;Room_Type 6;179;2018;6;8;Online;0;0;0;182.26;0;1
INN33710;2;0;1;1;Not Selected;0;Room_Type 1;3;2018;3;12;Online;0;0;0;106.0;1;0
INN13620;2;0;1;2;Meal Plan 1;0;Room_Type 1;85;2017;10;23;Online;0;0;0;89.25;2;0
INN30633;3;0;1;2;Meal Plan 2;0;Room_Type 4;7;2018;2;29;Online;0;0;0;193.0;2;0
INN28293;2;0;2;1;Meal Plan 1;0;Room_Type 1;79;2018;1;30;Online;0;0;0;64.64;0;0
INN25075;2;0;1;3;Meal Plan 1;0;Room_Type 1;20;2018;1;25;Online;0;0;0;91.0;1;0
INN15973;2;0;0;2;Meal Plan 1;0;Room_Type 1;86;2017;9;24;Offline;0;0;0;105.0;0;0
INN12674;1;0;1;3;Meal Plan 1;0;Room_Type 1;35;2018;11;7;Online;0;0;0;199.0;2;0
INN16950;2;0;0;2;Meal Plan 1;0;Room_Type 1;317;2018;9;15;Offline;0;0;0;120.0;0;1
INN23098;2;0;0;3;Meal Plan 1;0;Room_Type 1;314;2018;10;12;Offline;0;0;0;75.0;0;1
INN31778;2;0;2;2;Meal Plan 1;0;Room_Type 1;115;2018;12;18;Online;0;0;0;88.4;2;0
INN17675;2;0;0;3;Meal Plan 1;0;Room_Type 4;174;2018;7;21;Online;0;0;0;115.8;2;1
INN27918;2;0;0;1;Meal Plan 1;0;Room_Type 1;40;2018;2;27;Offline;0;0;0;65.0;0;0
INN14842;1;0;0;2;Meal Plan 1;0;Room_Type 1;192;2018;6;24;Offline;0;0;0;95.0;0;0
INN19897;2;0;0;2;Not Selected;0;Room_Type 4;5;2017;9;3;Online;0;0;0;124.5;3;0
INN24982;2;0;0;2;Meal Plan 1;0;Room_Type 4;48;2017;10;9;Offline;0;0;0;87.3;0;0
INN14955;2;0;1;4;Meal Plan 1;0;Room_Type 1;141;2018;7;6;Online;0;0;0;107.95;1;0
INN08885;1;0;0;1;Meal Plan 1;0;Room_Type 1;12;2018;7;30;Corporate;0;0;0;65.0;1;0
INN01090;2;0;0;5;Meal Plan 1;0;Room_Type 1;186;2018;7;19;Online;0;0;0;90.95;1;1
INN00803;1;0;0;1;Not Selected;0;Room_Type 1;76;2018;4;21;Online;0;0;0;69.3;1;0
INN14034;1;0;2;1;Meal Plan 1;0;Room_Type 1;21;2017;9;5;Online;0;0;0;95.0;0;0
INN21798;2;0;2;3;Meal Plan 1;0;Room_Type 1;256;2018;10;16;Online;0;0;0;100.75;0;1
INN12031;2;0;1;4;Meal Plan 1;0;Room_Type 1;260;2018;11;16;Online;0;0;0;56.94;1;0
INN33842;2;2;0;1;Meal Plan 1;0;Room_Type 6;222;2018;10;29;Online;0;0;0;168.3;0;1
INN16839;2;0;2;2;Meal Plan 1;1;Room_Type 4;56;2018;3;20;Online;0;0;0;119.75;1;0
INN08680;2;0;1;1;Meal Plan 1;0;Room_Type 1;85;2018;7;2;Online;0;0;0;114.3;2;0
INN02117;2;0;0;3;Meal Plan 1;0;Room_Type 1;113;2018;9;14;Online;0;0;0;129.6;0;1
INN05918;1;0;1;3;Meal Plan 1;0;Room_Type 1;120;2018;5;12;Online;0;0;0;110.59;0;1
INN33876;2;0;0;1;Meal Plan 1;0;Room_Type 1;11;2018;12;16;Online;0;0;0;104.0;1;0
INN14223;2;0;0;1;Meal Plan 1;0;Room_Type 1;92;2018;11;11;Offline;0;0;0;90.0;0;0
INN18230;2;0;2;3;Meal Plan 1;0;Room_Type 1;10;2017;9;5;Online;0;0;0;122.0;2;0
INN13968;1;0;1;4;Meal Plan 1;0;Room_Type 1;13;2017;8;31;Online;0;0;0;92.0;2;1
INN00670;2;0;2;3;Meal Plan 1;0;Room_Type 1;170;2018;4;8;Offline;0;0;0;78.0;0;0
INN02593;2;0;2;0;Meal Plan 2;0;Room_Type 1;386;2018;10;23;Online;0;0;0;115.0;1;1
INN34645;1;0;0;1;Meal Plan 1;0;Room_Type 1;0;2018;6;23;Online;0;0;0;97.0;0;0
INN19910;2;2;0;4;Meal Plan 2;0;Room_Type 6;58;2018;3;30;Online;0;0;0;202.3;2;1
INN30959;2;0;1;0;Not Selected;0;Room_Type 1;114;2018;12;12;Online;0;0;0;79.2;1;0
INN23312;2;0;2;4;Meal Plan 1;0;Room_Type 4;45;2018;11;13;Offline;0;0;0;68.0;0;0
INN09931;2;0;2;2;Meal Plan 1;0;Room_Type 1;99;2017;10;30;Offline;0;0;0;65.0;0;1
INN26983;1;0;0;1;Meal Plan 1;0;Room_Type 4;6;2017;9;23;Online;0;0;0;0.0;1;0
INN04744;1;0;0;2;Meal Plan 1;1;Room_Type 1;2;2018;3;31;Corporate;1;0;5;67.0;0;0
INN29102;2;0;0;2;Meal Plan 1;0;Room_Type 1;107;2018;6;10;Offline;0;0;0;130.0;1;0
INN29440;2;0;4;9;Meal Plan 1;0;Room_Type 1;10;2018;5;15;Corporate;0;0;0;129.0;0;0
INN20259;1;0;2;3;Meal Plan 1;0;Room_Type 1;90;2018;3;6;Online;0;0;0;74.95;0;0
INN13016;2;0;1;3;Meal Plan 1;0;Room_Type 1;285;2018;10;3;Offline;0;0;0;100.0;0;1
INN08791;1;0;2;0;Meal Plan 1;0;Room_Type 1;38;2018;8;21;Online;0;0;0;90.95;0;0
INN16778;2;0;0;2;Not Selected;0;Room_Type 1;81;2018;5;3;Online;0;0;0;116.1;1;1
INN17673;2;0;0;3;Meal Plan 1;0;Room_Type 1;3;2018;3;8;Online;0;0;0;91.0;1;0
INN13373;2;0;0;1;Meal Plan 2;0;Room_Type 1;21;2018;3;4;Online;0;0;0;129.0;0;1
INN35814;2;0;1;2;Not Selected;0;Room_Type 1;34;2018;8;15;Online;0;0;0;134.1;1;0
INN30274;2;0;1;2;Meal Plan 1;0;Room_Type 1;233;2018;10;14;Offline;0;0;0;90.0;0;1
INN12780;1;0;0;1;Meal Plan 1;0;Room_Type 1;4;2018;2;19;Corporate;0;0;0;81.0;0;0
INN03025;2;0;1;2;Not Selected;0;Room_Type 1;46;2018;12;16;Online;0;0;0;79.2;1;0
INN03692;2;0;1;3;Meal Plan 1;1;Room_Type 1;25;2018;9;15;Online;0;0;0;165.5;2;0
INN18907;2;1;0;2;Meal Plan 1;0;Room_Type 4;84;2018;8;4;Online;0;0;0;134.1;1;0
INN33829;1;0;1;0;Meal Plan 1;0;Room_Type 1;76;2018;10;10;Offline;0;0;0;120.0;0;1
INN11538;2;0;0;4;Meal Plan 1;0;Room_Type 1;39;2017;11;10;Online;0;0;0;90.95;0;0
INN18117;2;0;2;2;Not Selected;0;Room_Type 1;17;2018;11;6;Online;0;0;0;142.54;0;0
INN09565;2;0;2;2;Meal Plan 1;0;Room_Type 4;33;2018;3;4;Online;0;0;0;97.4;1;0
INN26623;2;0;0;2;Meal Plan 1;0;Room_Type 1;28;2018;5;19;Corporate;0;0;0;109.0;0;0
INN30402;3;0;1;1;Meal Plan 1;0;Room_Type 4;41;2018;6;4;Online;0;0;0;150.3;0;1
INN00252;2;0;2;3;Meal Plan 1;0;Room_Type 1;43;2017;10;2;Offline;0;0;0;58.4;0;0
INN02291;2;0;0;2;Meal Plan 2;0;Room_Type 1;39;2017;8;14;Offline;0;0;0;109.0;0;0
INN04348;2;0;2;1;Meal Plan 1;0;Room_Type 1;33;2018;10;9;Online;0;0;0;138.0;0;1
INN19356;2;0;2;2;Not Selected;0;Room_Type 1;24;2018;9;25;Online;0;0;0;119.0;1;1
INN11947;2;1;2;5;Meal Plan 1;0;Room_Type 4;118;2018;5;1;Online;0;0;0;107.95;3;0
INN17700;2;0;2;3;Not Selected;0;Room_Type 1;108;2018;12;24;Online;0;0;0;93.4;0;0
INN02997;2;0;0;1;Meal Plan 1;0;Room_Type 1;16;2018;4;22;Online;0;0;0;117.0;0;1
INN00891;1;0;1;0;Meal Plan 1;0;Room_Type 1;263;2017;9;21;Offline;0;0;0;59.5;0;0
INN20543;2;0;2;2;Meal Plan 1;0;Room_Type 4;74;2018;5;15;Online;0;0;0;132.6;1;0
INN17567;1;0;2;6;Meal Plan 1;0;Room_Type 1;81;2018;2;27;Online;0;0;0;73.95;0;1
INN28382;1;0;1;0;Meal Plan 1;0;Room_Type 1;13;2018;3;20;Online;0;0;0;6.0;0;0
INN32390;1;1;2;0;Meal Plan 1;0;Room_Type 1;0;2017;10;11;Online;0;0;0;9.0;0;0
INN14141;2;0;2;1;Meal Plan 1;0;Room_Type 1;40;2018;2;21;Online;0;0;0;62.29;2;0
INN36067;2;0;0;3;Meal Plan 1;0;Room_Type 1;122;2018;12;8;Online;0;0;0;68.0;0;0
INN23981;3;0;2;5;Meal Plan 1;0;Room_Type 1;150;2018;7;10;Online;0;0;0;96.9;2;0
INN19139;1;0;0;3;Meal Plan 1;0;Room_Type 1;335;2018;10;13;Offline;0;0;0;80.0;0;0
INN27157;1;0;2;2;Meal Plan 1;0;Room_Type 1;115;2018;2;27;Offline;0;0;0;76.0;0;0
INN20378;2;0;0;2;Meal Plan 1;0;Room_Type 1;36;2018;4;12;Online;0;0;0;81.08;1;0
INN11043;3;0;2;3;Meal Plan 1;0;Room_Type 1;38;2018;4;10;Online;0;0;0;137.7;1;0
INN24846;2;0;0;3;Meal Plan 1;0;Room_Type 4;111;2018;6;2;Online;0;0;0;117.11;1;0
INN15713;2;0;2;4;Meal Plan 1;0;Room_Type 4;4;2018;2;28;Offline;0;0;0;80.2;0;0
INN28076;2;0;0;1;Meal Plan 1;0;Room_Type 1;180;2017;10;16;Offline;0;0;0;70.0;0;1
INN12956;1;0;2;1;Meal Plan 1;0;Room_Type 1;38;2018;6;19;Offline;0;0;0;81.0;0;1
INN02267;2;0;0;1;Meal Plan 1;0;Room_Type 4;75;2018;7;30;Online;0;0;0;127.8;1;0
INN28834;1;0;0;2;Meal Plan 2;0;Room_Type 1;257;2017;7;1;Offline;0;0;0;80.0;0;0
INN18846;2;0;2;2;Meal Plan 1;0;Room_Type 4;141;2018;4;17;Offline;0;0;0;80.75;0;0
INN08608;3;0;2;2;Meal Plan 1;0;Room_Type 4;117;2018;7;16;Online;0;0;0;130.05;2;0
INN12592;1;0;0;3;Meal Plan 1;0;Room_Type 4;11;2018;6;14;Corporate;0;0;0;90.0;0;0
INN06890;1;0;2;1;Meal Plan 1;0;Room_Type 1;116;2018;2;28;Online;0;0;0;61.0;0;1
INN01764;2;0;0;2;Meal Plan 1;0;Room_Type 1;317;2018;9;15;Online;0;0;0;120.0;0;1
INN17785;1;0;0;3;Meal Plan 1;0;Room_Type 1;93;2018;10;6;Online;0;0;0;113.4;3;0
INN04947;2;0;1;4;Meal Plan 1;0;Room_Type 1;275;2018;10;5;Online;0;0;0;90.0;0;1
INN03404;3;0;0;2;Meal Plan 1;0;Room_Type 4;135;2018;10;13;Online;0;0;0;151.2;3;0
INN21310;2;0;2;1;Meal Plan 1;0;Room_Type 1;221;2017;10;10;Offline;0;0;0;65.0;0;0
INN03616;2;0;0;2;Meal Plan 2;0;Room_Type 1;39;2017;8;14;Offline;0;0;0;109.0;0;0
INN12053;2;0;1;0;Meal Plan 1;0;Room_Type 1;5;2018;5;29;Corporate;0;0;0;99.0;0;0
INN12173;2;2;1;1;Meal Plan 1;0;Room_Type 6;3;2018;3;21;Online;0;0;0;181.0;0;0
INN10437;2;0;0;2;Meal Plan 1;0;Room_Type 1;59;2018;12;2;Online;0;0;0;93.6;2;0
INN33387;2;1;2;2;Meal Plan 1;0;Room_Type 1;171;2018;8;6;Online;0;0;0;114.75;2;1
INN06050;2;0;0;3;Meal Plan 1;0;Room_Type 1;12;2018;7;19;Online;0;0;0;134.33;2;0
INN31465;1;0;1;4;Meal Plan 1;0;Room_Type 1;336;2018;9;21;Offline;0;0;0;70.0;0;0
INN22244;3;0;3;6;Meal Plan 1;0;Room_Type 4;38;2018;8;22;Online;0;0;0;159.6;0;0
INN29926;2;0;0;1;Meal Plan 1;0;Room_Type 1;46;2018;12;29;Online;0;0;0;122.4;1;0
INN01171;2;0;2;2;Meal Plan 1;0;Room_Type 1;54;2018;12;24;Online;0;0;0;88.4;1;0
INN15300;2;0;1;2;Meal Plan 1;0;Room_Type 1;48;2018;8;29;Online;0;0;0;112.5;0;0
INN16368;2;0;0;2;Not Selected;1;Room_Type 1;187;2018;7;22;Online;0;0;0;94.5;1;1
INN34362;2;0;0;3;Meal Plan 1;0;Room_Type 1;44;2018;11;22;Online;0;0;0;97.07;1;1
INN08558;2;0;0;2;Meal Plan 2;0;Room_Type 1;74;2017;9;18;Offline;0;0;0;101.5;0;0
INN00470;2;0;2;1;Meal Plan 1;0;Room_Type 1;0;2017;12;27;Offline;0;0;0;58.0;0;0
INN14065;3;0;1;2;Meal Plan 1;0;Room_Type 4;65;2018;4;11;Online;0;0;0;137.7;1;0
INN26755;1;0;0;1;Meal Plan 1;0;Room_Type 1;1;2018;5;11;Offline;0;0;0;135.0;0;0
INN18383;2;0;2;3;Not Selected;0;Room_Type 1;133;2018;8;21;Online;0;0;0;70.04;2;0
INN01378;2;0;1;3;Meal Plan 1;0;Room_Type 1;105;2018;4;18;Online;0;0;0;82.45;0;0
INN18832;2;0;1;0;Not Selected;0;Room_Type 1;113;2018;7;10;Online;0;0;0;103.5;0;1
INN18351;2;0;0;1;Not Selected;0;Room_Type 1;4;2018;4;2;Online;0;0;0;99.0;1;0
INN12431;1;0;1;2;Meal Plan 1;0;Room_Type 1;219;2017;9;4;Offline;0;0;0;76.67;0;0
INN13371;1;0;2;2;Meal Plan 1;0;Room_Type 1;243;2017;9;20;Online;0;0;0;80.7;0;1
INN36032;2;0;1;3;Meal Plan 1;0;Room_Type 1;127;2018;4;28;Offline;0;0;0;90.0;0;1
INN13009;1;0;0;3;Meal Plan 1;0;Room_Type 1;335;2018;10;13;Offline;0;0;0;80.0;0;0
INN11627;1;0;1;0;Meal Plan 1;0;Room_Type 1;39;2018;9;25;Online;0;0;0;129.7;0;1
INN10644;2;0;1;1;Meal Plan 1;0;Room_Type 1;174;2017;10;10;Offline;0;0;0;70.0;0;1
INN26810;2;2;0;1;Meal Plan 1;0;Room_Type 6;60;2018;12;23;Online;0;0;0;156.6;0;1
INN32955;1;0;0;2;Meal Plan 1;0;Room_Type 1;164;2017;10;2;Offline;0;0;0;100.0;0;0
INN14240;2;1;1;3;Meal Plan 1;0;Room_Type 1;217;2018;9;12;Online;0;0;0;119.85;2;1
INN03711;1;0;0;1;Meal Plan 1;1;Room_Type 1;0;2018;3;17;Corporate;0;0;0;50.0;1;0
INN14284;2;0;2;3;Not Selected;0;Room_Type 1;8;2018;10;16;Online;0;0;0;136.0;1;1
INN05637;2;0;2;5;Meal Plan 1;0;Room_Type 1;204;2018;8;18;Online;0;0;0;94.59;1;1
INN21719;1;0;2;4;Meal Plan 1;0;Room_Type 1;69;2018;6;12;Offline;0;0;0;120.0;0;1
INN26116;1;0;2;4;Meal Plan 1;0;Room_Type 1;245;2018;7;6;Offline;0;0;0;110.0;0;1
INN08752;1;0;0;1;Meal Plan 1;0;Room_Type 1;53;2018;10;14;Offline;0;0;0;120.0;0;0
INN21181;2;0;0;2;Meal Plan 1;0;Room_Type 4;180;2018;7;1;Online;0;0;0;105.3;0;1
INN00275;2;0;1;0;Meal Plan 1;0;Room_Type 1;19;2018;6;12;Online;0;0;0;94.35;1;0
INN02190;2;1;0;4;Meal Plan 1;0;Room_Type 1;0;2018;2;23;Online;0;0;0;112.0;1;0
INN26561;2;0;0;1;Meal Plan 1;0;Room_Type 1;43;2017;10;23;Online;0;0;0;0.0;0;0
INN32169;2;2;0;2;Meal Plan 1;0;Room_Type 6;12;2018;2;3;Online;0;0;0;171.0;0;1
INN08366;2;0;1;1;Meal Plan 1;1;Room_Type 1;15;2018;8;13;Corporate;0;0;0;84.0;1;0
INN00802;2;0;0;2;Meal Plan 1;1;Room_Type 1;6;2017;11;6;Online;0;0;0;116.0;0;0
INN35047;2;0;0;2;Meal Plan 1;0;Room_Type 1;23;2018;10;21;Online;0;0;0;140.0;0;1
INN33693;1;0;1;0;Meal Plan 1;0;Room_Type 1;2;2017;8;30;Online;0;0;0;96.0;1;0
INN29639;2;0;0;1;Meal Plan 1;0;Room_Type 1;15;2018;6;15;Offline;0;0;0;95.0;1;0
INN01700;1;0;1;2;Meal Plan 1;0;Room_Type 1;219;2017;9;4;Offline;0;0;0;76.67;0;0
INN10494;2;0;1;2;Meal Plan 1;0;Room_Type 1;0;2018;7;25;Online;0;0;0;161.0;0;0
INN33741;2;0;0;2;Not Selected;0;Room_Type 1;98;2018;10;26;Online;0;0;0;80.1;0;1
INN14216;1;0;1;2;Meal Plan 1;0;Room_Type 5;269;2018;11;21;Corporate;0;0;0;106.0;0;1
INN29869;2;0;1;3;Meal Plan 1;0;Room_Type 1;287;2018;9;29;Online;0;0;0;100.3;0;1
INN10686;2;0;0;2;Meal Plan 1;0;Room_Type 4;10;2018;9;30;Online;0;0;0;204.0;2;0
INN18627;2;0;1;2;Meal Plan 1;0;Room_Type 4;189;2018;10;28;Online;0;0;0;109.8;0;1
INN04150;2;2;0;3;Meal Plan 1;0;Room_Type 1;86;2018;12;8;Online;0;0;0;122.0;0;1
INN32999;2;0;0;2;Meal Plan 1;0;Room_Type 1;1;2018;10;7;Corporate;0;0;0;90.0;1;0
INN28031;2;0;0;4;Meal Plan 1;0;Room_Type 2;11;2017;9;8;Offline;0;0;0;78.94;1;0
INN17688;1;0;0;3;Meal Plan 1;0;Room_Type 1;14;2017;9;15;Online;0;0;0;114.0;1;0
INN20846;2;0;0;2;Meal Plan 1;0;Room_Type 1;301;2018;11;18;Offline;0;0;0;52.0;0;1
INN12383;2;2;0;4;Meal Plan 1;0;Room_Type 6;182;2018;12;27;Online;0;0;0;144.5;1;1
INN29209;2;0;1;4;Meal Plan 1;0;Room_Type 4;142;2018;6;1;Online;0;0;0;83.78;1;0
INN20449;1;0;0;3;Meal Plan 1;0;Room_Type 1;151;2018;1;19;Offline;0;0;0;71.0;0;0
INN03946;2;0;0;2;Not Selected;0;Room_Type 1;1;2017;9;29;Online;0;0;0;91.2;0;0
INN15334;2;0;0;5;Not Selected;0;Room_Type 1;21;2018;7;5;Online;0;0;0;139.0;1;0
INN09347;2;0;1;2;Meal Plan 1;0;Room_Type 4;64;2018;10;14;Online;0;0;0;132.3;1;0
INN29381;2;0;0;3;Meal Plan 1;0;Room_Type 1;162;2018;7;14;Offline;0;0;0;112.0;1;1
INN25448;1;0;1;0;Meal Plan 1;0;Room_Type 1;6;2017;9;27;Online;0;0;0;206.0;1;0
INN15708;1;0;0;3;Meal Plan 1;0;Room_Type 1;151;2018;1;19;Offline;0;0;0;80.0;0;0
INN29073;3;0;1;2;Meal Plan 1;0;Room_Type 7;45;2018;5;13;Online;0;0;0;194.73;0;1
INN27532;2;0;1;2;Meal Plan 1;0;Room_Type 4;5;2018;1;11;Online;0;0;0;99.0;1;0
INN03664;2;0;1;3;Meal Plan 2;0;Room_Type 1;195;2018;12;1;Online;0;0;0;106.25;2;0
INN15279;1;0;1;2;Meal Plan 1;0;Room_Type 1;118;2018;6;6;Offline;0;0;0;110.0;0;0
INN17628;2;0;0;1;Not Selected;0;Room_Type 1;53;2017;12;25;Online;0;0;0;67.5;1;0
INN11398;2;1;1;0;Meal Plan 1;0;Room_Type 1;6;2018;8;7;Online;0;0;0;171.0;2;0
INN03064;2;0;0;4;Meal Plan 1;0;Room_Type 1;37;2018;12;27;Online;0;0;0;108.8;1;0
INN19058;2;0;1;1;Meal Plan 1;0;Room_Type 1;57;2018;5;21;Online;0;0;0;126.9;2;0
INN19463;2;0;2;2;Meal Plan 1;0;Room_Type 1;179;2018;9;30;Online;0;0;0;113.4;0;1
INN26341;1;0;0;2;Meal Plan 1;0;Room_Type 1;103;2018;4;19;Offline;0;0;0;115.0;0;1
INN18266;2;0;2;2;Meal Plan 1;0;Room_Type 4;147;2018;7;1;Online;0;0;0;103.7;2;0
INN02280;2;0;0;1;Meal Plan 1;0;Room_Type 1;443;2018;4;29;Online;0;0;0;65.0;0;1
INN15816;2;0;0;1;Meal Plan 2;0;Room_Type 1;221;2018;8;12;Offline;0;0;0;96.0;1;0
INN28657;3;0;0;5;Meal Plan 1;0;Room_Type 4;89;2018;8;23;Online;0;0;0;150.3;0;1
INN03328;1;0;0;2;Meal Plan 1;0;Room_Type 1;36;2018;1;19;Offline;0;0;0;71.0;0;0
INN08277;2;0;2;3;Meal Plan 1;0;Room_Type 1;5;2018;10;30;Online;0;0;0;127.4;3;0
INN23877;2;0;1;3;Meal Plan 1;0;Room_Type 1;290;2018;12;1;Online;0;0;0;73.95;0;1
INN29451;2;0;0;1;Meal Plan 1;0;Room_Type 1;443;2018;4;29;Offline;0;0;0;65.0;0;1
INN16802;1;0;0;3;Meal Plan 1;0;Room_Type 1;166;2018;11;1;Offline;0;0;0;110.0;0;1
INN34762;3;0;1;3;Meal Plan 1;0;Room_Type 4;141;2018;8;22;Online;0;0;0;135.45;0;0
INN35440;1;0;0;2;Meal Plan 1;0;Room_Type 1;188;2018;6;15;Offline;0;0;0;130.0;0;1
INN16579;2;0;0;2;Meal Plan 1;0;Room_Type 1;66;2018;2;11;Offline;0;0;0;58.0;1;0
INN09165;2;1;0;2;Meal Plan 1;0;Room_Type 6;49;2018;7;20;Online;0;0;0;198.9;0;1
INN33730;2;0;1;2;Meal Plan 1;0;Room_Type 1;4;2017;10;19;Offline;0;0;0;100.8;1;0
INN35041;1;0;0;3;Meal Plan 1;0;Room_Type 1;113;2018;5;31;Corporate;0;0;0;100.0;0;1
INN02116;2;0;0;3;Meal Plan 2;0;Room_Type 1;90;2018;7;13;Offline;0;0;0;102.25;1;0
INN29779;3;0;2;0;Meal Plan 1;0;Room_Type 4;36;2018;6;19;Online;0;0;0;145.8;0;1
INN29880;1;0;0;1;Meal Plan 1;0;Room_Type 4;10;2018;9;30;Aviation;0;0;0;110.0;0;1
INN06602;2;0;1;2;Meal Plan 1;0;Room_Type 1;86;2018;5;20;Offline;0;0;0;65.0;1;0
INN26838;1;0;0;1;Meal Plan 1;0;Room_Type 1;0;2017;11;10;Complementary;1;0;9;0.0;1;0
INN02362;1;0;1;2;Meal Plan 1;0;Room_Type 1;55;2018;5;30;Online;0;0;0;109.35;0;1
INN10897;2;0;1;5;Meal Plan 1;0;Room_Type 1;41;2018;12;27;Offline;0;0;0;70.0;0;0
INN09636;2;2;0;1;Meal Plan 1;0;Room_Type 2;15;2018;3;8;Online;0;0;0;83.03;0;1
INN31717;1;0;0;1;Meal Plan 1;0;Room_Type 1;18;2018;5;13;Online;0;0;0;135.0;0;1
INN00360;2;0;2;0;Meal Plan 1;0;Room_Type 1;19;2018;9;18;Offline;0;0;0;95.0;0;0
INN21642;2;0;1;1;Meal Plan 1;0;Room_Type 4;66;2018;10;3;Online;0;0;0;119.07;1;1
INN36272;2;0;1;3;Meal Plan 1;0;Room_Type 1;228;2018;10;17;Online;0;0;0;90.95;2;1
INN17512;1;0;2;5;Meal Plan 2;0;Room_Type 1;29;2018;3;23;Offline;0;0;0;71.3;0;0
INN04509;2;0;1;1;Meal Plan 2;0;Room_Type 1;301;2018;7;30;Online;0;0;0;109.0;0;1
INN16935;2;0;2;1;Meal Plan 1;0;Room_Type 1;185;2018;3;27;Online;0;0;0;85.0;2;0
INN22972;2;0;0;5;Not Selected;0;Room_Type 1;32;2018;10;25;Online;0;0;0;109.0;1;0
INN29587;2;0;0;2;Meal Plan 1;0;Room_Type 1;105;2018;4;6;Online;0;0;0;62.86;0;0
INN14044;2;0;2;3;Meal Plan 1;0;Room_Type 2;73;2018;3;17;Online;0;0;0;72.12;1;1
INN17468;2;1;1;4;Meal Plan 1;0;Room_Type 1;139;2018;7;11;Online;0;0;0;116.45;0;1
INN08782;2;0;0;2;Meal Plan 2;0;Room_Type 1;320;2018;8;18;Offline;0;0;0;115.0;1;1
INN25102;2;0;0;2;Meal Plan 1;0;Room_Type 1;143;2018;4;22;Online;0;0;0;77.03;0;0
INN33208;2;0;1;2;Not Selected;0;Room_Type 1;243;2018;9;9;Online;0;0;0;95.4;0;1
INN27389;1;0;0;1;Not Selected;0;Room_Type 1;15;2018;4;14;Online;1;0;1;98.1;0;0
INN12469;2;0;2;2;Meal Plan 1;0;Room_Type 4;53;2018;9;11;Online;0;0;0;149.4;0;1
INN26950;2;0;0;2;Meal Plan 1;0;Room_Type 1;47;2018;4;19;Online;0;0;0;105.3;1;0
INN12209;2;0;1;3;Not Selected;0;Room_Type 1;59;2018;6;27;Online;0;0;0;102.6;0;1
INN11365;2;0;2;4;Meal Plan 1;0;Room_Type 1;24;2017;9;20;Offline;0;0;0;85.0;0;0
INN14135;2;0;0;2;Meal Plan 2;0;Room_Type 1;292;2018;7;21;Offline;0;0;0;115.0;0;1
INN33618;2;0;1;2;Meal Plan 1;0;Room_Type 1;273;2018;5;13;Offline;0;0;0;95.0;0;1
INN05008;2;0;0;2;Meal Plan 1;0;Room_Type 1;37;2017;9;16;Online;0;0;0;94.5;0;0
INN16871;1;0;1;0;Meal Plan 1;0;Room_Type 1;6;2018;5;23;Corporate;0;0;0;95.0;0;0
INN17380;3;0;0;1;Meal Plan 1;0;Room_Type 4;65;2018;8;16;Online;0;0;0;168.3;2;0
INN00427;2;0;0;4;Not Selected;0;Room_Type 1;236;2018;9;27;Online;0;0;0;84.43;1;1
INN13741;2;1;0;5;Meal Plan 1;0;Room_Type 1;132;2018;11;1;Online;0;0;0;106.2;0;1
INN00016;2;0;0;2;Meal Plan 2;0;Room_Type 1;256;2018;6;15;Online;0;0;0;115.0;1;1
INN23893;2;0;0;2;Not Selected;0;Room_Type 1;58;2018;11;11;Online;0;0;0;88.0;0;1
INN31286;2;0;2;2;Meal Plan 1;0;Room_Type 4;31;2018;9;9;Online;0;0;0;149.4;2;0
INN00711;2;0;0;4;Meal Plan 1;0;Room_Type 1;256;2018;8;31;Online;0;0;0;90.95;0;1
INN24502;2;0;0;3;Not Selected;1;Room_Type 1;114;2018;8;4;Online;0;0;0;106.5;1;0
INN02567;2;0;0;3;Meal Plan 1;0;Room_Type 1;304;2018;11;3;Online;0;0;0;89.0;0;1
INN24733;2;0;0;3;Not Selected;0;Room_Type 1;70;2018;4;5;Online;0;0;0;85.5;0;0
INN11767;2;0;1;1;Meal Plan 1;0;Room_Type 1;60;2017;10;12;Offline;0;0;0;65.0;1;0
INN29463;1;0;0;2;Meal Plan 1;0;Room_Type 1;1;2018;2;24;Corporate;1;0;10;65.5;0;0
INN13057;2;0;0;2;Meal Plan 1;0;Room_Type 1;30;2018;6;2;Offline;0;0;0;140.0;0;0
INN00636;1;0;0;2;Meal Plan 1;0;Room_Type 1;192;2018;6;24;Offline;0;0;0;95.0;0;0
INN02667;2;0;0;1;Not Selected;0;Room_Type 1;4;2018;2;13;Online;0;0;0;81.0;0;0
INN18271;3;0;2;1;Not Selected;0;Room_Type 1;67;2017;12;5;Online;0;0;0;130.4;2;0
INN00166;1;0;2;1;Meal Plan 2;0;Room_Type 1;23;2018;1;2;Online;0;0;0;1.0;0;0
INN28269;2;0;0;1;Meal Plan 1;1;Room_Type 4;45;2018;9;9;Online;0;0;0;149.4;1;0
INN01387;1;0;1;0;Meal Plan 1;0;Room_Type 1;35;2018;5;16;Corporate;0;0;0;89.0;0;0
INN11831;2;0;1;5;Meal Plan 1;0;Room_Type 1;12;2017;11;2;Offline;0;0;0;68.0;0;0
INN02254;2;0;1;1;Meal Plan 1;0;Room_Type 1;174;2017;10;10;Online;0;0;0;70.0;0;1
INN14737;2;0;1;2;Not Selected;0;Room_Type 1;36;2018;12;9;Online;0;0;0;88.0;1;0
INN24244;1;0;0;3;Meal Plan 1;0;Room_Type 1;71;2018;5;10;Offline;0;0;0;80.0;0;0
INN05558;2;0;0;4;Meal Plan 1;0;Room_Type 4;166;2018;6;29;Online;0;0;0;99.45;0;1
INN18868;2;0;1;2;Not Selected;0;Room_Type 1;213;2018;8;12;Online;0;0;0;94.5;1;0
INN28400;2;0;1;2;Meal Plan 1;0;Room_Type 1;7;2018;2;12;Offline;0;0;0;87.0;0;0
INN03680;2;0;2;2;Not Selected;0;Room_Type 1;148;2018;4;23;Online;0;0;0;80.75;1;0
INN16384;2;0;2;1;Not Selected;0;Room_Type 1;31;2018;12;3;Offline;0;0;0;63.0;0;0
INN24667;2;0;2;4;Meal Plan 1;0;Room_Type 1;0;2017;8;7;Online;0;0;0;90.0;2;0
INN33892;2;0;0;2;Not Selected;0;Room_Type 1;99;2018;3;17;Online;0;0;0;67.5;0;0
INN16583;1;0;1;4;Meal Plan 1;0;Room_Type 1;191;2018;7;25;Online;0;0;0;86.75;0;1
INN28970;1;0;0;1;Not Selected;0;Room_Type 1;1;2018;12;27;Online;0;0;0;65.6;0;0
INN15571;2;0;1;2;Meal Plan 1;0;Room_Type 1;3;2017;11;13;Offline;0;0;0;64.0;0;0
INN00230;1;0;1;2;Meal Plan 1;0;Room_Type 1;32;2018;2;5;Online;0;0;0;72.9;0;1
INN20860;2;0;1;2;Meal Plan 1;0;Room_Type 4;32;2018;10;7;Online;0;0;0;121.27;1;0
INN17347;1;0;1;0;Meal Plan 1;0;Room_Type 1;1;2017;9;7;Online;0;0;0;133.0;1;0
INN13820;1;0;0;1;Meal Plan 1;0;Room_Type 1;6;2017;8;12;Corporate;0;0;0;65.0;0;0
INN25584;2;0;1;3;Meal Plan 1;0;Room_Type 1;8;2018;4;7;Online;0;0;0;112.5;0;0
INN33597;2;0;0;3;Meal Plan 1;0;Room_Type 1;89;2018;3;24;Offline;1;1;0;63.58;0;0
INN09804;2;0;0;3;Not Selected;0;Room_Type 1;22;2018;3;3;Online;0;0;0;84.33;0;0
INN13771;2;0;2;7;Not Selected;0;Room_Type 1;252;2018;12;28;Online;0;0;0;69.42;1;1
INN30354;1;0;2;4;Meal Plan 1;0;Room_Type 1;31;2018;5;15;Corporate;0;0;0;95.0;1;0
INN32550;2;0;2;5;Meal Plan 1;0;Room_Type 1;2;2017;8;19;Online;0;0;0;99.14;0;0
INN24463;2;0;0;3;Meal Plan 1;0;Room_Type 1;3;2018;12;6;Online;0;0;0;81.88;0;0
INN01259;1;0;0;2;Meal Plan 2;0;Room_Type 1;102;2017;10;16;Online;0;0;0;80.0;0;1
INN15755;1;0;1;3;Meal Plan 1;0;Room_Type 1;51;2018;11;3;Online;0;0;0;90.0;0;1
INN05794;2;0;2;3;Not Selected;0;Room_Type 1;83;2018;10;16;Online;0;0;0;108.0;1;0
INN12833;2;0;2;3;Meal Plan 1;0;Room_Type 1;40;2018;5;21;Online;0;0;0;126.9;0;1
INN02456;2;0;1;1;Not Selected;0;Room_Type 1;17;2018;11;12;Online;0;0;0;114.0;2;0
INN22971;2;0;1;3;Not Selected;0;Room_Type 1;21;2018;8;1;Online;0;0;0;138.0;0;1
INN17379;2;0;1;1;Meal Plan 1;0;Room_Type 1;9;2017;10;31;Online;0;0;0;87.0;1;0
INN18200;2;1;2;1;Meal Plan 1;0;Room_Type 1;10;2018;9;18;Online;0;0;0;171.33;2;0
INN12182;2;0;2;2;Meal Plan 1;0;Room_Type 1;251;2018;9;25;Online;0;0;0;100.3;2;1
INN14343;2;0;1;2;Meal Plan 1;0;Room_Type 1;57;2018;6;10;Offline;0;0;0;90.67;1;0
INN22900;2;1;1;4;Meal Plan 1;0;Room_Type 1;73;2018;10;12;Online;0;0;0;135.0;1;1
INN10369;2;0;0;3;Not Selected;0;Room_Type 1;66;2018;3;16;Online;0;0;0;73.5;0;1
INN08756;1;0;0;1;Not Selected;0;Room_Type 1;0;2018;12;14;Complementary;0;0;0;0.0;0;0
INN00926;2;0;1;3;Meal Plan 1;0;Room_Type 4;11;2018;9;15;Online;0;0;0;113.34;1;0
INN32144;2;0;0;2;Not Selected;0;Room_Type 1;41;2018;4;1;Online;0;0;0;107.1;0;0
INN15980;2;0;2;1;Not Selected;0;Room_Type 1;121;2018;4;30;Online;0;0;0;91.5;0;0
INN35838;1;0;0;1;Meal Plan 1;0;Room_Type 1;7;2018;5;24;Corporate;1;0;1;117.9;0;0
INN20153;2;0;0;2;Meal Plan 1;0;Room_Type 4;32;2018;9;15;Online;0;0;0;149.4;2;0
INN30396;2;0;1;2;Meal Plan 1;0;Room_Type 1;16;2018;1;15;Online;0;0;0;98.0;1;0
INN19600;2;0;1;3;Not Selected;0;Room_Type 1;62;2018;7;18;Online;0;0;0;70.78;1;0
INN32725;2;0;1;3;Meal Plan 1;0;Room_Type 1;107;2018;5;5;Online;0;0;0;81.76;1;0
INN19789;2;0;0;4;Meal Plan 1;0;Room_Type 1;8;2018;1;19;Online;0;0;0;83.0;1;0
INN26605;2;0;1;2;Meal Plan 1;1;Room_Type 1;126;2017;7;27;Online;0;0;0;85.5;1;0
INN05533;1;0;0;2;Meal Plan 1;0;Room_Type 1;14;2018;2;18;Online;0;0;0;85.0;0;1
INN14895;2;0;1;5;Meal Plan 1;0;Room_Type 1;147;2018;9;12;Online;0;0;0;126.9;0;1
INN26989;2;0;1;2;Meal Plan 1;0;Room_Type 1;147;2018;9;16;Offline;0;0;0;89.75;2;0
INN03363;2;0;1;1;Meal Plan 1;0;Room_Type 1;60;2017;9;21;Offline;0;0;0;65.0;0;0
INN18105;1;0;1;2;Meal Plan 1;0;Room_Type 4;49;2018;9;5;Online;0;0;0;115.5;1;1
INN05955;2;0;0;2;Meal Plan 2;0;Room_Type 1;377;2018;10;14;Online;0;0;0;115.0;1;1
INN14013;2;0;0;3;Meal Plan 1;0;Room_Type 4;213;2018;9;8;Online;0;0;0;117.11;1;1
INN23964;2;1;2;3;Meal Plan 1;0;Room_Type 1;68;2018;4;23;Online;0;0;0;109.65;0;1
INN09532;2;0;0;2;Meal Plan 1;0;Room_Type 1;50;2018;11;9;Online;0;0;0;145.69;0;1
INN32487;2;0;2;1;Not Selected;0;Room_Type 1;51;2018;8;6;Online;0;0;0;125.1;2;0
INN06716;2;0;2;1;Meal Plan 1;0;Room_Type 1;33;2018;1;3;Online;0;0;0;71.84;0;0
INN35142;2;0;0;4;Meal Plan 1;0;Room_Type 1;49;2018;2;23;Online;0;0;0;73.95;1;0
INN13024;2;0;0;3;Not Selected;0;Room_Type 1;260;2018;9;22;Online;0;0;0;113.4;0;1
INN18573;1;0;0;2;Meal Plan 1;0;Room_Type 1;151;2018;1;19;Offline;0;0;0;71.0;0;0
INN26216;1;0;0;2;Meal Plan 1;0;Room_Type 4;10;2018;7;20;Online;0;0;0;176.0;2;0
INN28561;2;0;0;1;Meal Plan 1;0;Room_Type 1;41;2018;12;27;Offline;0;0;0;65.0;0;0
INN17299;3;0;0;2;Meal Plan 1;0;Room_Type 4;74;2018;6;15;Online;0;0;0;186.3;0;1
INN26296;2;1;2;0;Meal Plan 1;1;Room_Type 1;14;2018;12;25;Online;0;0;0;135.0;2;0
INN21460;2;1;2;2;Meal Plan 1;0;Room_Type 1;52;2018;12;4;Online;0;0;0;103.7;3;0
INN12900;3;0;1;2;Meal Plan 1;0;Room_Type 1;80;2018;4;11;Online;0;0;0;137.7;2;0
INN29201;2;0;0;2;Meal Plan 2;0;Room_Type 1;102;2017;10;16;Offline;0;0;0;101.5;0;1
INN31498;2;0;0;1;Meal Plan 1;0;Room_Type 1;1;2018;6;2;Online;0;0;0;120.0;0;0
INN00824;2;0;1;1;Meal Plan 2;0;Room_Type 1;247;2018;6;6;Online;0;0;0;109.0;0;1
INN05859;2;0;2;5;Meal Plan 1;0;Room_Type 4;41;2018;4;22;Online;0;0;0;87.09;1;0
INN18538;3;0;1;4;Meal Plan 1;0;Room_Type 4;63;2018;4;25;Online;0;0;0;134.47;2;0
INN21072;2;0;1;1;Not Selected;0;Room_Type 1;151;2018;7;11;Offline;0;0;0;63.75;1;1
INN22279;1;0;0;1;Meal Plan 1;0;Room_Type 4;2;2018;3;2;Offline;0;0;0;55.0;0;0
INN19611;2;0;2;5;Meal Plan 1;0;Room_Type 1;8;2018;1;16;Online;0;0;0;78.3;0;0
INN34356;2;2;2;1;Meal Plan 1;0;Room_Type 6;165;2018;7;16;Online;0;0;0;177.3;2;1
INN18988;2;0;0;3;Meal Plan 1;0;Room_Type 1;186;2018;11;24;Online;0;0;0;64.56;0;1
INN07416;2;0;1;0;Not Selected;0;Room_Type 1;1;2018;5;8;Online;0;0;0;56.47;0;0
INN17933;2;0;1;0;Not Selected;0;Room_Type 1;24;2018;9;12;Online;0;0;0;89.0;3;0
INN00563;3;0;2;5;Meal Plan 1;0;Room_Type 4;184;2018;8;3;Online;0;0;0;130.05;3;0
INN02664;2;0;2;4;Meal Plan 1;0;Room_Type 1;160;2018;4;27;Online;0;0;0;90.0;0;1
INN13423;2;0;2;1;Meal Plan 2;0;Room_Type 1;117;2017;8;1;Offline;0;0;0;94.5;0;1
INN14784;1;0;0;3;Not Selected;0;Room_Type 1;4;2018;10;25;Online;0;0;0;84.7;1;0
INN04281;2;0;0;3;Meal Plan 1;0;Room_Type 1;47;2018;3;29;Offline;0;0;0;75.0;0;0
INN20941;2;2;0;2;Meal Plan 1;0;Room_Type 6;27;2018;9;29;Online;0;0;0;234.0;1;1
INN33925;2;0;0;1;Meal Plan 1;0;Room_Type 1;180;2017;10;16;Offline;0;0;0;70.0;0;1
INN15456;2;0;2;1;Meal Plan 2;0;Room_Type 1;124;2017;8;8;Offline;0;0;0;94.5;0;1
INN28319;2;0;1;0;Not Selected;0;Room_Type 1;24;2018;9;11;Online;0;0;0;0.0;1;0
INN15402;2;1;2;0;Meal Plan 1;0;Room_Type 1;68;2018;4;24;Online;0;0;0;117.0;2;0
INN31310;3;0;2;3;Meal Plan 1;0;Room_Type 4;24;2018;4;17;Online;0;0;0;145.4;2;0
INN10781;1;0;0;3;Meal Plan 1;0;Room_Type 1;134;2018;6;30;Online;0;0;0;90.9;0;1
INN02235;2;0;0;2;Not Selected;0;Room_Type 1;9;2018;2;12;Online;0;0;0;81.0;1;0
INN32066;2;0;0;1;Meal Plan 1;0;Room_Type 4;11;2018;11;5;Online;0;0;0;140.0;1;1
INN00315;2;0;2;1;Meal Plan 1;0;Room_Type 1;26;2018;2;28;Offline;0;0;0;87.0;0;0
INN17343;1;0;0;1;Meal Plan 1;0;Room_Type 4;1;2018;10;18;Offline;0;0;0;107.0;0;0
INN29415;1;0;0;2;Meal Plan 1;0;Room_Type 1;167;2018;10;5;Offline;0;0;0;78.2;0;1
INN33752;2;0;0;2;Meal Plan 2;0;Room_Type 1;63;2017;9;4;Offline;0;0;0;116.0;0;0
INN14623;1;0;0;3;Meal Plan 1;0;Room_Type 1;335;2018;10;13;Offline;0;0;0;80.0;0;0
INN17834;2;0;0;1;Meal Plan 1;0;Room_Type 1;128;2018;9;15;Offline;0;0;0;80.75;0;0
INN13842;2;0;2;5;Not Selected;0;Room_Type 1;279;2018;8;25;Online;0;0;0;80.75;1;1
INN05996;1;0;0;3;Meal Plan 1;0;Room_Type 1;26;2018;3;29;Online;0;0;0;128.33;1;0
INN10623;1;0;1;2;Meal Plan 1;0;Room_Type 1;91;2018;9;30;Offline;0;0;0;75.0;0;0
INN06048;1;0;0;3;Meal Plan 1;0;Room_Type 1;191;2018;6;23;Offline;0;0;0;95.0;0;0
INN19534;2;0;0;1;Meal Plan 1;0;Room_Type 1;5;2018;8;20;Online;0;0;0;130.0;3;0
INN10673;2;0;0;1;Meal Plan 1;0;Room_Type 1;26;2018;6;8;Offline;0;0;0;120.0;0;0
INN33896;1;0;2;2;Meal Plan 1;0;Room_Type 5;108;2018;5;27;Offline;0;0;0;153.9;0;0
INN12098;2;0;1;1;Meal Plan 1;0;Room_Type 1;190;2018;4;9;Offline;1;13;1;70.0;0;1
INN02147;1;0;2;0;Meal Plan 1;0;Room_Type 1;5;2018;2;28;Corporate;1;0;2;66.0;0;0
INN09696;1;0;0;2;Meal Plan 1;0;Room_Type 1;14;2017;10;15;Offline;0;0;0;100.0;0;0
INN09397;2;0;0;2;Meal Plan 2;0;Room_Type 1;291;2018;8;19;Offline;0;0;0;115.0;0;1
INN29693;2;0;2;2;Meal Plan 1;0;Room_Type 1;129;2018;5;13;Offline;0;0;0;80.75;0;0
INN30844;2;0;2;4;Not Selected;0;Room_Type 1;125;2018;7;2;Online;0;0;0;90.67;2;0
INN02459;3;0;2;5;Meal Plan 1;0;Room_Type 4;42;2018;3;17;Online;0;0;0;124.79;1;1
INN08637;2;1;2;1;Meal Plan 1;0;Room_Type 1;13;2018;2;13;Online;0;0;0;109.0;2;0
INN08446;2;0;0;2;Meal Plan 2;0;Room_Type 4;60;2018;9;29;Online;0;0;0;149.77;3;0
INN16210;1;0;0;1;Meal Plan 1;0;Room_Type 1;15;2018;2;19;Corporate;0;0;0;81.0;0;0
INN15891;2;0;0;4;Meal Plan 1;0;Room_Type 1;147;2018;5;4;Online;0;0;0;101.7;0;1
INN30059;2;0;0;1;Not Selected;1;Room_Type 1;40;2018;7;23;Online;0;0;0;134.1;1;0
INN34226;2;0;0;2;Meal Plan 2;0;Room_Type 1;74;2017;9;18;Offline;0;0;0;109.0;0;0
INN14054;1;0;1;2;Meal Plan 1;0;Room_Type 1;114;2018;7;1;Offline;0;0;0;75.0;0;1
INN28137;2;0;0;4;Not Selected;0;Room_Type 1;52;2018;11;23;Online;0;0;0;74.8;1;0
INN13113;2;0;0;3;Not Selected;0;Room_Type 1;260;2018;9;22;Online;0;0;0;113.4;0;1
INN27908;2;0;0;2;Meal Plan 2;0;Room_Type 1;273;2017;7;17;Offline;0;0;0;109.0;0;1
INN04292;2;0;2;2;Not Selected;0;Room_Type 1;95;2018;5;21;Online;0;0;0;109.65;0;1
INN26749;3;0;2;1;Meal Plan 1;0;Room_Type 4;71;2018;8;14;Online;0;0;0;168.3;0;1
INN26922;2;1;1;2;Meal Plan 1;0;Room_Type 6;64;2018;11;18;Online;0;0;0;162.4;1;1
INN32825;1;0;2;1;Meal Plan 1;0;Room_Type 1;4;2017;10;18;Corporate;0;0;0;65.0;0;0
INN08510;1;0;0;2;Meal Plan 1;0;Room_Type 1;95;2018;4;5;Online;0;0;0;72.8;0;1
INN02285;2;0;2;2;Meal Plan 1;0;Room_Type 1;134;2017;12;4;Offline;0;0;0;65.0;0;0
INN19052;2;0;1;1;Not Selected;0;Room_Type 1;106;2018;7;25;Online;0;0;0;94.5;0;1
INN25360;2;1;2;2;Meal Plan 1;0;Room_Type 1;6;2018;8;7;Online;0;0;0;180.0;1;0
INN13081;2;0;1;4;Meal Plan 1;0;Room_Type 4;128;2018;8;17;Online;0;0;0;122.4;0;1
INN09456;3;0;1;3;Meal Plan 1;0;Room_Type 4;11;2018;5;30;Online;0;0;0;141.95;2;0
INN25067;2;0;0;1;Not Selected;0;Room_Type 1;81;2018;5;19;Online;0;0;0;116.1;0;1
INN04684;2;0;0;2;Meal Plan 1;0;Room_Type 1;15;2018;8;30;Online;0;0;0;117.0;2;0
INN18856;2;0;0;1;Not Selected;0;Room_Type 1;0;2018;10;22;Online;0;0;0;120.0;0;0
INN00366;3;0;1;4;Meal Plan 1;0;Room_Type 1;50;2018;2;22;Online;0;0;0;78.85;1;0
INN05730;2;0;0;1;Meal Plan 1;0;Room_Type 1;4;2018;11;9;Online;0;0;0;205.0;1;0
INN21996;2;0;2;3;Meal Plan 1;0;Room_Type 1;93;2018;7;10;Offline;0;0;0;72.25;1;0
INN34186;1;0;0;1;Meal Plan 1;0;Room_Type 1;2;2018;6;1;Offline;0;0;0;100.0;0;0
INN17612;2;0;1;3;Meal Plan 1;0;Room_Type 4;65;2018;12;26;Online;0;0;0;105.61;1;0
INN21854;2;0;1;0;Meal Plan 1;0;Room_Type 1;12;2017;10;4;Offline;0;0;0;72.0;0;0
INN31770;1;0;0;2;Meal Plan 1;0;Room_Type 1;192;2018;6;24;Offline;0;0;0;95.0;0;0
INN33970;2;0;1;3;Meal Plan 1;0;Room_Type 1;24;2018;10;17;Offline;0;0;0;85.0;1;0
INN07340;2;0;2;2;Meal Plan 1;0;Room_Type 4;83;2018;4;16;Online;0;0;0;103.7;0;0
INN12273;2;0;0;4;Meal Plan 1;0;Room_Type 4;19;2018;12;28;Online;0;0;0;131.35;1;0
INN35731;1;0;0;2;Meal Plan 1;0;Room_Type 1;8;2018;12;6;Online;0;0;0;72.38;1;0
INN19199;1;0;0;1;Meal Plan 1;0;Room_Type 1;1;2018;2;13;Corporate;0;0;0;79.0;0;0
INN14226;1;0;0;1;Meal Plan 1;0;Room_Type 1;0;2018;2;19;Corporate;0;0;0;80.0;0;0
INN13769;1;0;0;2;Meal Plan 1;0;Room_Type 1;164;2017;10;2;Offline;0;0;0;100.0;0;0
INN13068;2;0;2;2;Not Selected;0;Room_Type 1;143;2018;8;26;Online;0;0;0;85.5;0;1
INN34978;2;2;2;2;Meal Plan 1;0;Room_Type 6;23;2018;5;7;Online;0;0;0;198.9;0;1
INN16932;1;0;0;3;Meal Plan 1;0;Room_Type 1;71;2018;6;14;Offline;0;0;0;120.0;0;0
INN08973;2;0;1;1;Meal Plan 1;0;Room_Type 1;4;2018;5;2;Offline;0;0;0;90.0;0;0
INN00310;2;0;1;3;Meal Plan 1;0;Room_Type 1;37;2018;8;1;Online;0;0;0;135.9;0;1
INN04725;2;2;0;4;Meal Plan 1;0;Room_Type 6;33;2017;10;6;Online;0;0;0;159.75;2;1
INN10359;2;0;0;1;Not Selected;0;Room_Type 1;45;2018;3;8;Online;0;0;0;67.5;0;1
INN09777;2;0;0;2;Meal Plan 2;0;Room_Type 1;257;2017;7;1;Offline;0;0;0;101.5;0;1
INN34981;2;0;1;3;Meal Plan 1;0;Room_Type 1;45;2018;5;30;Offline;0;0;0;80.75;0;0
INN02453;2;0;0;4;Not Selected;0;Room_Type 1;85;2018;7;13;Online;0;0;0;94.5;0;1
INN24359;1;0;0;2;Meal Plan 1;0;Room_Type 1;6;2018;11;23;Offline;0;0;0;75.0;0;0
INN18234;2;0;1;2;Meal Plan 1;0;Room_Type 4;77;2018;4;18;Online;0;0;0;115.8;1;0
INN26048;2;0;2;2;Meal Plan 1;0;Room_Type 1;18;2018;5;29;Online;0;0;0;98.6;2;0
INN25503;2;0;1;2;Meal Plan 1;0;Room_Type 1;92;2018;8;26;Online;0;0;0;117.9;2;0
INN22535;2;0;1;2;Meal Plan 1;0;Room_Type 1;84;2017;10;16;Online;0;0;0;89.25;2;0
INN34156;2;0;1;1;Meal Plan 1;0;Room_Type 1;252;2018;10;15;Online;0;0;0;111.6;0;1
INN15427;2;0;0;2;Meal Plan 1;0;Room_Type 1;182;2018;9;30;Online;0;0;0;117.9;2;1
INN06727;2;0;2;0;Meal Plan 1;0;Room_Type 1;5;2017;9;20;Corporate;1;1;0;100.0;0;0
INN25563;2;0;1;0;Meal Plan 1;0;Room_Type 4;23;2018;11;6;Offline;0;0;0;92.0;0;0
INN10183;1;0;2;4;Not Selected;0;Room_Type 1;37;2018;3;31;Online;0;0;0;107.1;0;1
INN12972;2;0;1;1;Meal Plan 1;0;Room_Type 1;73;2018;6;4;Online;0;0;0;122.4;2;0
INN04791;2;0;0;2;Meal Plan 1;1;Room_Type 1;48;2018;2;23;Online;0;0;0;89.3;1;0
INN16470;2;0;0;1;Meal Plan 1;0;Room_Type 1;105;2018;4;6;Offline;0;0;0;75.0;0;1
INN26028;2;0;0;3;Meal Plan 1;0;Room_Type 1;314;2018;10;12;Offline;0;0;0;75.0;0;1
INN18361;2;0;1;2;Meal Plan 1;0;Room_Type 1;88;2018;4;4;Online;0;0;0;90.3;1;0
INN36237;2;0;0;3;Meal Plan 1;0;Room_Type 4;21;2018;3;8;Online;0;0;0;73.03;1;0
INN30970;2;0;1;2;Meal Plan 1;0;Room_Type 4;185;2018;12;16;Online;0;0;0;103.5;0;0
INN32149;1;0;0;2;Meal Plan 1;0;Room_Type 1;2;2018;1;13;Online;1;11;4;77.5;0;0
INN11375;2;0;2;3;Meal Plan 1;0;Room_Type 1;157;2018;6;26;Online;0;0;0;90.95;0;1
INN10564;1;0;0;4;Meal Plan 1;0;Room_Type 5;109;2018;11;8;Offline;0;0;0;216.0;1;1
INN22316;2;2;0;4;Meal Plan 1;0;Room_Type 6;0;2018;5;3;Online;0;0;0;221.0;1;0
INN10508;2;0;1;4;Meal Plan 2;0;Room_Type 1;187;2018;9;12;Online;0;0;0;152.15;2;1
INN20853;1;0;0;3;Meal Plan 1;0;Room_Type 1;113;2018;5;31;Corporate;0;0;0;100.0;0;1
INN25200;2;0;2;1;Not Selected;0;Room_Type 1;8;2018;10;29;Online;0;0;0;126.67;1;0
INN23338;2;0;0;4;Meal Plan 1;0;Room_Type 4;169;2018;5;25;Online;0;0;0;123.25;0;1
INN31754;2;0;0;4;Meal Plan 1;0;Room_Type 1;57;2018;3;30;Online;0;0;0;85.85;1;0
INN31321;2;0;1;2;Meal Plan 1;0;Room_Type 1;55;2018;2;26;Online;0;0;0;83.3;1;0
INN22400;2;0;0;4;Meal Plan 1;0;Room_Type 1;197;2018;8;9;Online;0;0;0;108.45;1;1
INN33010;1;0;0;2;Meal Plan 1;0;Room_Type 1;107;2018;4;5;Online;0;0;0;81.9;0;1
INN34343;3;0;2;2;Meal Plan 1;1;Room_Type 4;162;2018;8;21;Online;0;0;0;139.05;2;1
INN01141;1;0;0;2;Meal Plan 1;0;Room_Type 1;32;2017;11;20;Offline;0;0;0;73.0;0;0
INN26195;2;0;2;2;Meal Plan 1;0;Room_Type 4;86;2018;9;3;Offline;0;0;0;90.95;3;0
INN20981;3;0;0;3;Meal Plan 1;0;Room_Type 4;3;2018;5;26;Online;0;0;0;137.33;1;0
INN31580;1;0;0;1;Meal Plan 1;0;Room_Type 1;21;2018;2;11;Online;0;0;0;85.0;0;1
INN12628;2;0;1;0;Meal Plan 1;0;Room_Type 1;0;2017;8;3;Complementary;0;0;0;0.0;0;0
INN16528;2;0;0;2;Meal Plan 1;0;Room_Type 1;70;2018;6;3;Offline;0;0;0;100.0;0;0
INN16900;2;0;0;4;Meal Plan 1;0;Room_Type 1;8;2017;10;20;Online;0;0;0;97.02;0;0
INN12444;2;0;0;1;Meal Plan 1;0;Room_Type 4;35;2017;12;26;Online;0;0;0;97.0;1;0
INN07366;2;0;0;1;Meal Plan 1;0;Room_Type 1;143;2018;7;13;Online;0;0;0;81.08;1;0
INN22869;2;1;0;3;Meal Plan 1;0;Room_Type 1;42;2018;10;20;Online;0;0;0;164.33;1;1
INN02240;2;0;2;5;Meal Plan 1;0;Room_Type 4;4;2018;12;2;Online;0;0;0;97.75;1;0
INN14565;2;0;0;3;Meal Plan 1;0;Room_Type 1;92;2017;11;26;Offline;0;0;0;49.07;1;0
INN32037;2;0;2;0;Meal Plan 1;0;Room_Type 4;88;2018;10;2;Online;0;0;0;132.3;1;1
INN33960;2;0;1;3;Meal Plan 1;0;Room_Type 1;23;2017;9;14;Online;0;0;0;105.0;2;0
INN04360;2;0;2;2;Meal Plan 1;0;Room_Type 1;11;2017;10;23;Offline;0;0;0;88.5;0;0
INN33131;2;0;1;1;Meal Plan 1;0;Room_Type 4;41;2018;5;28;Online;0;0;0;131.4;1;0
INN08098;2;0;0;3;Meal Plan 1;0;Room_Type 4;280;2018;11;16;Online;0;0;0;91.8;1;1
INN23979;3;0;2;2;Meal Plan 1;0;Room_Type 4;47;2018;3;18;Online;0;0;0;124.1;1;1
INN22132;2;0;0;2;Meal Plan 2;0;Room_Type 1;292;2018;7;21;Offline;0;0;0;115.0;0;1
INN32088;2;0;1;3;Not Selected;0;Room_Type 1;21;2018;5;9;Online;0;0;0;114.0;2;0
INN12681;2;0;2;4;Meal Plan 1;0;Room_Type 4;95;2018;7;14;Online;0;0;0;118.8;1;0
INN20920;3;0;0;3;Meal Plan 1;0;Room_Type 4;172;2018;8;11;Online;0;0;0;137.7;1;1
INN10800;2;0;2;1;Meal Plan 1;0;Room_Type 1;40;2018;8;28;Online;0;0;0;112.5;1;0
INN01755;2;0;0;1;Meal Plan 1;0;Room_Type 4;25;2018;4;30;Online;0;0;0;156.0;2;0
INN00935;1;0;0;2;Meal Plan 1;0;Room_Type 1;15;2017;8;27;Online;0;0;0;80.0;1;1
INN01491;1;0;2;7;Meal Plan 1;0;Room_Type 1;0;2017;8;25;Complementary;0;0;0;0.0;0;0
INN15323;2;0;1;2;Meal Plan 1;0;Room_Type 1;207;2018;12;30;Offline;0;0;0;95.0;0;0
INN20915;2;0;0;4;Not Selected;0;Room_Type 1;31;2018;8;30;Online;0;0;0;99.0;0;1
INN17696;2;0;1;1;Not Selected;0;Room_Type 1;16;2018;3;5;Online;0;0;0;84.0;0;1
INN14283;2;0;1;1;Meal Plan 1;0;Room_Type 1;39;2018;2;27;Online;0;0;0;80.1;0;1
INN25634;1;0;2;1;Not Selected;0;Room_Type 1;34;2018;5;22;Online;0;0;0;98.1;1;0
INN28563;1;0;0;1;Meal Plan 1;0;Room_Type 1;1;2018;5;11;Offline;0;0;0;135.0;0;0
INN28057;1;0;0;2;Meal Plan 1;0;Room_Type 1;9;2018;3;2;Corporate;0;0;0;55.0;0;1
INN34368;1;0;1;0;Not Selected;0;Room_Type 1;180;2018;11;13;Online;0;0;0;51.28;2;0
INN15171;2;0;1;2;Meal Plan 1;0;Room_Type 1;86;2017;11;20;Offline;0;0;0;49.07;0;0
INN00278;1;0;2;1;Meal Plan 1;0;Room_Type 1;33;2018;3;5;Online;0;0;0;82.9;2;0
INN24488;1;0;0;3;Meal Plan 1;0;Room_Type 1;71;2018;6;14;Offline;0;0;0;120.0;0;0
INN17041;2;0;1;4;Meal Plan 1;0;Room_Type 4;27;2018;10;3;Online;0;0;0;163.8;0;1
INN00941;1;0;2;1;Meal Plan 1;0;Room_Type 1;40;2017;10;25;Online;0;0;0;71.64;0;0
INN06200;2;0;1;2;Meal Plan 1;0;Room_Type 1;338;2018;10;7;Online;0;0;0;80.0;0;1
INN21265;2;0;1;3;Meal Plan 1;0;Room_Type 1;45;2018;11;28;Online;0;0;0;88.4;0;0
INN27862;1;0;2;1;Meal Plan 1;0;Room_Type 1;1;2018;2;28;Offline;0;0;0;60.0;0;1
INN14407;2;2;0;1;Meal Plan 1;0;Room_Type 6;0;2017;9;3;Online;0;0;0;155.0;0;0
INN23942;2;0;1;2;Meal Plan 1;0;Room_Type 4;189;2018;10;28;Online;0;0;0;109.8;0;1
INN34639;1;0;1;2;Meal Plan 1;0;Room_Type 1;3;2018;2;29;Corporate;1;0;1;66.0;0;0
INN33385;2;0;1;3;Not Selected;0;Room_Type 1;22;2018;9;26;Online;0;0;0;119.0;0;1
INN06569;1;0;1;1;Meal Plan 1;0;Room_Type 1;18;2018;5;9;Offline;0;0;0;88.8;0;0
INN26106;2;0;1;2;Meal Plan 1;0;Room_Type 1;198;2018;9;9;Offline;0;0;0;90.0;0;1
INN17131;3;0;1;2;Meal Plan 1;0;Room_Type 4;134;2018;8;12;Online;0;0;0;146.7;1;0
INN08997;2;0;1;2;Not Selected;0;Room_Type 1;40;2018;4;1;Online;0;0;0;107.1;0;1
INN05799;2;0;1;0;Not Selected;0;Room_Type 1;49;2018;7;11;Online;0;0;0;93.15;0;1
INN14736;2;1;2;6;Meal Plan 1;0;Room_Type 1;71;2018;9;1;Online;0;0;0;150.98;3;0
INN35993;1;0;0;2;Meal Plan 1;0;Room_Type 1;32;2017;11;20;Offline;0;0;0;73.0;0;0
INN03219;2;0;1;0;Meal Plan 1;0;Room_Type 1;22;2018;11;27;Online;0;0;0;104.0;1;0
INN31368;2;0;2;2;Meal Plan 1;0;Room_Type 1;30;2018;11;12;Online;0;0;0;68.71;0;1
INN10080;2;0;1;3;Meal Plan 1;0;Room_Type 1;79;2018;3;24;Online;0;0;0;90.95;1;1
INN27255;2;0;0;2;Meal Plan 1;0;Room_Type 1;91;2018;5;10;Offline;0;0;0;75.0;0;1
INN34643;2;0;1;5;Not Selected;0;Room_Type 1;85;2018;3;28;Online;0;0;0;72.25;2;0
INN02139;3;0;1;2;Meal Plan 1;0;Room_Type 4;18;2018;8;15;Online;0;0;0;191.0;0;0
INN32645;2;0;2;2;Meal Plan 1;0;Room_Type 1;9;2018;6;12;Online;0;0;0;121.0;1;0
INN10894;1;0;1;2;Meal Plan 1;0;Room_Type 1;31;2017;12;11;Offline;0;0;0;55.8;1;0
INN29747;2;1;2;5;Meal Plan 1;0;Room_Type 1;136;2018;6;28;Online;0;0;0;106.25;0;0
INN12679;1;0;0;2;Meal Plan 1;0;Room_Type 1;164;2017;10;2;Offline;0;0;0;100.0;0;0
INN01289;2;0;2;1;Meal Plan 1;0;Room_Type 1;1;2018;1;2;Online;0;0;0;71.84;0;0
INN11798;2;0;0;2;Meal Plan 1;0;Room_Type 1;33;2017;10;1;Online;0;0;0;79.35;1;0
INN08035;2;0;1;3;Meal Plan 1;0;Room_Type 1;86;2018;3;31;Online;0;0;0;82.45;1;0
INN09767;2;0;1;2;Meal Plan 1;0;Room_Type 1;132;2018;10;7;Offline;0;0;0;89.76;0;0
INN35348;1;0;1;2;Meal Plan 1;0;Room_Type 1;256;2017;9;14;Online;0;0;0;0.0;0;0
INN33329;2;0;2;5;Not Selected;0;Room_Type 1;142;2018;8;22;Online;0;0;0;68.8;1;0
INN08463;1;0;0;1;Meal Plan 1;0;Room_Type 1;64;2018;4;1;Online;0;0;0;80.1;0;0
INN27089;1;0;0;3;Meal Plan 1;0;Room_Type 1;1;2017;8;5;Corporate;0;0;0;60.0;0;1
INN00124;2;0;0;3;Meal Plan 1;0;Room_Type 1;148;2018;5;5;Online;0;0;0;105.3;0;0
INN10320;2;0;0;4;Meal Plan 1;0;Room_Type 1;247;2018;10;25;Online;0;0;0;90.95;1;1
INN29646;1;0;0;2;Meal Plan 1;0;Room_Type 1;192;2018;6;24;Offline;0;0;0;95.0;0;0
INN05620;2;0;1;2;Meal Plan 1;0;Room_Type 4;185;2018;12;16;Online;0;0;0;103.5;0;0
INN24037;2;0;2;5;Meal Plan 1;0;Room_Type 4;67;2018;9;4;Online;0;0;0;127.8;1;0
INN27073;2;0;2;3;Meal Plan 1;0;Room_Type 1;149;2018;8;27;Offline;0;0;0;80.75;0;0
INN35271;3;0;1;2;Meal Plan 1;0;Room_Type 4;48;2018;4;11;Online;0;0;0;137.7;1;1
INN03059;2;0;0;1;Not Selected;0;Room_Type 1;31;2018;4;14;Online;0;0;0;94.5;0;1
INN23531;2;0;0;3;Meal Plan 1;0;Room_Type 1;3;2018;1;14;Offline;0;0;0;52.0;0;0
INN33541;2;0;1;3;Not Selected;0;Room_Type 1;156;2018;7;7;Online;0;0;0;100.63;0;1
INN19726;1;0;0;2;Meal Plan 1;0;Room_Type 1;85;2017;9;9;Corporate;0;0;0;90.0;0;0
INN18203;2;0;0;1;Not Selected;0;Room_Type 1;84;2018;11;5;Online;0;0;0;60.98;1;0
INN00187;2;0;1;3;Meal Plan 1;0;Room_Type 1;189;2018;8;8;Offline;0;0;0;72.25;0;0
INN35531;2;0;0;2;Meal Plan 2;0;Room_Type 1;292;2018;7;21;Offline;0;0;0;115.0;0;1
INN35649;2;0;0;2;Meal Plan 1;0;Room_Type 1;14;2018;10;26;Online;0;0;0;149.0;2;0
INN02834;2;0;1;2;Meal Plan 2;0;Room_Type 1;418;2018;9;26;Online;0;0;0;107.0;0;1
INN34728;1;0;2;1;Meal Plan 1;0;Room_Type 1;1;2018;2;28;Offline;0;0;0;60.0;0;1
INN35221;3;0;0;3;Meal Plan 1;0;Room_Type 4;125;2018;12;27;Online;0;0;0;138.3;0;1
INN27528;2;0;1;0;Meal Plan 1;0;Room_Type 1;22;2017;9;6;Online;0;0;0;105.0;0;0
INN10134;3;0;0;5;Meal Plan 1;0;Room_Type 4;42;2018;8;23;Online;0;0;0;168.3;0;0
INN17653;2;0;2;2;Meal Plan 1;0;Room_Type 1;90;2018;5;7;Online;0;0;0;119.85;0;0
INN25380;2;0;0;1;Not Selected;0;Room_Type 1;11;2018;11;10;Online;0;0;0;140.0;1;1
INN16399;2;0;1;3;Meal Plan 1;0;Room_Type 1;2;2017;12;31;Online;0;0;0;119.0;1;0
INN34630;1;0;0;3;Meal Plan 1;0;Room_Type 1;166;2018;11;1;Offline;0;0;0;110.0;0;1
INN15529;2;0;0;1;Not Selected;0;Room_Type 1;88;2018;3;1;Online;0;0;0;70.0;0;1
INN28091;2;0;0;3;Not Selected;1;Room_Type 1;35;2018;10;27;Online;0;0;0;118.0;2;0
INN33367;1;0;2;1;Meal Plan 1;0;Room_Type 1;1;2018;2;28;Offline;0;0;0;60.0;0;1
INN18844;2;0;0;2;Meal Plan 1;0;Room_Type 1;101;2018;11;18;Online;0;0;0;90.0;2;1
INN15894;2;0;0;2;Meal Plan 2;0;Room_Type 1;320;2018;8;18;Offline;0;0;0;115.0;1;1
INN08979;2;1;0;3;Meal Plan 1;0;Room_Type 6;28;2018;10;18;Online;0;0;0;160.2;1;0
INN18594;1;0;2;4;Meal Plan 1;0;Room_Type 1;69;2018;6;12;Offline;0;0;0;120.0;0;1
INN02029;2;1;2;1;Meal Plan 1;0;Room_Type 1;5;2018;4;17;Offline;0;0;0;95.2;0;0
INN34988;2;0;2;1;Meal Plan 1;0;Room_Type 4;105;2018;4;17;Online;0;0;0;96.3;0;0
INN05716;2;0;0;2;Meal Plan 1;0;Room_Type 5;38;2018;9;16;Online;0;0;0;137.52;0;0
INN15821;1;0;2;4;Meal Plan 1;0;Room_Type 1;107;2017;12;23;Online;0;0;0;46.63;1;0
INN34989;2;0;2;3;Meal Plan 1;0;Room_Type 1;63;2018;6;26;Online;0;0;0;110.7;1;0
INN34925;1;0;0;1;Meal Plan 1;0;Room_Type 4;0;2017;8;18;Online;0;0;0;128.0;0;0
INN00349;2;0;0;1;Meal Plan 1;0;Room_Type 1;0;2018;2;24;Online;0;0;0;97.0;1;0
INN09117;2;0;0;2;Meal Plan 1;0;Room_Type 1;49;2018;3;23;Online;0;0;0;99.0;1;1
INN09925;2;0;0;3;Not Selected;0;Room_Type 1;35;2018;2;25;Online;0;0;0;70.03;1;0
INN25469;2;0;2;5;Not Selected;0;Room_Type 1;107;2018;12;21;Online;0;0;0;76.69;1;0
INN22937;2;0;1;5;Meal Plan 1;0;Room_Type 4;46;2018;8;30;Online;0;0;0;123.3;0;1
INN07977;2;0;0;3;Meal Plan 1;0;Room_Type 1;37;2018;10;13;Offline;0;0;0;105.0;0;0
INN04950;3;0;2;2;Meal Plan 1;0;Room_Type 4;154;2018;10;16;Online;0;0;0;151.2;0;1
INN09839;2;0;0;3;Meal Plan 1;0;Room_Type 1;44;2018;2;17;Offline;0;0;0;75.0;0;0
INN27092;1;0;2;3;Meal Plan 1;0;Room_Type 1;269;2018;12;29;Offline;0;0;0;70.0;0;0
INN16402;2;0;1;3;Meal Plan 1;0;Room_Type 1;10;2018;3;14;Online;0;0;0;83.93;1;0
INN17591;2;0;1;3;Meal Plan 1;1;Room_Type 4;17;2017;12;28;Online;0;0;0;136.0;1;0
INN19421;1;0;0;1;Meal Plan 1;0;Room_Type 1;4;2018;5;11;Online;0;0;0;137.0;1;0
INN27733;2;0;2;2;Meal Plan 1;0;Room_Type 1;18;2018;2;21;Offline;0;0;0;87.0;0;0
INN32522;2;0;1;2;Meal Plan 1;0;Room_Type 1;141;2018;6;3;Offline;0;0;0;75.0;0;1
INN00837;3;0;0;3;Meal Plan 1;0;Room_Type 4;46;2018;8;24;Online;0;0;0;168.3;2;0
INN32640;2;0;2;1;Not Selected;0;Room_Type 1;84;2018;9;4;Online;0;0;0;125.1;2;0
INN26151;2;0;0;4;Not Selected;0;Room_Type 1;40;2018;3;23;Online;0;0;0;102.15;1;1
INN18908;1;0;0;2;Meal Plan 1;0;Room_Type 1;181;2018;10;11;Offline;0;0;0;120.0;0;1
INN02126;2;0;1;2;Not Selected;0;Room_Type 2;112;2018;3;21;Online;0;0;0;58.9;0;0
INN18909;1;0;0;2;Meal Plan 1;0;Room_Type 1;9;2018;3;2;Corporate;0;0;0;56.0;0;0
INN07309;2;0;0;1;Not Selected;0;Room_Type 1;143;2018;8;20;Online;0;0;0;94.5;0;0
INN26329;2;0;0;3;Meal Plan 1;0;Room_Type 1;148;2018;5;5;Online;0;0;0;105.3;0;0
INN13451;2;0;1;1;Meal Plan 1;0;Room_Type 1;101;2018;7;25;Online;0;0;0;105.3;1;1
INN27481;2;2;0;1;Meal Plan 1;0;Room_Type 6;17;2018;9;21;Online;0;0;0;224.1;2;0
INN11874;2;0;2;1;Not Selected;0;Room_Type 1;98;2018;6;26;Online;0;0;0;91.5;0;1
INN15952;2;0;1;3;Meal Plan 1;0;Room_Type 1;18;2018;9;26;Online;0;0;0;149.0;2;0
INN18471;2;0;0;1;Not Selected;0;Room_Type 1;5;2018;8;17;Online;0;0;0;118.0;2;0
INN24859;2;1;2;3;Meal Plan 1;0;Room_Type 1;7;2018;8;6;Online;0;0;0;171.0;0;1
INN31856;2;0;0;3;Not Selected;0;Room_Type 1;73;2018;4;28;Online;0;0;0;105.9;0;0
INN00660;2;0;1;2;Meal Plan 1;0;Room_Type 1;89;2017;11;23;Online;0;0;0;72.25;2;0
INN36190;2;0;0;3;Meal Plan 1;0;Room_Type 1;195;2018;9;28;Online;0;0;0;126.9;0;1
INN12767;2;0;0;2;Meal Plan 1;0;Room_Type 4;144;2018;5;6;Online;0;0;0;114.3;1;1
INN28583;2;2;1;1;Meal Plan 1;0;Room_Type 6;125;2018;8;20;Online;0;0;0;177.3;2;0
INN18184;3;0;1;4;Meal Plan 2;0;Room_Type 4;126;2018;7;13;Online;0;0;0;178.5;2;0
INN10804;2;0;2;1;Meal Plan 1;0;Room_Type 1;24;2017;12;5;Corporate;0;0;0;50.0;0;0
INN10662;2;0;0;3;Meal Plan 1;0;Room_Type 4;58;2018;10;20;Online;0;0;0;139.5;1;1
INN16788;2;0;0;3;Meal Plan 1;0;Room_Type 1;76;2018;11;3;Online;0;0;0;93.6;1;1
INN17098;2;0;1;3;Not Selected;0;Room_Type 1;127;2018;8;1;Online;0;0;0;94.5;0;1
INN34725;2;0;0;2;Meal Plan 1;0;Room_Type 1;317;2018;9;15;Offline;0;0;0;120.0;0;1
INN13312;2;0;0;3;Meal Plan 1;0;Room_Type 1;172;2018;8;23;Online;0;0;0;102.3;0;1
INN33451;2;0;0;4;Meal Plan 1;0;Room_Type 1;129;2018;5;10;Online;0;0;0;99.45;0;0
INN23248;1;0;0;2;Meal Plan 1;0;Room_Type 1;37;2018;5;18;Corporate;0;0;0;89.0;0;1
INN20043;3;0;1;3;Meal Plan 1;0;Room_Type 4;13;2018;5;5;Online;0;0;0;169.5;2;0
INN11119;2;0;0;2;Not Selected;0;Room_Type 1;3;2018;2;12;Online;0;0;0;81.0;1;0
INN25316;2;0;0;2;Meal Plan 1;0;Room_Type 4;65;2018;9;9;Online;0;0;0;149.4;1;0
INN25105;2;0;1;1;Meal Plan 1;0;Room_Type 4;175;2018;9;17;Online;0;0;0;140.4;1;1
INN33027;2;0;0;3;Meal Plan 1;0;Room_Type 1;304;2018;11;3;Offline;0;0;0;89.0;0;1
INN15582;2;0;2;4;Meal Plan 1;0;Room_Type 1;172;2018;8;12;Online;0;0;0;99.45;1;0
INN34753;1;0;1;0;Meal Plan 1;0;Room_Type 1;0;2018;5;23;Offline;0;0;0;115.0;1;0
INN03450;2;0;1;2;Meal Plan 1;0;Room_Type 1;3;2018;6;10;Offline;0;0;0;90.67;0;0
INN22817;2;0;1;3;Meal Plan 1;0;Room_Type 1;6;2017;9;28;Online;0;0;0;169.0;1;0
INN19306;2;1;1;1;Meal Plan 1;0;Room_Type 1;119;2018;12;24;Online;0;0;0;109.8;0;1
INN29525;1;0;0;1;Not Selected;0;Room_Type 1;1;2018;7;20;Online;0;0;0;99.0;1;0
INN13440;2;0;1;2;Meal Plan 1;0;Room_Type 1;57;2018;6;10;Offline;0;0;0;90.67;1;0
INN33305;2;0;2;5;Meal Plan 1;0;Room_Type 1;128;2018;2;5;Offline;0;0;0;43.43;1;0
INN29161;1;0;1;2;Not Selected;0;Room_Type 1;4;2018;10;28;Online;0;0;0;133.33;2;0
INN09662;2;0;1;3;Meal Plan 1;0;Room_Type 1;42;2018;4;21;Online;0;0;0;103.84;1;0
INN11556;2;0;1;0;Meal Plan 1;0;Room_Type 1;0;2017;10;18;Online;0;0;0;135.0;0;0
INN06766;2;0;2;6;Meal Plan 1;0;Room_Type 1;99;2018;4;27;Offline;0;0;0;80.75;1;0
INN08571;1;0;0;3;Meal Plan 1;0;Room_Type 1;31;2018;12;8;Offline;0;0;0;67.68;0;0
INN24086;2;0;2;3;Meal Plan 1;0;Room_Type 1;17;2018;10;9;Offline;0;0;0;95.0;1;0
INN22158;3;0;1;3;Meal Plan 1;0;Room_Type 6;17;2017;12;24;Offline;0;0;0;109.0;0;0
INN29781;1;0;0;2;Meal Plan 2;0;Room_Type 1;320;2018;8;18;Offline;0;0;0;90.0;0;0
INN08875;2;0;1;3;Meal Plan 1;0;Room_Type 4;32;2018;6;27;Online;0;0;0;129.15;0;0
INN00866;2;0;0;2;Meal Plan 1;0;Room_Type 1;29;2018;12;2;Corporate;0;0;0;85.0;2;0
INN15424;2;0;2;1;Meal Plan 1;0;Room_Type 1;228;2018;10;30;Online;0;0;0;87.9;0;1
INN15180;1;0;1;3;Meal Plan 1;0;Room_Type 1;103;2018;11;7;Online;0;0;0;187.25;2;0
INN21472;1;0;1;2;Meal Plan 1;0;Room_Type 5;206;2018;9;19;Corporate;0;0;0;106.0;0;1
INN14729;2;0;2;0;Meal Plan 1;0;Room_Type 1;146;2018;4;24;Offline;0;0;0;95.0;0;1
INN10061;1;0;0;3;Meal Plan 1;0;Room_Type 2;206;2018;9;8;Online;0;0;0;126.9;1;1
INN13372;2;2;0;1;Meal Plan 1;0;Room_Type 6;12;2018;8;19;Online;0;0;0;220.0;0;1
INN06579;2;0;1;4;Meal Plan 1;0;Room_Type 1;336;2018;9;21;Offline;0;0;0;78.0;0;0
INN28610;2;0;0;2;Meal Plan 2;0;Room_Type 1;265;2018;6;24;Offline;0;0;0;115.0;1;1
INN28978;2;0;1;3;Meal Plan 1;0;Room_Type 1;40;2017;10;5;Online;0;0;0;94.5;1;0
INN13205;2;0;2;1;Meal Plan 1;0;Room_Type 1;79;2017;12;19;Offline;0;0;0;70.0;1;0
INN36204;2;0;0;3;Meal Plan 1;0;Room_Type 1;256;2018;6;28;Online;0;0;0;106.2;0;1
INN04297;2;0;2;1;Meal Plan 1;0;Room_Type 1;4;2018;2;13;Online;0;0;0;91.0;0;0
INN07602;3;0;1;2;Meal Plan 1;0;Room_Type 4;35;2018;6;27;Online;0;0;0;129.87;0;1
INN17012;2;0;2;4;Meal Plan 1;0;Room_Type 4;82;2018;10;21;Online;0;0;0;123.0;2;1
INN04557;2;0;4;5;Meal Plan 2;0;Room_Type 1;229;2018;11;13;Online;0;0;0;107.64;1;1
INN07080;1;0;0;3;Meal Plan 1;0;Room_Type 1;166;2018;11;1;Online;0;0;0;110.0;0;1
INN16423;2;0;0;3;Meal Plan 1;0;Room_Type 1;308;2018;11;23;Online;0;0;0;78.3;1;1
INN28062;3;0;2;0;Meal Plan 1;0;Room_Type 4;49;2018;8;21;Online;0;0;0;168.3;2;0
INN01780;2;0;0;2;Meal Plan 1;0;Room_Type 1;1;2018;10;7;Online;0;0;0;144.0;0;0
INN10111;3;0;0;3;Meal Plan 1;1;Room_Type 4;135;2018;8;9;Online;0;0;0;155.7;1;0
INN13883;1;0;0;2;Meal Plan 1;0;Room_Type 1;1;2018;11;15;Corporate;1;1;4;88.0;0;0
INN35189;2;1;2;1;Not Selected;0;Room_Type 1;126;2018;8;6;Online;0;0;0;93.17;1;0
INN30053;3;0;2;2;Meal Plan 1;0;Room_Type 4;108;2018;12;25;Online;0;0;0;140.0;2;0
INN32818;2;0;0;3;Meal Plan 1;0;Room_Type 1;140;2017;12;29;Online;0;0;0;72.25;2;0
INN06197;3;1;0;2;Meal Plan 1;0;Room_Type 6;52;2018;1;28;Offline;0;0;0;173.0;1;0
INN03410;1;0;0;2;Not Selected;0;Room_Type 1;1;2018;12;6;Online;0;0;0;78.0;1;0
INN34596;2;0;0;4;Not Selected;0;Room_Type 1;100;2018;4;26;Online;0;0;0;82.88;0;1
INN34009;2;0;1;0;Not Selected;0;Room_Type 1;0;2018;5;8;Online;0;0;0;79.0;1;0
INN23299;2;0;1;1;Not Selected;0;Room_Type 1;54;2018;3;28;Online;0;0;0;80.1;0;1
INN16303;2;1;2;7;Meal Plan 1;0;Room_Type 4;41;2018;3;16;Offline;0;0;0;66.72;1;0
INN14333;2;0;1;3;Not Selected;0;Room_Type 1;127;2018;5;9;Online;0;0;0;89.25;1;1
INN14833;1;0;1;0;Not Selected;0;Room_Type 1;117;2018;10;2;Online;0;0;0;108.0;2;0
INN31638;2;0;1;3;Meal Plan 1;0;Room_Type 4;22;2018;9;15;Online;0;0;0;105.64;1;0
INN32804;2;0;0;2;Not Selected;0;Room_Type 1;16;2018;12;2;Online;0;0;0;91.5;1;0
INN29007;2;0;2;3;Meal Plan 1;0;Room_Type 1;18;2018;11;11;Online;0;0;0;93.84;1;0
INN30076;2;2;2;4;Meal Plan 1;0;Room_Type 6;8;2017;10;2;Online;0;0;0;224.5;2;0
INN30019;3;0;0;2;Meal Plan 1;0;Room_Type 1;100;2018;12;23;Offline;0;0;0;105.0;0;0
INN01704;2;0;1;2;Meal Plan 1;0;Room_Type 1;3;2017;10;19;Corporate;0;0;0;123.0;0;1
INN18612;2;2;2;1;Meal Plan 1;0;Room_Type 6;99;2018;7;3;Online;0;0;0;186.3;2;0
INN33176;2;0;2;2;Meal Plan 1;0;Room_Type 4;9;2018;12;9;Online;0;0;0;99.88;2;0
INN02324;2;0;0;1;Meal Plan 1;0;Room_Type 1;0;2018;2;12;Online;0;0;0;55.08;0;0
INN17625;2;0;1;3;Meal Plan 1;0;Room_Type 1;23;2018;1;7;Online;0;0;0;87.0;2;0
INN08906;2;0;4;11;Meal Plan 1;0;Room_Type 4;4;2018;2;25;Online;0;0;0;110.53;1;1
INN08691;2;0;0;1;Meal Plan 1;0;Room_Type 1;0;2018;3;1;Online;0;0;0;101.0;0;0
INN27846;2;2;2;3;Meal Plan 1;0;Room_Type 5;89;2018;12;22;Online;0;0;0;94.72;0;0
INN13093;2;0;2;2;Meal Plan 1;0;Room_Type 4;55;2018;1;29;Online;0;0;0;84.45;1;0
INN16506;3;0;0;4;Meal Plan 1;0;Room_Type 4;89;2018;6;14;Online;0;0;0;169.58;1;1
INN09619;2;0;0;3;Meal Plan 1;0;Room_Type 1;8;2017;9;3;Online;0;0;0;117.67;2;0
INN14597;2;0;0;2;Meal Plan 1;0;Room_Type 4;95;2018;10;6;Online;0;0;0;132.3;3;0
INN13134;2;0;0;2;Meal Plan 1;0;Room_Type 4;32;2018;3;4;Online;0;0;0;105.4;2;0
INN10878;1;0;0;2;Meal Plan 1;0;Room_Type 1;1;2017;9;29;Corporate;0;0;0;85.0;0;0
INN34634;2;0;0;1;Meal Plan 1;0;Room_Type 1;3;2018;4;21;Online;0;0;0;101.0;2;0
INN24222;2;0;0;3;Meal Plan 2;0;Room_Type 1;13;2018;4;26;Offline;0;0;0;96.0;0;0
INN11897;2;0;1;2;Meal Plan 1;0;Room_Type 1;279;2018;10;10;Offline;0;0;0;80.75;1;0
INN17126;2;0;0;2;Meal Plan 1;0;Room_Type 1;317;2018;9;15;Offline;0;0;0;120.0;0;1
INN08284;1;0;1;0;Meal Plan 1;0;Room_Type 1;7;2018;4;4;Online;0;0;0;95.0;0;0
INN09426;1;0;0;1;Meal Plan 1;0;Room_Type 1;1;2018;1;23;Online;0;0;0;85.0;0;0
INN19074;2;0;0;3;Meal Plan 1;0;Room_Type 1;44;2018;2;17;Offline;0;0;0;75.0;0;0
INN03472;2;0;0;2;Meal Plan 1;0;Room_Type 4;5;2018;9;13;Online;0;0;0;184.0;1;0
INN20071;2;0;1;1;Not Selected;0;Room_Type 1;29;2018;9;17;Offline;0;0;0;85.0;0;1
INN12311;2;0;2;2;Meal Plan 1;0;Room_Type 1;1;2018;11;20;Online;0;0;0;91.38;2;0
INN15762;2;0;2;1;Meal Plan 1;1;Room_Type 1;192;2018;7;31;Online;0;0;0;105.3;1;1
INN11465;2;0;2;3;Meal Plan 1;0;Room_Type 1;48;2017;10;1;Online;0;0;0;111.6;0;0
INN04099;3;0;0;4;Meal Plan 1;0;Room_Type 6;31;2018;9;7;Online;0;0;0;152.81;1;1
INN32893;2;0;0;2;Meal Plan 1;0;Room_Type 1;27;2017;9;30;Offline;0;0;0;108.0;0;0
INN24378;2;0;2;2;Not Selected;0;Room_Type 1;70;2018;12;3;Online;0;0;0;74.8;1;0
INN14911;2;0;0;1;Not Selected;0;Room_Type 1;1;2018;3;15;Online;0;0;0;97.0;1;0
INN16141;2;0;2;4;Not Selected;0;Room_Type 1;1;2018;2;11;Online;0;0;0;79.0;0;0
INN18085;2;0;2;3;Meal Plan 1;0;Room_Type 1;32;2018;1;1;Offline;0;0;0;60.0;1;0
INN21575;1;0;0;1;Meal Plan 1;0;Room_Type 1;11;2018;1;30;Corporate;0;0;0;66.0;0;0
INN03431;2;0;3;5;Meal Plan 1;0;Room_Type 4;109;2018;7;11;Online;0;0;0;113.26;1;0
INN13781;2;0;1;3;Meal Plan 1;0;Room_Type 4;114;2018;5;9;Online;0;0;0;107.95;0;1
INN26551;2;0;2;5;Meal Plan 2;0;Room_Type 4;115;2018;9;18;Online;0;0;0;141.84;0;0
INN18938;2;0;1;4;Meal Plan 1;0;Room_Type 1;97;2017;7;8;Online;0;0;0;76.5;2;1
INN19949;3;0;3;5;Meal Plan 1;0;Room_Type 4;282;2018;12;25;Online;0;0;0;109.23;1;1
INN30962;2;0;1;2;Not Selected;0;Room_Type 1;226;2018;9;2;Online;0;0;0;112.0;0;1
INN26997;2;0;0;3;Meal Plan 1;0;Room_Type 1;213;2018;6;7;Offline;0;0;0;130.0;0;1
INN20792;2;0;2;3;Meal Plan 1;0;Room_Type 1;117;2018;7;8;Online;0;0;0;116.05;1;0
INN19548;2;0;2;2;Meal Plan 1;0;Room_Type 1;134;2017;12;4;Offline;0;0;0;65.0;0;0
INN34410;2;0;2;1;Meal Plan 1;0;Room_Type 4;42;2018;4;23;Online;0;0;0;118.8;0;0
INN09351;2;2;2;1;Meal Plan 1;0;Room_Type 6;71;2018;10;22;Online;0;0;0;190.8;1;0
INN22929;2;0;0;3;Meal Plan 1;0;Room_Type 1;57;2018;12;8;Online;0;0;0;93.6;1;0
INN12301;2;1;0;2;Meal Plan 1;0;Room_Type 1;86;2018;8;9;Online;0;0;0;120.69;1;1
INN22893;1;0;0;2;Meal Plan 2;0;Room_Type 1;102;2017;10;16;Offline;0;0;0;80.0;0;1
INN02962;1;0;0;2;Meal Plan 1;0;Room_Type 1;164;2017;10;2;Offline;0;0;0;100.0;0;0
INN11730;2;0;1;2;Meal Plan 1;0;Room_Type 1;87;2017;9;18;Online;0;0;0;89.25;1;0
INN34240;2;0;1;3;Meal Plan 1;0;Room_Type 1;35;2018;9;5;Online;0;0;0;118.8;0;0
INN09416;2;0;0;3;Meal Plan 1;0;Room_Type 4;39;2018;3;23;Online;0;0;0;121.8;1;1
INN35996;2;0;0;3;Not Selected;1;Room_Type 1;1;2018;11;16;Online;0;0;0;104.0;1;0
INN16194;2;0;1;4;Meal Plan 1;0;Room_Type 1;3;2018;2;10;Online;0;0;0;63.88;0;0
INN18575;3;0;1;5;Meal Plan 1;0;Room_Type 1;130;2018;6;28;Online;0;0;0;125.51;2;0
INN12910;2;0;0;1;Not Selected;0;Room_Type 1;17;2018;3;19;Online;0;0;0;97.0;0;0
INN20945;2;0;1;2;Meal Plan 1;0;Room_Type 4;50;2017;11;13;Offline;0;0;0;60.0;0;0
INN20531;2;0;0;2;Meal Plan 1;0;Room_Type 1;17;2018;3;17;Corporate;0;0;0;80.0;1;0
INN24919;2;0;2;4;Meal Plan 1;0;Room_Type 1;79;2018;3;30;Online;0;0;0;82.45;0;1
INN14653;2;0;2;1;Meal Plan 1;0;Room_Type 1;3;2017;9;19;Corporate;0;0;0;120.0;0;0
INN10142;2;0;0;5;Not Selected;0;Room_Type 1;128;2018;8;9;Online;0;0;0;103.5;1;0
INN32472;3;0;0;1;Meal Plan 2;0;Room_Type 1;40;2018;7;26;Offline;0;0;0;180.0;0;0
INN16650;2;0;2;3;Not Selected;0;Room_Type 1;57;2018;5;13;Online;0;0;0;109.65;0;1
INN05636;1;0;0;3;Meal Plan 1;0;Room_Type 1;227;2018;12;8;Online;0;0;0;72.9;0;1
INN05394;2;0;0;4;Meal Plan 1;0;Room_Type 1;71;2018;7;13;Offline;0;0;0;79.56;0;0
INN27267;2;0;1;1;Meal Plan 1;0;Room_Type 1;167;2018;7;25;Offline;0;0;0;72.25;1;0
INN32564;2;0;1;2;Meal Plan 1;0;Room_Type 4;16;2018;3;4;Online;0;0;0;69.35;1;0
INN10773;3;0;0;4;Meal Plan 1;0;Room_Type 4;56;2018;11;22;Online;0;0;0;119.0;2;0
INN10846;2;0;0;1;Not Selected;0;Room_Type 1;1;2018;8;16;Online;0;0;0;184.5;2;0
INN05415;2;0;1;1;Not Selected;0;Room_Type 1;42;2018;9;19;Online;0;0;0;112.59;1;1
INN06944;2;0;0;5;Meal Plan 1;0;Room_Type 1;140;2017;12;29;Offline;0;0;0;70.0;0;0
INN28409;2;0;2;0;Not Selected;0;Room_Type 1;18;2018;6;26;Online;0;0;0;114.0;0;1
INN28186;2;0;4;5;Meal Plan 1;0;Room_Type 1;62;2017;9;27;Online;0;0;0;131.51;3;0
INN15407;2;1;0;3;Meal Plan 1;0;Room_Type 1;113;2018;7;12;Online;0;0;0;121.5;0;0
INN33158;2;2;0;1;Meal Plan 1;0;Room_Type 6;3;2017;8;29;Online;0;0;0;156.0;0;0
INN07896;2;0;2;1;Meal Plan 1;0;Room_Type 1;86;2018;4;17;Online;0;0;0;96.3;1;0
INN06047;2;0;1;3;Meal Plan 1;0;Room_Type 1;212;2018;8;8;Online;0;0;0;90.95;1;0
INN33155;1;0;4;9;Meal Plan 1;0;Room_Type 1;37;2018;12;15;Online;0;0;0;92.31;1;1
INN16910;3;0;1;3;Meal Plan 1;0;Room_Type 1;79;2018;5;16;Online;0;0;0;150.45;0;1
INN04792;1;0;2;2;Meal Plan 1;0;Room_Type 1;115;2018;2;27;Online;0;0;0;60.0;0;1
INN13462;1;0;0;1;Meal Plan 1;0;Room_Type 4;6;2018;11;8;Corporate;1;0;2;94.0;0;0
INN30852;2;0;1;3;Meal Plan 1;0;Room_Type 4;71;2018;3;31;Online;0;0;0;90.95;1;0
INN09059;2;0;0;3;Meal Plan 1;0;Room_Type 1;17;2017;10;1;Online;0;0;0;113.33;1;0
INN32480;2;0;2;1;Meal Plan 1;0;Room_Type 1;70;2018;4;17;Online;0;0;0;99.3;0;0
INN11438;3;0;0;1;Meal Plan 1;0;Room_Type 4;40;2018;10;21;Online;0;0;0;196.0;1;0
INN10758;2;0;0;3;Meal Plan 1;0;Room_Type 4;44;2017;11;11;Offline;0;0;0;60.0;1;0
INN29723;2;0;0;3;Meal Plan 1;0;Room_Type 1;213;2018;6;7;Offline;0;0;0;130.0;0;1
INN08170;2;0;2;3;Meal Plan 1;0;Room_Type 1;161;2018;10;2;Online;0;0;0;91.48;1;0
INN12645;2;0;1;2;Meal Plan 1;0;Room_Type 1;65;2017;10;19;Online;0;0;0;111.0;0;0
INN08669;2;0;2;3;Meal Plan 1;0;Room_Type 1;276;2018;5;13;Offline;0;0;0;61.0;0;1
INN24163;2;0;0;1;Not Selected;0;Room_Type 1;2;2018;5;19;Online;0;0;0;0.0;2;0
INN20616;2;0;1;1;Meal Plan 1;0;Room_Type 1;101;2018;4;9;Online;0;0;0;96.3;1;1
INN24264;2;1;0;1;Meal Plan 2;0;Room_Type 1;24;2018;12;20;Offline;0;0;0;132.0;0;0
INN13254;1;0;0;2;Meal Plan 2;0;Room_Type 1;346;2018;9;13;Offline;0;0;0;90.0;0;0
INN33882;2;0;0;4;Meal Plan 1;0;Room_Type 1;35;2018;1;13;Offline;0;0;0;60.0;0;0
INN15139;2;0;0;2;Meal Plan 1;0;Room_Type 4;43;2018;10;12;Online;0;0;0;139.5;2;0
INN17358;2;0;0;4;Not Selected;0;Room_Type 1;144;2018;7;6;Online;0;0;0;97.75;0;1
INN25581;2;0;0;1;Not Selected;0;Room_Type 1;225;2018;11;25;Online;0;0;0;67.5;0;1
INN06097;2;0;0;1;Meal Plan 1;0;Room_Type 4;3;2018;2;18;Online;0;0;0;106.0;1;0
INN14642;2;0;1;4;Not Selected;0;Room_Type 1;99;2018;6;27;Online;0;0;0;94.35;1;0
INN33763;1;0;0;2;Meal Plan 1;0;Room_Type 1;13;2018;11;8;Corporate;0;0;0;161.0;0;0
INN22681;2;1;1;3;Meal Plan 1;0;Room_Type 1;81;2018;5;16;Online;0;0;0;135.15;1;0
INN00014;1;0;2;0;Meal Plan 1;0;Room_Type 1;95;2018;11;20;Online;0;0;0;90.0;2;1
INN11588;2;0;0;4;Meal Plan 1;0;Room_Type 4;94;2018;10;19;Online;0;0;0;132.3;2;0
INN03955;2;0;2;1;Meal Plan 2;0;Room_Type 1;122;2018;4;2;Offline;0;0;0;110.24;0;0
INN08751;2;0;0;2;Meal Plan 2;0;Room_Type 1;265;2018;6;24;Offline;0;0;0;115.0;1;1
INN05796;1;0;1;0;Meal Plan 1;1;Room_Type 1;39;2018;7;25;Corporate;0;0;0;67.0;0;0
INN25553;2;0;0;2;Meal Plan 1;0;Room_Type 1;89;2018;9;2;Online;0;0;0;135.9;0;1
INN15086;1;0;1;2;Meal Plan 2;0;Room_Type 1;418;2018;9;26;Offline;0;0;0;86.0;0;1
INN30948;2;0;2;1;Meal Plan 1;0;Room_Type 4;4;2018;12;3;Offline;1;0;1;12.0;2;0
INN12420;2;2;1;2;Meal Plan 1;0;Room_Type 6;9;2017;8;17;Online;0;0;0;153.0;1;1
INN28802;2;0;0;2;Meal Plan 1;0;Room_Type 1;192;2018;6;24;Offline;0;0;0;110.0;0;1
INN03150;2;0;0;1;Not Selected;0;Room_Type 1;4;2018;8;24;Online;0;0;0;119.0;1;0
INN30666;1;0;0;3;Meal Plan 1;0;Room_Type 1;71;2018;6;14;Offline;0;0;0;120.0;0;0
INN13653;2;0;1;2;Meal Plan 1;0;Room_Type 4;53;2018;8;26;Online;0;0;0;140.7;0;0
INN32070;1;0;5;15;Not Selected;0;Room_Type 1;90;2017;7;7;Online;0;0;0;48.6;0;1
INN33798;2;0;2;2;Meal Plan 1;0;Room_Type 4;59;2018;4;22;Online;0;0;0;112.2;0;1
INN03187;2;0;0;4;Meal Plan 1;0;Room_Type 1;47;2017;10;13;Online;0;0;0;94.5;1;0
INN27178;2;0;0;1;Meal Plan 2;0;Room_Type 1;55;2018;4;6;Offline;0;0;0;104.0;0;0
INN32717;2;0;2;5;Meal Plan 1;0;Room_Type 1;67;2018;10;3;Offline;0;0;0;85.0;0;1
INN22931;1;0;2;1;Meal Plan 1;0;Room_Type 1;17;2017;9;5;Online;0;0;0;69.49;0;0
INN31008;1;0;0;1;Meal Plan 1;0;Room_Type 1;55;2018;7;7;Corporate;0;0;0;79.0;0;1
INN02063;2;0;1;2;Not Selected;0;Room_Type 1;66;2018;9;2;Online;0;0;0;87.3;1;0
INN20609;1;0;0;1;Meal Plan 1;0;Room_Type 1;43;2017;10;13;Offline;0;0;0;75.0;0;0
INN36007;2;0;0;2;Meal Plan 2;0;Room_Type 1;377;2018;10;14;Offline;0;0;0;115.0;1;1
INN07358;3;0;1;2;Meal Plan 1;0;Room_Type 4;204;2018;8;29;Online;0;0;0;128.7;0;1
INN08844;2;0;0;4;Meal Plan 1;0;Room_Type 1;253;2018;5;4;Offline;0;0;0;90.0;0;1
INN30099;2;0;2;2;Not Selected;0;Room_Type 1;240;2018;12;31;Online;0;0;0;70.55;1;1
INN16600;2;0;0;2;Meal Plan 1;0;Room_Type 1;315;2018;12;2;Offline;0;0;0;52.0;0;0
INN06187;2;0;2;5;Meal Plan 1;0;Room_Type 4;38;2018;9;24;Online;0;0;0;146.96;0;1
INN34829;2;0;1;2;Meal Plan 1;0;Room_Type 1;168;2018;4;22;Offline;0;0;0;85.0;0;1
INN29667;2;0;0;1;Meal Plan 1;0;Room_Type 1;43;2018;10;25;Online;0;0;0;119.0;1;0
INN16680;2;1;0;1;Meal Plan 1;0;Room_Type 1;0;2018;6;23;Online;0;0;0;127.0;0;0
INN13365;1;0;2;3;Meal Plan 1;0;Room_Type 1;149;2018;1;17;Offline;0;0;0;71.0;0;0
INN35109;2;0;2;3;Not Selected;0;Room_Type 1;47;2018;11;11;Online;0;0;0;76.56;1;1
INN26890;2;1;1;4;Meal Plan 1;0;Room_Type 1;64;2018;8;29;Online;0;0;0;148.5;2;1
INN14081;2;0;1;2;Meal Plan 1;0;Room_Type 1;273;2018;5;13;Offline;0;0;0;95.0;0;1
INN35453;1;0;0;3;Meal Plan 1;0;Room_Type 1;276;2018;9;22;Offline;0;0;0;95.67;0;0
INN22684;2;0;0;2;Meal Plan 1;0;Room_Type 1;317;2018;9;15;Offline;0;0;0;120.0;0;1
INN07696;2;0;2;2;Meal Plan 1;0;Room_Type 1;21;2018;8;19;Online;0;0;0;151.0;1;0
INN24946;1;0;0;1;Meal Plan 1;1;Room_Type 4;0;2018;7;23;Online;0;0;0;68.85;2;0
INN36191;2;0;2;5;Meal Plan 1;0;Room_Type 1;147;2018;7;25;Offline;0;0;0;72.25;0;0
INN16370;2;0;1;2;Meal Plan 1;0;Room_Type 1;82;2017;11;2;Online;0;0;0;72.25;2;0
INN05638;2;0;0;2;Meal Plan 1;0;Room_Type 1;11;2017;8;18;Corporate;0;0;0;75.0;0;1
INN21389;2;0;1;2;Meal Plan 1;0;Room_Type 1;95;2017;9;18;Online;0;0;0;89.25;2;0
INN03901;1;0;1;0;Not Selected;0;Room_Type 1;131;2018;10;10;Online;0;0;0;108.0;0;1
INN36024;2;0;0;4;Meal Plan 2;0;Room_Type 1;296;2018;9;21;Offline;0;0;0;117.0;1;1
INN26240;2;0;1;2;Meal Plan 1;0;Room_Type 4;31;2017;10;26;Offline;0;0;0;81.0;1;0
INN31679;1;0;1;1;Meal Plan 1;0;Room_Type 1;3;2017;8;10;Offline;0;0;0;75.0;0;0
INN29632;2;0;2;2;Meal Plan 1;0;Room_Type 2;82;2017;7;19;Online;0;0;0;76.5;1;1
INN01989;2;0;1;0;Meal Plan 1;0;Room_Type 1;141;2017;9;20;Offline;0;0;0;90.0;1;0
INN12487;1;0;2;2;Meal Plan 1;0;Room_Type 1;162;2018;10;14;Offline;0;0;0;115.0;0;1
INN28912;2;0;1;3;Meal Plan 1;0;Room_Type 1;75;2018;3;17;Offline;0;0;0;80.0;0;1
INN33277;2;0;0;2;Meal Plan 1;0;Room_Type 1;113;2018;4;15;Online;0;0;0;96.3;1;0
INN10968;2;0;2;5;Meal Plan 1;0;Room_Type 4;113;2018;5;16;Online;0;0;0;137.21;2;0
INN04163;1;0;0;2;Meal Plan 1;0;Room_Type 1;164;2017;10;2;Offline;0;0;0;100.0;0;0
INN14509;1;0;0;2;Not Selected;0;Room_Type 1;5;2018;1;15;Online;0;0;0;63.1;0;0
INN21802;1;0;1;2;Not Selected;0;Room_Type 1;24;2018;11;7;Online;0;0;0;137.83;1;0
INN00184;2;0;1;1;Meal Plan 1;0;Room_Type 4;72;2018;4;2;Online;0;0;0;96.3;1;0
INN33949;1;0;0;3;Meal Plan 1;0;Room_Type 1;113;2018;5;31;Corporate;0;0;0;100.0;0;1
INN26872;2;0;0;3;Meal Plan 1;0;Room_Type 1;213;2018;6;7;Offline;0;0;0;130.0;0;1
INN30569;2;0;1;3;Meal Plan 1;0;Room_Type 1;250;2018;9;26;Offline;0;0;0;95.0;0;1
INN31318;1;0;1;1;Meal Plan 1;0;Room_Type 1;0;2018;1;18;Offline;0;0;0;64.5;0;0
INN33182;2;0;2;3;Meal Plan 1;0;Room_Type 1;95;2018;11;18;Online;0;0;0;85.0;1;0
INN23619;2;0;2;1;Meal Plan 1;0;Room_Type 1;120;2017;8;9;Online;0;0;0;76.5;2;0
INN14077;2;0;0;1;Meal Plan 1;0;Room_Type 1;0;2017;8;6;Online;0;0;0;90.0;0;0
INN22375;2;0;0;2;Meal Plan 1;0;Room_Type 1;0;2017;8;7;Online;0;0;0;98.0;0;0
INN32657;1;0;0;2;Meal Plan 1;0;Room_Type 1;164;2017;10;2;Offline;0;0;0;100.0;0;0
INN10141;2;0;0;3;Meal Plan 1;0;Room_Type 1;58;2018;3;17;Offline;0;0;0;63.0;0;0
INN02001;2;0;1;4;Meal Plan 1;0;Room_Type 4;129;2018;5;11;Online;0;0;0;112.03;1;1
INN07589;2;0;2;5;Meal Plan 1;0;Room_Type 1;210;2018;8;15;Offline;0;0;0;72.25;0;0
INN12654;2;0;0;3;Meal Plan 1;0;Room_Type 1;143;2018;8;25;Offline;0;0;0;100.0;0;0
INN26894;2;0;1;5;Meal Plan 1;0;Room_Type 1;41;2018;12;27;Offline;0;0;0;70.0;0;0
INN00852;1;0;0;1;Meal Plan 1;0;Room_Type 1;19;2017;10;7;Corporate;0;0;0;85.5;0;0
INN28231;2;0;0;1;Meal Plan 1;0;Room_Type 1;8;2018;8;16;Online;0;0;0;170.0;2;0
INN06899;1;0;0;1;Meal Plan 1;0;Room_Type 1;2;2018;4;20;Corporate;1;3;4;45.0;1;0
INN22517;2;2;2;2;Meal Plan 2;0;Room_Type 6;15;2018;6;19;Online;0;0;0;278.0;2;0
INN29335;2;0;2;3;Meal Plan 1;0;Room_Type 2;108;2018;3;24;Online;0;0;0;120.0;1;0
INN27403;1;0;0;1;Meal Plan 1;0;Room_Type 1;0;2017;10;29;Online;0;0;0;120.0;0;0
INN22914;2;0;0;1;Meal Plan 1;0;Room_Type 1;3;2017;9;12;Online;0;0;0;152.0;3;0
INN36018;2;0;1;1;Meal Plan 1;0;Room_Type 1;143;2018;8;13;Online;0;0;0;114.3;0;1
INN26010;2;0;0;2;Meal Plan 1;0;Room_Type 4;96;2018;10;26;Online;0;0;0;93.96;0;1
INN14481;2;0;2;1;Meal Plan 1;0;Room_Type 2;3;2017;8;9;Offline;0;0;0;65.0;2;0
INN22919;2;0;2;2;Meal Plan 1;0;Room_Type 1;52;2018;5;15;Online;0;0;0;92.28;1;0
INN25003;2;0;1;2;Meal Plan 1;0;Room_Type 4;160;2018;6;17;Online;0;0;0;129.0;1;1
INN16599;2;0;2;1;Meal Plan 1;0;Room_Type 1;69;2017;10;25;Online;0;0;0;98.25;2;0
INN17752;1;0;0;3;Meal Plan 1;0;Room_Type 1;71;2018;6;14;Offline;0;0;0;120.0;0;0
INN00379;2;0;1;3;Not Selected;0;Room_Type 1;35;2018;3;3;Online;0;0;0;71.1;0;1
INN12689;2;0;0;3;Meal Plan 1;0;Room_Type 1;33;2017;9;15;Online;0;0;0;94.5;2;0
INN06310;2;0;0;3;Meal Plan 1;0;Room_Type 2;40;2018;1;14;Online;0;0;0;77.55;1;0
INN22059;2;0;0;2;Meal Plan 2;0;Room_Type 1;30;2017;9;30;Offline;0;0;0;121.0;0;0
INN36179;2;0;2;0;Meal Plan 2;0;Room_Type 1;386;2018;10;23;Offline;0;0;0;115.0;1;1
INN05361;2;0;0;2;Meal Plan 2;0;Room_Type 1;0;2017;8;14;Offline;0;0;0;109.0;0;0
INN09811;2;0;0;3;Meal Plan 1;0;Room_Type 1;271;2018;9;21;Offline;0;0;0;101.33;1;1
INN10291;1;0;1;1;Meal Plan 1;0;Room_Type 1;0;2018;10;17;Corporate;0;0;0;95.0;0;0
INN30439;2;0;0;3;Meal Plan 1;0;Room_Type 1;173;2017;9;8;Online;0;0;0;85.0;0;1
INN15125;2;0;0;3;Meal Plan 1;0;Room_Type 1;259;2018;5;5;Offline;0;0;0;90.0;0;1
INN11624;2;0;0;3;Not Selected;0;Room_Type 1;23;2018;3;10;Online;0;0;0;82.33;0;0
INN14149;2;0;1;0;Meal Plan 1;0;Room_Type 1;1;2018;6;26;Online;0;0;0;109.0;1;0
INN32415;2;0;0;3;Meal Plan 1;0;Room_Type 1;44;2018;2;17;Offline;0;0;0;75.0;0;0
INN01776;1;0;0;4;Meal Plan 1;0;Room_Type 1;65;2017;7;1;Online;0;0;0;68.0;1;1
INN32292;2;0;1;3;Meal Plan 1;0;Room_Type 4;83;2018;10;10;Online;0;0;0;132.3;0;1
INN18687;2;0;2;1;Meal Plan 2;0;Room_Type 1;96;2017;7;11;Offline;0;0;0;94.5;0;1
INN11443;2;0;0;2;Meal Plan 1;0;Room_Type 1;308;2018;11;25;Offline;0;0;0;52.0;0;1
INN18887;2;0;3;5;Not Selected;0;Room_Type 1;7;2018;11;27;Online;0;0;0;76.29;0;1
INN22780;2;0;2;5;Meal Plan 1;0;Room_Type 4;206;2018;8;13;Online;0;0;0;109.66;1;1
INN17338;1;0;0;3;Meal Plan 1;0;Room_Type 1;37;2018;10;13;Offline;0;0;0;95.0;0;0
INN00983;2;0;1;2;Meal Plan 1;1;Room_Type 1;43;2018;7;1;Online;0;0;0;126.9;1;0
INN11728;3;0;0;2;Meal Plan 1;0;Room_Type 1;56;2018;5;3;Online;0;0;0;159.3;0;1
INN23580;2;0;2;3;Meal Plan 1;0;Room_Type 1;15;2017;9;6;Online;0;0;0;91.73;0;0
INN28766;1;0;0;4;Meal Plan 1;0;Room_Type 1;13;2018;12;13;Online;0;0;0;51.05;3;0
INN29431;2;0;0;2;Meal Plan 1;0;Room_Type 2;10;2018;5;18;Online;0;0;0;119.5;0;1
INN34538;2;0;1;2;Meal Plan 1;0;Room_Type 1;191;2018;6;3;Offline;0;0;0;132.0;0;1
INN32659;2;0;2;5;Meal Plan 1;0;Room_Type 4;132;2018;8;10;Offline;0;0;0;96.56;1;0
INN02855;1;0;0;3;Meal Plan 1;0;Room_Type 1;45;2017;10;22;Online;0;0;0;85.5;2;0
INN35942;3;0;2;5;Meal Plan 1;0;Room_Type 4;32;2018;10;4;Online;0;0;0;171.13;2;0
INN27690;2;0;2;2;Meal Plan 1;0;Room_Type 1;4;2018;2;12;Offline;0;0;0;85.0;0;0
INN05604;3;0;2;1;Meal Plan 1;0;Room_Type 4;113;2018;8;6;Online;0;0;0;121.21;0;1
INN21147;2;0;2;1;Meal Plan 1;0;Room_Type 4;34;2017;11;1;Offline;0;0;0;60.0;0;0
INN22117;2;0;0;4;Meal Plan 1;0;Room_Type 4;55;2017;11;17;Offline;0;0;0;60.0;0;0
INN29462;2;1;0;1;Meal Plan 1;0;Room_Type 1;50;2018;3;24;Online;0;0;0;115.2;2;0
INN19965;2;0;2;2;Meal Plan 1;1;Room_Type 4;62;2018;7;24;Online;0;0;0;118.8;1;0
INN15100;2;1;0;1;Meal Plan 1;0;Room_Type 1;37;2018;3;25;Online;0;0;0;143.1;1;1
INN24304;2;0;1;4;Meal Plan 1;0;Room_Type 4;64;2018;10;19;Offline;0;0;0;96.3;0;0
INN36247;1;0;1;1;Not Selected;0;Room_Type 1;87;2018;4;30;Online;0;0;0;111.6;1;1
INN07556;1;0;0;2;Meal Plan 1;0;Room_Type 1;192;2018;6;24;Offline;0;0;0;95.0;0;0
INN33627;3;0;0;1;Meal Plan 1;0;Room_Type 4;105;2018;7;23;Online;0;0;0;137.7;0;1
INN05963;2;0;0;4;Meal Plan 1;0;Room_Type 1;22;2017;9;16;Online;0;0;0;114.5;1;0
INN35056;2;0;0;1;Meal Plan 2;0;Room_Type 1;72;2017;9;18;Offline;0;0;0;108.0;0;0
INN12050;3;0;2;2;Meal Plan 1;0;Room_Type 4;156;2018;8;20;Online;0;0;0;130.05;0;1
INN29423;2;0;0;2;Meal Plan 1;0;Room_Type 1;22;2018;7;5;Offline;0;0;0;85.0;0;0
INN08616;2;0;1;0;Not Selected;0;Room_Type 1;4;2018;2;14;Offline;0;0;0;60.4;0;1
INN17090;1;0;2;2;Meal Plan 1;0;Room_Type 4;86;2018;11;6;Online;0;0;0;146.6;1;1
INN13105;2;0;0;2;Meal Plan 1;0;Room_Type 1;245;2018;6;17;Offline;0;0;0;75.0;0;1
INN11030;2;0;0;1;Meal Plan 1;0;Room_Type 1;176;2018;9;15;Online;0;0;0;97.71;0;1
INN20292;1;0;0;3;Meal Plan 1;0;Room_Type 1;166;2018;11;1;Offline;0;0;0;110.0;0;1
INN32544;3;0;1;0;Meal Plan 1;0;Room_Type 4;2;2018;2;7;Online;0;0;0;127.0;1;0
INN17963;1;0;0;1;Meal Plan 1;0;Room_Type 1;17;2018;12;9;Corporate;0;0;0;65.0;0;0
INN07255;2;0;1;2;Meal Plan 1;0;Room_Type 1;57;2018;6;10;Offline;0;0;0;90.67;1;0
INN04092;2;0;0;3;Meal Plan 1;0;Room_Type 1;22;2018;10;5;Offline;0;0;0;85.0;0;0
INN07415;2;0;2;4;Meal Plan 1;0;Room_Type 1;9;2017;8;23;Online;0;0;0;90.0;2;0
INN20386;1;0;0;2;Meal Plan 1;0;Room_Type 1;164;2017;10;2;Offline;0;0;0;100.0;0;0
INN04596;1;0;0;1;Meal Plan 1;0;Room_Type 1;84;2018;9;7;Corporate;1;1;8;65.0;0;0
INN35718;2;0;0;4;Meal Plan 1;0;Room_Type 1;79;2017;11;18;Online;0;0;0;52.85;2;0
INN00681;2;0;2;0;Not Selected;0;Room_Type 1;0;2018;6;12;Online;0;0;0;69.74;0;0
INN27464;2;0;0;4;Meal Plan 1;0;Room_Type 1;41;2017;10;27;Online;0;0;0;74.88;0;0
INN05713;2;0;0;3;Meal Plan 2;0;Room_Type 1;150;2018;6;16;Offline;0;0;0;90.0;1;0
INN04248;2;0;1;2;Meal Plan 1;0;Room_Type 1;193;2018;6;20;Online;0;0;0;120.0;0;1
INN23247;2;0;0;3;Not Selected;0;Room_Type 1;99;2018;7;6;Online;0;0;0;103.5;1;0
INN35737;2;0;0;2;Meal Plan 1;0;Room_Type 1;18;2018;6;21;Corporate;0;0;0;100.0;0;0
INN28672;2;0;0;2;Meal Plan 1;0;Room_Type 2;70;2018;6;3;Offline;0;0;0;100.0;0;0
INN29032;3;0;1;0;Meal Plan 1;0;Room_Type 4;106;2018;12;25;Online;0;0;0;140.0;2;1
INN01006;1;0;0;1;Meal Plan 1;0;Room_Type 1;0;2018;1;20;Complementary;1;0;2;0.0;0;0
INN09507;2;0;1;3;Not Selected;0;Room_Type 1;76;2017;10;22;Online;0;0;0;58.76;1;0
INN21441;1;2;0;2;Meal Plan 1;0;Room_Type 2;1;2017;8;12;Online;0;0;0;0.0;4;0
INN16526;1;0;0;1;Meal Plan 1;0;Room_Type 1;1;2018;3;2;Online;0;0;0;0.0;0;0
INN31096;1;0;2;0;Meal Plan 1;0;Room_Type 1;61;2017;10;4;Offline;0;0;0;73.0;0;0
INN33189;2;0;2;3;Meal Plan 1;0;Room_Type 4;34;2018;10;2;Online;0;0;0;95.47;1;0
INN23191;2;0;0;2;Meal Plan 2;0;Room_Type 1;74;2017;9;18;Offline;0;0;0;101.5;0;0
INN19797;2;0;1;4;Meal Plan 1;0;Room_Type 5;47;2018;1;20;Online;0;0;0;120.95;2;0
INN13994;2;0;0;3;Meal Plan 1;0;Room_Type 1;178;2018;7;20;Online;0;0;0;102.3;1;1
INN15909;2;0;2;1;Meal Plan 1;0;Room_Type 1;117;2018;3;12;Offline;0;0;0;55.0;0;0
INN06446;2;0;2;5;Meal Plan 1;0;Room_Type 1;182;2018;3;28;Online;0;0;0;96.94;1;1
INN34792;2;0;1;5;Meal Plan 1;0;Room_Type 4;60;2018;9;5;Online;0;0;0;101.99;1;0
INN02495;2;0;0;4;Meal Plan 1;0;Room_Type 4;90;2018;9;7;Online;0;0;0;149.4;0;1
INN00710;2;0;2;1;Meal Plan 1;0;Room_Type 1;114;2017;7;11;Online;0;0;0;76.5;0;1
INN31504;2;0;1;0;Meal Plan 1;0;Room_Type 1;12;2017;10;4;Offline;0;0;0;72.0;0;0
INN20912;2;0;2;7;Not Selected;0;Room_Type 1;7;2018;11;15;Online;0;0;0;79.14;0;1
INN11335;2;0;0;2;Meal Plan 2;0;Room_Type 4;80;2017;10;9;Offline;0;0;0;136.0;0;0
INN16536;2;0;0;2;Meal Plan 1;0;Room_Type 4;2;2018;1;15;Online;0;0;0;87.3;0;0
INN32413;2;0;0;1;Meal Plan 1;0;Room_Type 4;65;2018;9;9;Online;0;0;0;149.4;1;1
INN26881;2;0;2;2;Meal Plan 1;0;Room_Type 4;164;2018;9;30;Online;0;0;0;126.9;1;1
INN24136;2;0;0;3;Meal Plan 1;0;Room_Type 4;303;2018;12;27;Online;0;0;0;91.8;0;1
INN14220;2;2;0;2;Meal Plan 1;0;Room_Type 6;18;2018;5;6;Online;0;0;0;221.0;1;0
INN34650;2;0;0;2;Meal Plan 1;0;Room_Type 1;317;2018;9;15;Offline;0;0;0;120.0;0;1
INN22492;2;0;0;3;Meal Plan 1;0;Room_Type 4;30;2018;6;29;Online;0;0;0;146.4;1;0
INN23707;2;0;2;3;Not Selected;0;Room_Type 1;61;2018;7;23;Online;0;0;0;94.5;1;0
INN30809;2;0;2;2;Meal Plan 1;0;Room_Type 1;100;2018;4;17;Offline;0;0;0;80.75;1;0
INN21917;2;0;0;3;Meal Plan 1;0;Room_Type 1;12;2017;8;5;Corporate;0;0;0;65.0;0;0
INN29625;3;0;1;1;Meal Plan 1;0;Room_Type 4;66;2018;10;24;Online;0;0;0;144.45;1;0
INN19551;2;0;2;3;Meal Plan 1;0;Room_Type 1;276;2018;5;13;Offline;0;0;0;61.0;0;1
INN10592;2;0;1;2;Meal Plan 1;0;Room_Type 1;19;2018;5;2;Online;0;0;0;130.0;0;0
INN28950;2;0;3;7;Meal Plan 1;1;Room_Type 1;109;2018;5;23;Online;0;0;0;138.54;0;0
INN15488;2;0;0;2;Meal Plan 1;0;Room_Type 1;185;2018;5;6;Online;0;0;0;81.77;2;1
INN03251;0;2;0;3;Meal Plan 2;0;Room_Type 6;0;2018;10;27;Online;0;0;0;18.6;2;0
INN18618;2;0;1;0;Meal Plan 1;0;Room_Type 4;18;2018;6;13;Online;0;0;0;97.02;0;0
INN14491;2;0;2;2;Not Selected;0;Room_Type 1;68;2018;3;13;Online;0;0;0;63.75;1;0
INN31612;2;0;2;5;Meal Plan 1;0;Room_Type 1;19;2018;11;20;Online;0;0;0;68.26;1;0
INN09545;2;0;0;2;Meal Plan 2;1;Room_Type 1;155;2018;6;14;Offline;0;0;0;119.24;0;1
INN31378;2;2;0;3;Meal Plan 1;0;Room_Type 6;71;2018;4;7;Online;0;0;0;171.3;2;0
INN25260;2;0;0;2;Meal Plan 1;0;Room_Type 1;56;2018;11;25;Online;0;0;0;93.6;1;1
INN28703;2;0;0;1;Meal Plan 1;0;Room_Type 5;13;2018;7;21;Corporate;0;0;0;158.95;1;0
INN14993;2;0;0;2;Meal Plan 2;0;Room_Type 1;256;2018;6;15;Offline;0;0;0;115.0;1;1
INN05399;1;0;1;2;Meal Plan 1;0;Room_Type 1;10;2018;10;14;Online;0;0;0;119.0;0;1
INN23301;2;0;1;1;Meal Plan 1;1;Room_Type 4;4;2018;6;18;Online;0;0;0;160.5;1;0
INN25829;1;0;0;1;Meal Plan 1;0;Room_Type 1;1;2017;11;14;Corporate;0;0;0;79.0;0;0
INN28490;2;0;0;2;Meal Plan 1;0;Room_Type 1;18;2018;1;12;Online;0;0;0;73.95;0;0
INN25272;2;0;2;0;Meal Plan 1;0;Room_Type 1;13;2017;11;22;Offline;0;0;0;90.6;1;0
INN12015;1;0;0;1;Meal Plan 1;0;Room_Type 1;99;2018;2;19;Corporate;0;0;0;80.0;0;0
INN30593;2;0;0;3;Meal Plan 1;0;Room_Type 1;84;2018;3;3;Offline;0;0;0;38.67;0;0
INN22965;1;0;0;1;Meal Plan 1;0;Room_Type 1;21;2018;3;4;Online;0;0;0;85.0;0;1
INN22296;1;0;2;3;Meal Plan 1;0;Room_Type 1;13;2017;9;20;Online;0;0;0;87.78;1;0
INN16747;2;0;0;4;Meal Plan 1;0;Room_Type 1;48;2017;11;10;Offline;0;0;0;43.5;0;0
INN08855;2;1;1;3;Meal Plan 1;0;Room_Type 1;71;2018;11;28;Online;0;0;0;68.07;2;0
INN17582;2;0;2;5;Meal Plan 1;0;Room_Type 4;70;2018;1;27;Offline;0;0;0;52.0;0;0
INN08661;2;0;1;2;Meal Plan 1;0;Room_Type 1;121;2018;6;24;Offline;0;0;0;90.0;0;1
INN27830;1;0;0;1;Meal Plan 1;0;Room_Type 1;6;2018;5;12;Corporate;0;0;0;129.0;0;0
INN10127;2;0;0;2;Meal Plan 2;0;Room_Type 1;292;2018;7;21;Offline;0;0;0;115.0;0;1
INN00647;2;0;1;4;Meal Plan 1;0;Room_Type 4;191;2018;3;30;Offline;0;0;0;69.0;0;0
INN14824;1;0;0;3;Meal Plan 1;0;Room_Type 1;54;2017;12;31;Offline;0;0;0;62.67;0;0
INN24569;2;0;0;3;Meal Plan 1;0;Room_Type 1;37;2018;10;13;Offline;0;0;0;105.0;0;0
INN24217;2;2;0;3;Meal Plan 1;0;Room_Type 2;43;2018;1;14;Online;0;0;0;86.75;0;1
INN04156;2;0;2;3;Meal Plan 1;0;Room_Type 1;6;2018;2;21;Offline;0;0;0;70.0;0;0
INN35682;1;0;0;1;Meal Plan 1;0;Room_Type 1;30;2018;8;31;Online;0;0;0;94.2;0;0
INN10603;2;0;1;0;Not Selected;0;Room_Type 1;6;2017;9;20;Online;0;0;0;114.0;1;0
INN36210;2;0;2;0;Meal Plan 2;0;Room_Type 1;275;2018;4;17;Offline;0;0;0;110.0;0;1
INN07221;1;0;0;1;Meal Plan 1;0;Room_Type 1;8;2018;4;5;Online;0;0;0;95.0;0;1
INN04789;1;0;1;2;Meal Plan 1;0;Room_Type 4;9;2018;4;8;Online;0;0;0;131.33;1;0
INN25221;2;0;2;2;Meal Plan 1;0;Room_Type 1;9;2018;2;14;Offline;0;0;0;87.0;1;0
INN10275;3;0;2;2;Meal Plan 1;0;Room_Type 1;26;2017;12;26;Offline;0;0;0;60.75;1;0
INN01752;2;0;0;4;Meal Plan 1;0;Room_Type 1;110;2017;12;9;Offline;0;0;0;70.0;0;0
INN24443;1;0;1;4;Meal Plan 1;0;Room_Type 1;131;2018;7;11;Online;0;0;0;101.15;1;0
INN20062;2;0;2;1;Meal Plan 1;0;Room_Type 1;116;2018;2;28;Offline;0;0;0;87.0;0;0
INN20591;3;0;1;2;Meal Plan 1;0;Room_Type 4;103;2018;12;19;Online;0;0;0;140.0;1;1
INN05201;2;0;2;2;Meal Plan 1;0;Room_Type 1;78;2018;2;20;Offline;0;0;0;60.0;1;0
INN20434;1;0;0;2;Meal Plan 1;0;Room_Type 1;6;2017;12;8;Corporate;1;2;13;65.0;0;0
INN09136;2;0;0;1;Meal Plan 1;1;Room_Type 1;8;2018;6;23;Online;0;0;0;100.0;1;0
INN08292;1;0;1;1;Meal Plan 1;1;Room_Type 1;0;2018;4;23;Online;0;0;0;123.0;0;0
INN07295;2;0;0;3;Meal Plan 1;0;Room_Type 1;57;2018;6;8;Online;0;0;0;117.9;0;1
INN17745;2;0;2;1;Meal Plan 1;0;Room_Type 1;41;2018;3;13;Corporate;0;0;0;85.67;0;0
INN28444;2;0;2;1;Meal Plan 1;0;Room_Type 1;225;2018;8;13;Online;0;0;0;105.3;0;1
INN17950;1;0;2;1;Meal Plan 2;0;Room_Type 1;122;2018;3;27;Offline;0;0;0;86.0;1;0
INN03030;2;0;0;3;Meal Plan 1;0;Room_Type 4;98;2018;7;21;Online;0;0;0;124.8;0;1
INN18180;1;0;5;10;Meal Plan 1;0;Room_Type 1;11;2018;5;9;Aviation;0;0;0;95.0;0;1
INN08546;1;0;0;2;Meal Plan 2;0;Room_Type 1;39;2017;8;14;Offline;0;0;0;87.0;0;0
INN21556;2;0;0;4;Meal Plan 1;0;Room_Type 4;191;2018;8;30;Online;0;0;0;84.43;1;1
INN29115;2;0;2;1;Meal Plan 2;0;Room_Type 1;110;2017;7;25;Offline;0;0;0;94.5;0;1
INN04618;2;0;0;2;Meal Plan 1;0;Room_Type 1;21;2017;11;5;Online;0;0;0;76.0;0;0
INN22392;2;0;1;1;Not Selected;0;Room_Type 1;3;2018;3;21;Online;0;0;0;89.0;0;0
INN35234;2;0;1;1;Meal Plan 1;0;Room_Type 1;21;2018;9;24;Online;0;0;0;163.0;2;0
INN21783;2;0;1;2;Meal Plan 1;0;Room_Type 1;5;2017;10;19;Offline;0;0;0;90.0;0;0
INN07633;1;0;0;2;Meal Plan 1;0;Room_Type 1;1;2018;2;23;Corporate;1;0;12;66.0;1;0
INN30572;2;0;2;0;Meal Plan 1;0;Room_Type 1;18;2018;4;3;Online;0;0;0;101.0;0;1
INN22805;2;0;0;2;Meal Plan 1;0;Room_Type 1;74;2017;10;28;Online;0;0;0;89.25;1;0
INN28365;1;0;1;0;Meal Plan 1;1;Room_Type 1;3;2018;12;5;Corporate;1;0;3;67.0;1;0
INN33453;1;0;1;3;Meal Plan 1;0;Room_Type 1;0;2018;5;2;Aviation;0;0;0;95.0;0;0
INN22401;2;0;2;0;Meal Plan 1;0;Room_Type 1;10;2018;8;14;Online;0;0;0;157.0;1;0
INN27392;2;2;0;4;Meal Plan 1;0;Room_Type 6;32;2018;6;8;Online;0;0;0;191.7;0;1
INN01149;1;0;0;3;Meal Plan 1;0;Room_Type 4;47;2018;9;13;Offline;0;0;0;120.0;0;0
INN23742;2;0;0;3;Not Selected;0;Room_Type 1;127;2018;6;29;Online;0;0;0;85.5;1;0
INN17622;2;0;1;3;Meal Plan 1;0;Room_Type 4;45;2018;12;12;Online;0;0;0;96.9;2;0
INN08269;1;0;1;1;Meal Plan 1;0;Room_Type 1;85;2018;6;4;Online;0;0;0;117.0;1;0
INN28074;3;0;1;4;Meal Plan 1;0;Room_Type 4;71;2018;6;1;Offline;0;0;0;115.6;0;1
INN17016;2;0;2;3;Meal Plan 1;0;Room_Type 1;178;2018;6;4;Online;0;0;0;100.3;0;1
INN05267;2;0;1;4;Meal Plan 1;0;Room_Type 4;60;2018;9;12;Online;0;0;0;168.3;4;0
INN22902;2;0;2;1;Meal Plan 2;0;Room_Type 1;23;2018;1;2;Offline;0;0;0;109.0;0;0
INN02133;1;0;0;1;Meal Plan 1;0;Room_Type 1;8;2018;7;28;Corporate;1;1;17;65.0;1;0
INN12493;1;0;0;2;Meal Plan 1;0;Room_Type 1;192;2018;6;24;Offline;0;0;0;95.0;0;0
INN34583;1;0;2;1;Meal Plan 1;0;Room_Type 1;2;2018;5;15;Corporate;1;3;32;65.0;0;0
INN12853;2;1;2;1;Meal Plan 1;0;Room_Type 1;107;2018;5;7;Online;0;0;0;130.0;1;1
INN32592;2;0;0;3;Meal Plan 1;1;Room_Type 4;66;2018;3;9;Online;0;0;0;96.3;0;0
INN10163;2;0;0;3;Meal Plan 1;0;Room_Type 1;28;2018;9;27;Online;0;0;0;103.46;1;1
INN04794;1;0;0;2;Meal Plan 1;0;Room_Type 1;14;2017;9;15;Online;0;0;0;114.0;1;0
INN13973;2;0;1;2;Not Selected;0;Room_Type 1;268;2018;12;16;Online;0;0;0;67.5;2;1
INN28571;2;0;1;2;Meal Plan 1;0;Room_Type 1;57;2018;6;10;Offline;0;0;0;90.67;1;0
INN35507;2;0;2;2;Meal Plan 1;0;Room_Type 1;125;2018;8;20;Online;0;0;0;105.3;2;0
INN16841;2;0;0;2;Meal Plan 2;0;Room_Type 1;320;2018;8;18;Offline;0;0;0;115.0;1;1
INN18156;2;0;1;2;Meal Plan 1;0;Room_Type 1;79;2018;5;2;Online;0;0;0;126.9;0;0
INN26443;1;0;0;2;Meal Plan 2;0;Room_Type 1;273;2017;7;17;Offline;0;0;0;87.0;0;0
INN05908;2;0;0;1;Not Selected;0;Room_Type 1;3;2018;8;20;Online;0;0;0;128.0;1;0
INN07033;2;0;2;1;Meal Plan 1;0;Room_Type 1;14;2018;8;28;Online;0;0;0;130.0;2;0
INN12957;3;0;1;3;Meal Plan 1;0;Room_Type 1;192;2018;8;4;Online;0;0;0;130.05;0;1
INN02862;2;0;1;4;Meal Plan 1;0;Room_Type 4;73;2018;5;25;Online;0;0;0;129.96;1;0
INN16387;2;0;2;6;Not Selected;0;Room_Type 1;11;2018;8;12;Online;0;0;0;139.0;0;1
INN32351;1;0;0;3;Meal Plan 1;0;Room_Type 4;0;2018;8;18;Online;0;0;0;178.33;1;0
INN05872;1;0;0;4;Meal Plan 1;0;Room_Type 1;17;2018;1;13;Online;0;0;0;63.37;0;0
INN20737;2;0;0;4;Meal Plan 1;0;Room_Type 4;161;2018;6;21;Online;0;0;0;123.46;1;1
INN21129;2;0;2;6;Meal Plan 2;0;Room_Type 1;58;2018;11;19;Online;0;0;0;88.29;1;0
INN32877;2;0;1;4;Meal Plan 1;0;Room_Type 1;74;2018;3;30;Online;0;0;0;82.45;0;1
INN06771;2;2;2;3;Meal Plan 1;0;Room_Type 2;41;2018;9;4;Online;0;0;0;208.93;0;1
INN21787;2;0;0;1;Not Selected;0;Room_Type 1;81;2018;5;7;Online;0;0;0;116.1;0;0
INN11513;2;0;1;3;Not Selected;0;Room_Type 1;47;2018;3;7;Online;0;0;0;65.75;0;0
INN33995;2;0;0;2;Meal Plan 1;0;Room_Type 1;301;2018;11;18;Offline;0;0;0;52.0;0;1
INN30778;2;0;0;1;Meal Plan 1;0;Room_Type 1;43;2018;12;27;Online;0;0;0;74.88;0;0
INN14062;2;1;0;3;Meal Plan 1;0;Room_Type 1;103;2018;10;18;Online;0;0;0;135.0;1;0
INN34752;2;0;0;2;Meal Plan 2;0;Room_Type 1;257;2017;7;1;Offline;0;0;0;101.5;0;1
INN24509;2;0;1;1;Meal Plan 2;0;Room_Type 1;301;2018;7;30;Offline;0;0;0;115.0;1;1
INN07321;3;0;0;2;Meal Plan 1;1;Room_Type 4;220;2018;8;31;Online;0;0;0;137.7;1;1
INN00827;3;0;1;1;Meal Plan 1;0;Room_Type 4;47;2018;7;2;Online;0;0;0;150.3;2;0
INN26291;2;0;0;0;Not Selected;0;Room_Type 1;2;2018;5;29;Online;0;0;0;0.0;1;0
INN13841;1;0;1;3;Meal Plan 1;0;Room_Type 1;0;2018;12;29;Offline;0;0;0;65.0;0;0
INN00862;2;0;1;1;Not Selected;0;Room_Type 1;79;2018;4;2;Online;0;0;0;76.5;0;1
INN02679;1;0;1;0;Meal Plan 1;0;Room_Type 1;4;2017;10;12;Corporate;0;0;0;65.0;0;0
INN28467;2;0;2;3;Meal Plan 1;0;Room_Type 1;63;2018;4;24;Online;0;0;0;99.79;1;0
INN07812;2;0;0;2;Meal Plan 1;0;Room_Type 1;322;2018;12;9;Offline;0;0;0;52.0;0;0
INN22808;2;0;0;1;Meal Plan 1;0;Room_Type 1;83;2018;9;1;Offline;0;0;0;112.8;0;0
INN35135;2;0;2;1;Meal Plan 1;0;Room_Type 1;42;2018;1;16;Online;0;0;0;78.3;1;0
INN21069;2;0;0;2;Meal Plan 2;0;Room_Type 1;74;2017;9;18;Offline;0;0;0;101.5;0;0
INN25025;1;0;0;3;Meal Plan 1;0;Room_Type 1;1;2018;1;19;Online;0;0;0;89.0;1;0
INN28923;1;0;0;1;Meal Plan 1;0;Room_Type 1;15;2018;2;19;Corporate;0;0;0;81.0;0;0
INN31365;1;0;1;2;Not Selected;0;Room_Type 1;3;2018;12;19;Online;0;0;0;79.5;0;0
INN29944;2;0;0;2;Meal Plan 2;0;Room_Type 1;0;2017;8;14;Offline;0;0;0;109.0;0;0
INN27647;2;0;1;3;Meal Plan 1;0;Room_Type 1;132;2018;7;11;Online;0;0;0;101.58;1;0
INN16204;2;0;0;2;Meal Plan 1;0;Room_Type 1;263;2018;10;21;Offline;0;0;0;110.0;0;1
INN04998;2;0;0;1;Not Selected;0;Room_Type 1;73;2018;9;15;Corporate;0;0;0;100.0;1;1
INN12745;1;0;0;2;Meal Plan 1;0;Room_Type 1;4;2018;11;22;Online;0;0;0;99.5;2;0
INN35124;2;0;2;3;Not Selected;0;Room_Type 1;90;2018;12;24;Online;0;0;0;74.8;1;0
INN09695;2;0;0;2;Meal Plan 2;0;Room_Type 1;39;2017;8;14;Offline;0;0;0;101.5;0;0
INN29879;2;0;0;1;Meal Plan 1;0;Room_Type 1;0;2018;5;24;Online;0;0;0;141.0;0;0
INN25059;2;0;0;1;Meal Plan 1;0;Room_Type 1;42;2018;9;15;Online;0;0;0;112.59;1;0
INN12839;2;0;0;3;Meal Plan 1;0;Room_Type 1;64;2018;9;28;Offline;0;0;0;101.52;0;0
INN02654;2;0;3;7;Meal Plan 1;0;Room_Type 1;200;2018;7;15;Online;0;0;0;90.95;1;1
INN15637;2;0;2;1;Meal Plan 1;0;Room_Type 1;32;2018;5;8;Online;0;0;0;126.9;1;0
INN23611;2;0;0;1;Meal Plan 1;0;Room_Type 1;20;2018;10;6;Online;0;0;0;139.0;1;0
INN05458;2;0;2;5;Meal Plan 1;0;Room_Type 1;32;2018;10;17;Offline;0;0;0;85.0;0;0
INN06691;2;0;0;3;Meal Plan 1;0;Room_Type 1;36;2018;10;25;Offline;0;0;0;85.0;0;0
INN19657;2;0;2;1;Meal Plan 1;0;Room_Type 2;101;2018;8;20;Online;0;0;0;109.83;2;0
INN29924;2;0;2;1;Meal Plan 2;0;Room_Type 1;145;2017;8;29;Offline;0;0;0;94.5;0;0
INN32695;3;0;2;2;Meal Plan 1;0;Room_Type 4;85;2018;7;10;Online;0;0;0;142.2;2;0
INN16090;2;0;2;6;Meal Plan 1;0;Room_Type 1;174;2018;7;26;Online;0;0;0;99.45;1;0
INN24200;2;0;2;2;Meal Plan 1;0;Room_Type 1;176;2018;10;7;Online;0;0;0;94.12;0;1
INN18510;2;0;1;2;Meal Plan 1;0;Room_Type 1;132;2018;7;1;Offline;0;0;0;72.25;0;0
INN23146;2;0;0;1;Meal Plan 2;0;Room_Type 4;6;2018;11;24;Online;0;0;0;152.0;0;0
INN16296;2;0;1;2;Not Selected;0;Room_Type 1;67;2018;4;1;Online;0;0;0;81.9;0;0
INN23726;1;0;2;3;Meal Plan 1;0;Room_Type 1;65;2017;9;25;Online;0;0;0;130.9;2;0
INN28818;2;0;0;4;Meal Plan 1;0;Room_Type 4;101;2018;6;1;Online;0;0;0;132.6;0;1
INN20639;2;0;2;2;Meal Plan 1;0;Room_Type 4;71;2018;5;1;Online;0;0;0;132.6;0;1
INN20826;1;0;3;5;Meal Plan 1;0;Room_Type 1;116;2018;2;28;Offline;0;0;0;90.38;0;0
INN29793;2;0;0;1;Not Selected;1;Room_Type 1;2;2018;10;15;Online;0;0;0;149.0;1;0
INN07992;2;0;2;1;Meal Plan 2;0;Room_Type 1;23;2018;1;2;Offline;0;0;0;109.0;0;0
INN23852;2;0;0;2;Meal Plan 2;0;Room_Type 1;265;2018;6;24;Offline;0;0;0;115.0;1;1
INN18239;1;0;0;1;Meal Plan 1;0;Room_Type 1;8;2018;2;16;Online;0;0;0;91.0;0;0
INN11317;2;0;0;4;Meal Plan 1;0;Room_Type 4;19;2017;11;4;Offline;0;0;0;52.5;2;0
INN22670;2;0;0;4;Not Selected;0;Room_Type 1;192;2018;8;24;Online;0;0;0;89.25;0;1
INN32264;2;0;0;5;Meal Plan 2;0;Room_Type 1;230;2018;9;6;Offline;0;0;0;137.0;0;1
INN17941;2;0;1;2;Meal Plan 1;0;Room_Type 1;106;2018;11;4;Online;0;0;0;90.0;2;1
INN11220;2;0;1;2;Meal Plan 1;0;Room_Type 1;49;2018;1;22;Offline;0;0;0;60.0;0;0
INN27201;2;1;0;3;Meal Plan 1;0;Room_Type 6;193;2018;12;29;Online;0;0;0;160.2;0;0
INN00135;1;0;0;4;Not Selected;0;Room_Type 1;80;2018;3;29;Online;0;0;0;72.25;0;0
INN35719;2;0;0;1;Not Selected;0;Room_Type 1;3;2017;12;19;Online;0;0;0;75.0;0;0
INN03947;2;0;1;1;Meal Plan 1;0;Room_Type 1;68;2018;7;18;Online;0;0;0;105.3;1;0
INN16845;2;2;0;1;Meal Plan 1;0;Room_Type 6;25;2018;10;13;Online;0;0;0;229.0;2;0
INN35272;2;0;1;2;Not Selected;0;Room_Type 1;33;2018;9;9;Online;0;0;0;125.1;1;0
INN17877;2;0;1;3;Meal Plan 1;0;Room_Type 1;60;2018;8;8;Online;0;0;0;135.9;2;0
INN14702;1;0;0;1;Meal Plan 1;0;Room_Type 4;2;2018;11;9;Corporate;0;0;0;103.0;0;1
INN26225;2;0;1;3;Meal Plan 1;0;Room_Type 1;85;2018;10;6;Offline;0;0;0;85.0;1;0
INN11446;2;0;2;0;Meal Plan 1;0;Room_Type 4;11;2017;10;4;Online;0;0;0;136.0;1;0
INN13019;2;0;2;2;Meal Plan 1;0;Room_Type 4;10;2018;9;3;Online;0;0;0;156.5;0;1
INN35274;1;0;3;5;Meal Plan 1;0;Room_Type 4;2;2017;9;13;Online;0;0;0;150.25;0;0
INN11906;1;0;1;1;Meal Plan 1;0;Room_Type 1;5;2018;5;9;Corporate;1;0;6;65.0;0;0
INN30757;3;0;2;2;Meal Plan 1;0;Room_Type 4;194;2018;8;19;Online;0;0;0;132.18;1;1
INN23324;2;0;0;3;Not Selected;0;Room_Type 1;64;2018;3;31;Online;0;0;0;80.1;1;0
INN31924;2;0;1;1;Meal Plan 2;0;Room_Type 1;301;2018;7;30;Offline;0;0;0;115.0;1;1
INN12090;2;0;2;5;Meal Plan 1;0;Room_Type 1;198;2018;10;22;Offline;0;0;0;80.75;0;0
INN35420;2;0;1;2;Meal Plan 1;0;Room_Type 1;31;2018;10;14;Offline;0;0;0;85.0;0;0
INN12772;3;0;1;2;Meal Plan 1;0;Room_Type 4;23;2018;5;2;Online;0;0;0;143.99;1;0
INN18965;2;0;0;2;Not Selected;0;Room_Type 1;11;2018;10;21;Online;0;0;0;140.0;0;0
INN29720;2;0;0;5;Meal Plan 1;0;Room_Type 1;44;2018;2;23;Online;0;0;0;74.82;1;0
INN06744;2;0;1;5;Meal Plan 1;0;Room_Type 1;46;2018;11;21;Offline;0;0;0;72.0;0;0
INN30595;2;0;2;5;Meal Plan 2;0;Room_Type 1;90;2018;4;23;Online;0;0;0;99.45;1;1
INN29333;2;0;0;3;Meal Plan 1;0;Room_Type 1;279;2018;10;12;Offline;0;0;0;110.0;0;1
INN08638;1;0;0;1;Meal Plan 1;0;Room_Type 1;55;2018;7;7;Corporate;0;0;0;79.0;0;1
INN03335;2;0;0;1;Not Selected;0;Room_Type 1;1;2017;8;7;Online;0;0;0;81.0;2;0
INN25306;2;0;0;3;Meal Plan 1;0;Room_Type 1;240;2018;6;9;Online;0;0;0;106.2;0;1
INN01131;2;0;2;5;Meal Plan 1;0;Room_Type 1;155;2018;7;17;Online;0;0;0;101.88;1;1
INN21628;2;0;1;3;Meal Plan 1;0;Room_Type 1;113;2018;4;25;Online;0;0;0;100.75;1;0
INN22025;2;0;0;1;Not Selected;0;Room_Type 1;14;2018;9;27;Offline;0;0;0;76.5;0;0
INN23544;2;0;0;2;Meal Plan 1;1;Room_Type 4;4;2017;12;11;Online;0;0;0;116.0;0;0
INN04047;2;0;4;11;Not Selected;0;Room_Type 1;35;2018;11;29;Online;0;0;0;74.8;2;1
INN06829;1;0;0;2;Meal Plan 1;0;Room_Type 1;32;2017;11;20;Offline;0;0;0;73.0;0;0
INN00181;2;0;0;3;Meal Plan 1;0;Room_Type 1;11;2017;9;9;Online;0;0;0;80.85;1;0
INN34426;3;0;0;4;Meal Plan 1;0;Room_Type 1;90;2018;10;19;Offline;0;0;0;105.4;0;0
INN32897;2;0;1;1;Meal Plan 1;0;Room_Type 4;267;2018;10;1;Online;0;0;0;115.2;0;1
INN17761;2;0;2;4;Meal Plan 1;0;Room_Type 1;114;2018;5;12;Online;0;0;0;115.25;0;1
INN02019;2;0;0;2;Meal Plan 1;0;Room_Type 1;19;2018;3;18;Online;0;0;0;109.0;1;0
INN33576;2;0;2;2;Meal Plan 1;0;Room_Type 1;31;2018;11;13;Online;0;0;0;88.4;1;0
INN06797;3;0;2;5;Meal Plan 1;0;Room_Type 4;148;2018;8;16;Online;0;0;0;138.14;0;1
INN03991;2;0;1;2;Meal Plan 1;0;Room_Type 1;121;2018;6;24;Online;0;0;0;90.0;0;1
INN07684;2;0;2;1;Meal Plan 1;0;Room_Type 1;15;2018;2;20;Online;0;0;0;93.0;0;0
INN32530;2;0;0;3;Not Selected;0;Room_Type 1;80;2018;12;7;Online;0;0;0;79.2;0;1
INN15069;2;0;0;1;Meal Plan 1;0;Room_Type 1;1;2017;10;14;Corporate;0;0;0;95.0;1;0
INN31688;2;0;0;2;Meal Plan 2;0;Room_Type 1;265;2018;6;24;Offline;0;0;0;115.0;1;1
INN25023;2;0;1;2;Not Selected;0;Room_Type 1;126;2018;7;11;Online;0;0;0;73.12;0;1
INN28279;2;0;0;2;Meal Plan 2;0;Room_Type 1;74;2017;9;18;Offline;0;0;0;101.5;0;0
INN18470;3;0;2;4;Meal Plan 1;0;Room_Type 4;288;2018;12;25;Online;0;0;0;107.38;0;0
INN33851;1;0;0;2;Meal Plan 1;0;Room_Type 1;14;2017;10;15;Offline;0;0;0;100.0;0;0
INN21714;3;0;0;2;Meal Plan 1;0;Room_Type 4;204;2018;10;7;Online;0;0;0;141.3;0;1
INN18631;2;0;0;1;Meal Plan 1;0;Room_Type 1;18;2018;11;8;Corporate;1;0;1;75.0;3;0
INN35316;2;1;0;2;Meal Plan 1;0;Room_Type 1;54;2018;5;18;Online;0;0;0;143.1;2;0
INN18491;2;0;2;1;Meal Plan 1;0;Room_Type 1;0;2017;12;20;Offline;0;0;0;58.0;0;0
INN20522;2;0;0;3;Meal Plan 1;0;Room_Type 1;17;2018;3;17;Offline;0;0;0;80.0;0;0
INN17538;1;0;4;6;Meal Plan 1;0;Room_Type 1;17;2018;1;24;Online;0;0;0;81.0;0;0
INN29013;2;1;2;1;Meal Plan 1;0;Room_Type 1;57;2017;10;10;Online;0;0;0;94.5;2;0
INN00609;2;0;0;4;Meal Plan 1;0;Room_Type 1;36;2018;12;28;Online;0;0;0;168.73;0;0
INN19663;1;0;0;1;Not Selected;0;Room_Type 1;181;2018;10;11;Online;0;0;0;98.1;1;1
INN03800;2;0;1;1;Meal Plan 1;0;Room_Type 1;49;2018;7;23;Online;0;0;0;135.9;1;0
INN13494;1;0;0;1;Meal Plan 1;0;Room_Type 1;22;2018;4;19;Online;0;0;0;95.0;0;1
INN20405;2;0;2;5;Meal Plan 1;0;Room_Type 4;39;2018;4;21;Online;0;0;0;117.98;1;0
INN19194;2;0;2;2;Not Selected;0;Room_Type 1;59;2018;7;3;Online;0;0;0;78.35;1;0
INN02142;2;0;0;2;Meal Plan 2;0;Room_Type 1;74;2017;9;18;Offline;0;0;0;109.0;0;0
INN12594;2;0;1;2;Meal Plan 1;0;Room_Type 1;62;2018;3;14;Online;0;0;0;60.29;1;0
INN21150;1;0;1;3;Not Selected;0;Room_Type 1;13;2018;10;31;Online;0;0;0;93.75;2;0
INN13575;1;0;2;4;Meal Plan 1;0;Room_Type 1;145;2018;4;29;Online;0;0;0;69.56;0;0
INN36028;2;0;0;3;Meal Plan 1;0;Room_Type 1;143;2018;8;25;Offline;0;0;0;100.0;0;0
INN00367;2;0;2;3;Meal Plan 2;0;Room_Type 1;87;2018;6;26;Online;0;0;0;141.3;0;1
INN06637;2;0;0;1;Meal Plan 1;0;Room_Type 1;0;2018;6;28;Corporate;0;0;0;116.45;0;0
INN00244;2;0;0;2;Not Selected;0;Room_Type 1;12;2018;9;14;Corporate;0;0;0;100.0;1;0
INN32497;3;0;2;2;Not Selected;0;Room_Type 1;135;2018;7;15;Online;0;0;0;92.28;2;0
INN15577;2;1;2;6;Meal Plan 1;0;Room_Type 4;127;2018;7;26;Online;0;0;0;101.13;1;0
INN07335;1;0;0;1;Meal Plan 1;0;Room_Type 1;21;2018;2;17;Online;0;0;0;85.0;1;0
INN22639;2;0;2;1;Meal Plan 1;0;Room_Type 4;142;2018;5;22;Online;0;0;0;114.3;0;0
INN08307;2;0;2;5;Meal Plan 1;0;Room_Type 1;86;2018;8;4;Offline;0;0;0;85.0;0;0
INN13958;2;0;0;2;Meal Plan 1;0;Room_Type 1;245;2018;6;17;Offline;0;0;0;75.0;0;1
INN09624;1;0;0;2;Not Selected;0;Room_Type 1;0;2018;3;1;Online;0;0;0;89.0;1;0
INN06932;2;0;0;1;Meal Plan 1;0;Room_Type 4;88;2018;8;19;Online;0;0;0;131.4;2;0
INN00250;1;0;1;3;Meal Plan 1;0;Room_Type 1;0;2017;11;9;Online;0;0;0;91.0;1;0
INN08762;2;0;1;3;Meal Plan 1;0;Room_Type 1;8;2018;11;7;Online;0;0;0;120.47;1;0
INN06625;1;0;2;1;Meal Plan 1;0;Room_Type 1;93;2018;10;15;Online;0;0;0;115.0;0;1
INN07762;2;0;0;1;Meal Plan 1;0;Room_Type 1;175;2017;8;5;Online;0;0;0;76.5;0;1
INN14655;2;0;0;2;Meal Plan 1;0;Room_Type 1;94;2018;4;12;Online;0;0;0;96.3;1;0
INN21504;2;0;0;2;Meal Plan 1;0;Room_Type 2;188;2018;7;7;Online;0;0;0;86.75;1;1
INN06343;2;0;2;2;Meal Plan 1;0;Room_Type 1;81;2018;8;14;Online;0;0;0;117.9;3;0
INN18489;2;0;0;3;Meal Plan 1;0;Room_Type 4;95;2018;8;25;Online;0;0;0;131.4;1;0
INN22938;1;0;1;0;Meal Plan 1;0;Room_Type 1;3;2017;8;2;Complementary;0;0;0;0.0;1;0
INN23177;2;0;1;2;Meal Plan 2;0;Room_Type 2;161;2018;3;25;Offline;0;0;0;130.0;0;1
INN19821;2;0;1;2;Meal Plan 1;0;Room_Type 1;169;2018;8;12;Online;0;0;0;105.3;1;1
INN28643;2;0;2;2;Meal Plan 1;0;Room_Type 1;86;2018;3;20;Online;0;0;0;73.95;1;0
INN21172;2;0;0;1;Meal Plan 1;0;Room_Type 4;85;2018;6;2;Online;0;0;0;140.4;0;1
INN32636;1;0;0;2;Meal Plan 1;0;Room_Type 1;181;2018;10;11;Offline;0;0;0;120.0;0;1
INN32273;2;0;2;2;Meal Plan 1;0;Room_Type 1;55;2018;6;26;Online;0;0;0;108.9;1;1
INN22908;2;0;1;3;Meal Plan 1;0;Room_Type 1;290;2018;12;1;Online;0;0;0;73.95;0;1
INN00781;2;0;0;2;Meal Plan 1;0;Room_Type 4;25;2018;4;20;Online;0;0;0;137.0;1;0
INN18379;2;0;1;2;Meal Plan 2;0;Room_Type 1;161;2018;3;25;Offline;0;0;0;130.0;0;1
INN15882;1;0;2;3;Meal Plan 2;0;Room_Type 1;137;2018;12;24;Online;0;0;0;117.3;2;0
INN01391;2;0;0;3;Meal Plan 1;0;Room_Type 1;213;2018;6;7;Online;0;0;0;130.0;0;1
INN09284;1;0;2;3;Meal Plan 1;0;Room_Type 1;70;2018;10;30;Online;0;0;0;87.48;2;0
INN26936;1;0;0;1;Meal Plan 1;0;Room_Type 1;0;2018;12;6;Corporate;1;1;3;79.0;0;0
INN01864;2;0;1;4;Meal Plan 1;0;Room_Type 1;183;2018;8;3;Online;0;0;0;112.0;1;1
INN10232;3;1;0;3;Meal Plan 1;0;Room_Type 7;13;2018;8;10;Online;0;0;0;231.15;2;0
INN25712;2;0;1;1;Not Selected;0;Room_Type 1;3;2018;8;1;Online;0;0;0;109.0;1;0
INN28360;2;0;0;3;Meal Plan 1;0;Room_Type 1;86;2018;3;10;Offline;0;0;0;58.0;0;0
INN01881;2;0;2;2;Meal Plan 1;0;Room_Type 1;64;2018;9;4;Online;0;0;0;103.95;1;0
INN00591;2;0;0;1;Not Selected;0;Room_Type 1;120;2018;5;12;Online;0;0;0;72.76;0;0
INN08678;2;0;0;4;Meal Plan 1;0;Room_Type 4;35;2017;9;29;Online;0;0;0;92.33;1;0
INN00751;1;0;0;2;Meal Plan 1;0;Room_Type 1;5;2018;5;24;Corporate;0;0;0;100.0;0;0
INN17739;2;0;2;1;Meal Plan 2;0;Room_Type 1;30;2018;3;5;Offline;0;0;0;117.0;0;0
INN23233;2;0;2;5;Meal Plan 1;0;Room_Type 1;116;2018;4;28;Online;0;0;0;73.77;1;0
INN22438;2;0;2;2;Meal Plan 1;0;Room_Type 1;99;2017;10;30;Offline;0;0;0;65.0;0;1
INN35921;2;1;2;2;Not Selected;0;Room_Type 6;45;2018;1;1;Online;0;0;0;159.08;3;0
INN31135;2;0;2;2;Meal Plan 1;0;Room_Type 4;26;2018;11;12;Offline;0;0;0;78.2;0;1
INN00159;2;0;0;1;Not Selected;0;Room_Type 1;31;2018;4;14;Online;0;0;0;94.5;0;1
INN22915;2;0;0;1;Meal Plan 1;0;Room_Type 4;5;2017;11;4;Online;0;0;0;117.0;0;0
INN01319;2;0;0;3;Meal Plan 2;0;Room_Type 1;24;2018;3;3;Offline;0;0;0;117.0;0;0
INN01479;2;0;2;0;Meal Plan 1;0;Room_Type 1;36;2018;8;14;Online;0;0;0;135.9;1;0
INN09124;1;0;0;1;Meal Plan 1;0;Room_Type 1;99;2018;2;19;Corporate;0;0;0;80.0;0;0
INN19043;2;0;1;2;Not Selected;0;Room_Type 1;36;2018;10;31;Online;0;0;0;95.0;0;1
INN20961;3;0;0;2;Meal Plan 1;0;Room_Type 4;58;2018;5;13;Online;0;0;0;159.3;3;0
INN20172;2;1;0;3;Meal Plan 1;0;Room_Type 1;184;2018;10;4;Online;0;0;0;125.1;0;1
INN22576;2;0;0;1;Not Selected;0;Room_Type 1;0;2018;1;2;Online;0;0;0;95.0;0;0
INN29884;2;0;1;3;Meal Plan 1;0;Room_Type 1;17;2018;6;13;Offline;0;0;0;95.0;0;1
INN03438;2;0;1;2;Meal Plan 1;0;Room_Type 1;133;2018;4;25;Offline;0;0;0;80.75;1;0
INN34404;2;0;0;3;Meal Plan 1;0;Room_Type 4;7;2017;9;22;Online;0;0;0;136.0;0;0
INN32269;1;0;0;1;Meal Plan 1;0;Room_Type 1;10;2018;2;19;Offline;0;0;0;72.1;0;0
INN08905;2;1;2;4;Meal Plan 1;0;Room_Type 1;38;2017;10;31;Offline;0;0;0;64.72;1;0
INN35976;2;0;0;1;Meal Plan 1;0;Room_Type 1;5;2018;2;4;Offline;0;0;0;66.0;2;0
INN17940;2;0;0;2;Meal Plan 2;0;Room_Type 1;291;2018;8;19;Offline;0;0;0;115.0;0;1
INN30576;2;0;0;1;Meal Plan 1;0;Room_Type 4;11;2017;10;9;Online;0;0;0;155.0;2;0
INN10772;1;0;1;0;Meal Plan 1;0;Room_Type 1;1;2018;2;1;Online;0;0;0;66.22;1;0
INN26222;2;0;1;0;Meal Plan 1;0;Room_Type 1;6;2018;3;13;Corporate;0;0;0;84.0;0;1
INN20168;2;0;1;0;Meal Plan 1;0;Room_Type 1;123;2017;7;13;Online;0;0;0;76.5;1;1
INN00654;0;2;1;2;Meal Plan 1;0;Room_Type 2;78;2018;8;19;Online;0;0;0;115.68;1;0
INN05049;2;0;0;1;Not Selected;0;Room_Type 1;5;2018;6;2;Online;0;0;0;119.0;0;0
INN31988;2;0;0;1;Meal Plan 1;1;Room_Type 1;1;2017;12;31;Online;0;0;0;135.0;1;0
INN16450;2;0;2;0;Meal Plan 1;0;Room_Type 4;3;2018;2;21;Online;0;0;0;105.0;0;0
INN00390;1;0;0;3;Meal Plan 1;0;Room_Type 1;11;2017;9;15;Corporate;0;0;0;65.0;0;0
INN16112;2;0;1;3;Meal Plan 1;0;Room_Type 1;4;2018;6;6;Offline;0;0;0;120.0;1;0
INN09517;2;0;2;2;Meal Plan 1;0;Room_Type 1;12;2017;12;19;Offline;0;0;0;58.0;0;0
INN07683;2;0;2;2;Meal Plan 1;1;Room_Type 4;99;2018;3;12;Online;0;0;0;91.45;0;0
INN05056;1;0;1;2;Meal Plan 1;0;Room_Type 1;180;2018;10;10;Online;0;0;0;120.0;0;1
INN01741;2;2;0;4;Meal Plan 1;0;Room_Type 6;23;2018;11;22;Online;0;0;0;147.9;1;1
INN25918;1;0;0;1;Meal Plan 1;0;Room_Type 1;8;2018;3;2;Online;0;0;0;86.0;0;0
INN19993;1;0;1;0;Meal Plan 1;0;Room_Type 1;0;2017;8;23;Online;0;0;0;80.0;0;0
INN22921;1;0;1;1;Meal Plan 1;0;Room_Type 1;73;2018;6;4;Online;0;0;0;117.0;2;0
INN05676;2;0;2;3;Meal Plan 1;0;Room_Type 4;75;2018;8;12;Online;0;0;0;149.4;1;0
INN29062;2;1;1;4;Meal Plan 1;0;Room_Type 1;55;2017;11;9;Online;0;0;0;79.2;2;1
INN17645;2;0;1;3;Meal Plan 1;0;Room_Type 4;79;2018;4;28;Online;0;0;0;125.38;0;0
INN12507;2;0;1;2;Not Selected;0;Room_Type 1;36;2018;1;29;Online;0;0;0;53.97;1;0
INN12037;2;0;2;3;Meal Plan 1;0;Room_Type 1;249;2018;10;2;Online;0;0;0;119.85;0;1
INN01792;2;0;1;1;Meal Plan 1;0;Room_Type 4;40;2018;8;13;Online;0;0;0;149.4;1;0
INN10287;2;0;2;1;Meal Plan 1;0;Room_Type 1;5;2018;8;21;Offline;0;0;0;72.25;0;0
INN13375;1;0;0;3;Meal Plan 1;1;Room_Type 1;8;2017;10;20;Online;0;0;0;129.0;1;0
INN23954;2;0;2;1;Not Selected;1;Room_Type 1;156;2018;8;21;Online;0;0;0;103.5;0;1
INN11892;1;0;2;0;Meal Plan 1;0;Room_Type 1;4;2018;11;13;Corporate;0;0;0;75.0;1;0
INN17310;2;0;0;1;Meal Plan 1;0;Room_Type 1;13;2018;11;16;Online;0;0;0;114.0;2;0
INN15280;1;0;1;4;Meal Plan 1;0;Room_Type 1;5;2018;3;7;Offline;0;0;0;55.74;0;0
INN15423;1;0;0;2;Meal Plan 1;0;Room_Type 6;13;2018;9;27;Online;0;0;0;176.33;0;0
INN09075;2;0;1;1;Not Selected;0;Room_Type 1;29;2018;5;21;Online;0;0;0;113.55;0;1
INN25347;3;0;1;3;Meal Plan 1;0;Room_Type 4;165;2018;10;27;Online;0;0;0;123.3;2;1
INN22777;2;0;2;5;Meal Plan 2;0;Room_Type 1;3;2017;9;14;Offline;0;0;0;90.0;0;0
INN12585;1;0;1;0;Meal Plan 1;0;Room_Type 5;4;2018;4;18;Online;0;0;0;0.0;2;0
INN31461;2;0;2;1;Not Selected;1;Room_Type 1;156;2018;8;21;Online;0;0;0;103.5;0;1
INN25956;2;0;1;1;Meal Plan 1;0;Room_Type 1;93;2018;6;20;Online;0;0;0;126.9;1;0
INN07471;2;0;1;0;Meal Plan 1;0;Room_Type 1;37;2018;3;13;Corporate;1;0;3;77.0;0;0
INN31267;2;0;2;3;Meal Plan 1;0;Room_Type 4;47;2018;10;15;Online;0;0;0;95.48;2;0
INN12403;2;0;1;2;Meal Plan 1;0;Room_Type 1;86;2018;11;4;Online;0;0;0;99.0;2;0
INN32352;2;0;1;0;Meal Plan 1;0;Room_Type 4;8;2018;12;12;Online;0;0;0;114.0;2;0
INN10990;2;0;2;1;Meal Plan 1;0;Room_Type 1;11;2017;11;1;Online;0;0;0;87.0;1;0
INN26149;1;0;0;1;Meal Plan 1;0;Room_Type 4;6;2018;8;3;Corporate;0;0;0;90.0;1;0
INN27136;2;0;0;2;Not Selected;1;Room_Type 1;221;2018;8;18;Online;0;0;0;94.5;3;0
INN11993;2;0;1;2;Not Selected;0;Room_Type 1;54;2018;3;18;Online;0;0;0;88.2;0;1
INN03772;2;0;2;2;Meal Plan 1;0;Room_Type 1;149;2018;5;6;Online;0;0;0;99.45;0;1
INN27445;2;0;1;3;Meal Plan 2;0;Room_Type 4;161;2018;12;26;Online;0;0;0;130.05;0;0
INN02676;2;0;2;2;Meal Plan 1;0;Room_Type 1;11;2017;9;13;Online;0;0;0;94.6;0;0
INN33470;2;0;1;3;Meal Plan 1;0;Room_Type 1;85;2018;10;6;Offline;0;0;0;85.0;1;0
INN16706;2;0;2;0;Meal Plan 1;0;Room_Type 1;0;2017;10;11;Online;0;0;0;123.0;0;0
INN17981;1;0;0;1;Meal Plan 1;0;Room_Type 1;0;2018;5;24;Online;0;0;0;135.0;0;1
INN14366;2;0;1;2;Meal Plan 1;0;Room_Type 1;135;2017;9;14;Offline;0;0;0;90.0;0;1
INN17360;4;0;2;1;Meal Plan 1;0;Room_Type 7;61;2018;7;10;Online;0;0;0;256.1;0;1
INN32178;2;1;1;3;Meal Plan 1;0;Room_Type 1;87;2018;10;10;Online;0;0;0;135.0;1;1
INN13626;2;0;0;3;Meal Plan 1;0;Room_Type 4;55;2018;8;16;Online;0;0;0;149.4;0;1
INN21998;1;0;0;2;Meal Plan 2;0;Room_Type 1;292;2018;7;21;Offline;0;0;0;90.0;0;0
INN00624;2;0;1;1;Meal Plan 1;0;Room_Type 4;1;2018;6;11;Online;0;0;0;136.0;2;0
INN16480;2;0;1;2;Meal Plan 1;0;Room_Type 1;23;2018;8;12;Offline;0;0;0;85.0;1;0
INN03791;2;0;1;2;Meal Plan 1;0;Room_Type 1;29;2018;10;3;Online;0;0;0;143.03;3;0
INN11933;2;0;0;3;Not Selected;0;Room_Type 1;20;2018;10;4;Online;0;0;0;129.0;0;1
INN30381;1;0;2;1;Meal Plan 1;0;Room_Type 1;1;2018;2;28;Offline;0;0;0;60.0;0;1
INN36125;3;0;0;3;Meal Plan 1;0;Room_Type 4;32;2018;3;24;Online;0;0;0;159.3;0;1
INN28724;1;0;0;2;Meal Plan 1;0;Room_Type 1;70;2018;2;26;Online;0;0;0;72.9;1;1
INN11988;2;2;0;2;Meal Plan 1;0;Room_Type 6;6;2018;2;24;Online;0;0;0;176.0;0;0
INN13793;2;0;0;2;Meal Plan 1;0;Room_Type 1;71;2018;3;4;Online;0;0;0;78.3;1;1
INN05366;1;0;1;3;Meal Plan 1;0;Room_Type 4;6;2018;11;14;Corporate;0;0;0;100.63;0;0
INN00512;2;0;2;1;Not Selected;0;Room_Type 1;67;2017;12;5;Online;0;0;0;95.4;2;0
INN15508;2;0;0;1;Not Selected;0;Room_Type 1;36;2018;6;16;Online;0;0;0;116.1;1;0
INN30409;2;0;1;3;Meal Plan 1;0;Room_Type 4;38;2018;10;3;Online;0;0;0;95.48;1;0
INN11927;3;0;0;3;Meal Plan 1;1;Room_Type 4;120;2018;7;12;Online;0;0;0;146.7;0;0
INN08387;2;0;2;1;Meal Plan 1;0;Room_Type 4;172;2018;9;18;Offline;0;0;0;90.95;1;0
INN24969;1;0;1;1;Meal Plan 1;0;Room_Type 1;4;2018;2;15;Complementary;0;0;0;0.0;1;0
INN26897;1;0;0;2;Meal Plan 1;0;Room_Type 1;19;2018;6;22;Corporate;0;0;0;90.0;0;0
INN29211;1;0;1;1;Meal Plan 2;0;Room_Type 1;3;2018;5;21;Offline;0;0;0;91.0;1;0
INN18335;1;0;0;2;Meal Plan 2;0;Room_Type 1;346;2018;9;13;Offline;0;0;0;90.0;0;0
INN10243;2;0;0;1;Meal Plan 1;0;Room_Type 1;16;2018;11;16;Online;0;0;0;84.0;0;0
INN32239;1;0;2;0;Meal Plan 1;0;Room_Type 1;0;2017;9;20;Corporate;0;0;0;65.0;0;0
INN17048;2;0;0;4;Not Selected;0;Room_Type 1;9;2018;12;28;Online;0;0;0;95.2;1;0
INN31255;2;0;2;3;Meal Plan 1;0;Room_Type 1;10;2018;12;3;Online;0;0;0;89.59;0;0
INN31186;2;0;0;4;Meal Plan 1;0;Room_Type 1;16;2018;3;29;Online;0;0;0;141.0;1;0
INN31685;2;0;0;2;Meal Plan 1;0;Room_Type 4;83;2018;8;12;Online;0;0;0;140.4;1;1
INN04412;2;0;0;4;Meal Plan 1;0;Room_Type 4;181;2018;5;11;Online;0;0;0;117.73;1;1
INN10726;2;0;0;2;Not Selected;0;Room_Type 1;8;2018;4;26;Online;0;0;0;119.0;1;0
INN32448;3;0;1;4;Meal Plan 1;0;Room_Type 4;55;2018;5;11;Online;0;0;0;150.45;2;0
INN12371;2;0;1;2;Meal Plan 1;0;Room_Type 1;59;2018;11;14;Offline;0;0;0;75.0;1;0
INN04782;1;0;0;3;Meal Plan 1;0;Room_Type 1;166;2018;11;1;Online;0;0;0;110.0;0;1
INN11304;2;0;2;1;Meal Plan 1;0;Room_Type 4;59;2018;6;26;Online;0;0;0;119.4;1;0
INN32133;2;0;2;1;Meal Plan 1;0;Room_Type 1;143;2018;7;2;Offline;0;0;0;112.0;1;0
INN16301;2;0;0;1;Not Selected;0;Room_Type 1;1;2018;11;24;Online;0;0;0;65.6;0;0
INN22195;2;2;2;4;Meal Plan 1;0;Room_Type 2;56;2017;10;9;Online;0;0;0;137.44;0;0
INN25999;2;0;0;5;Meal Plan 1;0;Room_Type 2;124;2018;4;12;Online;0;0;0;82.13;0;0
INN08898;3;0;0;4;Meal Plan 1;0;Room_Type 4;31;2018;3;2;Online;0;0;0;117.3;1;0
INN24126;2;0;1;2;Meal Plan 1;0;Room_Type 1;31;2018;9;16;Offline;0;0;0;75.0;0;0
INN13029;2;0;2;2;Meal Plan 1;0;Room_Type 4;121;2018;5;14;Online;0;0;0;113.05;0;1
INN00992;3;0;2;2;Meal Plan 1;0;Room_Type 4;8;2018;4;16;Online;0;0;0;144.5;1;0
INN09402;1;0;0;3;Meal Plan 1;0;Room_Type 1;151;2018;1;19;Offline;0;0;0;70.67;0;0
INN19592;2;0;1;1;Meal Plan 1;1;Room_Type 1;4;2018;12;26;Corporate;0;0;0;77.0;1;0
INN01510;2;0;2;1;Meal Plan 1;0;Room_Type 1;39;2018;7;3;Online;0;0;0;117.9;0;1
INN06746;2;0;0;3;Meal Plan 1;0;Room_Type 4;16;2018;4;12;Online;0;0;0;144.67;2;0
INN30834;2;0;1;1;Meal Plan 1;0;Room_Type 1;190;2018;4;9;Offline;1;13;1;70.0;0;1
INN15308;2;0;2;0;Meal Plan 1;0;Room_Type 1;95;2018;11;20;Online;0;0;0;84.6;2;1
INN04250;2;0;2;1;Meal Plan 1;0;Room_Type 1;179;2018;10;1;Online;0;0;0;108.9;2;1
INN20099;2;0;1;2;Meal Plan 1;0;Room_Type 1;8;2018;4;8;Online;0;0;0;116.33;0;1
INN17790;2;0;1;3;Meal Plan 1;0;Room_Type 4;110;2018;9;22;Online;0;0;0;149.4;0;1
INN15416;1;0;1;2;Meal Plan 1;0;Room_Type 1;50;2018;11;18;Online;0;0;0;86.4;2;0
INN22383;2;0;0;3;Meal Plan 1;0;Room_Type 1;157;2018;6;7;Online;0;0;0;113.1;0;1
INN22984;1;0;0;2;Meal Plan 1;0;Room_Type 1;188;2018;6;15;Offline;0;0;0;130.0;0;1
INN31476;2;0;0;4;Not Selected;0;Room_Type 1;59;2018;4;27;Online;0;0;0;99.85;0;1
INN25898;1;0;1;1;Meal Plan 1;0;Room_Type 1;32;2017;10;24;Online;0;0;0;120.0;1;0
INN34594;2;0;2;1;Meal Plan 1;0;Room_Type 1;205;2018;5;29;Offline;0;0;0;90.0;0;1
INN32116;2;0;1;2;Meal Plan 1;0;Room_Type 1;86;2018;7;1;Offline;0;0;0;86.36;0;0
INN21681;2;0;0;1;Meal Plan 1;0;Room_Type 1;14;2018;4;29;Online;0;0;0;141.0;1;0
INN15835;1;0;0;1;Meal Plan 1;0;Room_Type 1;0;2018;12;14;Corporate;0;0;0;65.0;0;0
INN33841;2;0;1;1;Meal Plan 1;0;Room_Type 1;174;2017;10;10;Offline;0;0;0;70.0;0;1
INN24464;2;0;0;2;Not Selected;0;Room_Type 1;240;2018;9;14;Online;0;0;0;95.4;0;1
INN11436;2;0;0;3;Meal Plan 1;0;Room_Type 1;51;2018;12;8;Online;0;0;0;68.47;1;0
INN04816;0;2;0;2;Meal Plan 1;0;Room_Type 2;195;2018;12;2;Online;0;0;0;71.22;0;1
INN11468;2;0;0;1;Not Selected;0;Room_Type 1;9;2018;2;13;Online;0;0;0;79.0;1;0
INN10941;2;0;1;2;Meal Plan 1;0;Room_Type 1;233;2018;10;14;Offline;0;0;0;90.0;0;1
INN06531;2;0;2;1;Meal Plan 1;0;Room_Type 1;62;2018;9;11;Online;0;0;0;135.9;0;1
INN14023;2;1;2;2;Meal Plan 1;0;Room_Type 4;103;2018;4;17;Online;0;0;0;70.03;0;0
INN16645;2;0;0;3;Meal Plan 1;0;Room_Type 1;177;2018;6;30;Offline;0;0;0;72.25;1;0
INN08110;3;0;2;4;Meal Plan 1;0;Room_Type 4;70;2018;7;3;Online;0;0;0;150.3;0;1
INN29893;1;0;2;2;Meal Plan 1;0;Room_Type 1;163;2018;6;5;Offline;0;0;0;100.0;0;1
INN17056;2;0;0;3;Meal Plan 1;0;Room_Type 1;56;2018;11;3;Online;0;0;0;86.4;0;0
INN16764;3;0;2;2;Meal Plan 1;0;Room_Type 4;48;2018;10;15;Online;0;0;0;158.4;0;0
INN02811;2;0;1;0;Meal Plan 1;1;Room_Type 4;3;2018;6;20;Complementary;0;0;0;0.0;3;0
INN31591;3;0;2;3;Meal Plan 1;0;Room_Type 4;242;2018;10;7;Online;0;0;0;150.45;0;1
INN36035;2;0;1;3;Meal Plan 1;0;Room_Type 1;50;2018;4;11;Online;0;0;0;72.75;1;0
INN22485;2;0;0;2;Meal Plan 1;0;Room_Type 1;315;2018;12;2;Offline;0;0;0;52.0;0;0
INN13346;1;0;0;3;Meal Plan 1;0;Room_Type 1;97;2017;12;29;Offline;0;0;0;62.0;1;0
INN13223;2;0;2;0;Not Selected;0;Room_Type 1;29;2018;9;18;Online;0;0;0;122.55;0;1
INN28369;2;0;2;2;Meal Plan 1;0;Room_Type 1;54;2018;11;11;Online;0;0;0;90.1;1;0
INN34676;1;0;0;1;Meal Plan 1;0;Room_Type 1;0;2017;10;20;Online;0;0;0;139.0;0;0
INN17302;2;0;0;3;Not Selected;0;Room_Type 1;1;2018;12;13;Online;0;0;0;78.0;1;0
INN27956;2;1;1;2;Meal Plan 1;0;Room_Type 6;4;2017;9;14;Offline;0;0;0;211.33;1;0
INN36090;2;0;1;1;Meal Plan 1;0;Room_Type 1;121;2018;7;23;Online;0;0;0;105.3;0;0
INN13000;1;0;0;2;Meal Plan 1;0;Room_Type 1;164;2017;10;2;Offline;0;0;0;100.0;0;1
INN06042;1;0;4;8;Meal Plan 1;0;Room_Type 1;307;2018;12;8;Online;0;0;0;73.95;0;1
INN13564;2;0;1;2;Meal Plan 1;0;Room_Type 1;19;2018;5;2;Online;0;0;0;130.0;0;0
INN24722;1;0;0;2;Meal Plan 1;0;Room_Type 1;103;2018;4;19;Offline;0;0;0;115.0;0;1
INN07497;2;0;0;3;Meal Plan 1;0;Room_Type 1;19;2017;10;6;Offline;1;1;0;90.0;0;0
INN13713;2;0;0;2;Meal Plan 2;0;Room_Type 1;39;2017;8;14;Offline;0;0;0;109.0;0;0
INN11208;2;2;1;3;Meal Plan 1;0;Room_Type 6;176;2018;10;24;Online;0;0;0;169.88;3;0
INN23143;2;0;1;1;Not Selected;0;Room_Type 1;26;2018;4;18;Online;0;0;0;89.0;1;0
INN13813;2;0;1;2;Not Selected;0;Room_Type 1;198;2018;4;22;Online;0;0;0;73.46;1;0
INN28438;3;0;1;1;Meal Plan 1;0;Room_Type 1;33;2018;9;10;Offline;0;0;0;120.6;0;0
INN28072;1;0;0;2;Meal Plan 1;0;Room_Type 1;1;2017;10;2;Offline;0;0;0;100.0;0;0
INN13360;2;0;0;3;Not Selected;0;Room_Type 1;132;2018;7;7;Online;0;0;0;139.0;0;1
INN19854;2;0;1;1;Meal Plan 1;0;Room_Type 1;89;2018;12;10;Online;0;0;0;104.0;2;0
INN18485;2;2;2;0;Meal Plan 1;0;Room_Type 6;134;2018;7;24;Online;0;0;0;177.3;0;1
INN04663;2;0;2;3;Meal Plan 1;0;Room_Type 1;22;2017;9;4;Online;0;0;0;75.6;0;0
INN33698;2;0;0;2;Not Selected;0;Room_Type 1;1;2018;8;2;Online;0;0;0;124.0;1;0
INN18159;2;0;0;4;Meal Plan 1;0;Room_Type 1;254;2018;10;12;Online;0;0;0;92.28;1;1
INN35712;2;0;1;1;Meal Plan 2;0;Room_Type 1;247;2018;6;6;Offline;0;0;0;115.0;1;1
INN20479;2;0;2;1;Meal Plan 1;0;Room_Type 4;2;2017;9;20;Offline;0;0;0;75.0;0;0
INN12923;2;0;0;1;Meal Plan 1;0;Room_Type 1;4;2018;7;15;Online;0;0;0;151.0;1;0
INN15925;2;0;0;3;Meal Plan 1;0;Room_Type 4;172;2018;8;25;Online;0;0;0;109.8;0;1
INN34736;1;0;0;3;Meal Plan 1;0;Room_Type 1;58;2018;1;27;Offline;0;0;0;80.67;1;0
INN23946;1;0;1;1;Meal Plan 1;0;Room_Type 1;0;2017;11;9;Corporate;1;0;2;65.0;0;0
INN21363;2;0;0;4;Meal Plan 1;0;Room_Type 1;217;2018;5;25;Online;0;0;0;90.1;2;1
INN03452;2;0;0;2;Not Selected;0;Room_Type 1;82;2018;12;9;Online;0;0;0;79.2;1;0
INN13807;2;0;0;2;Meal Plan 1;0;Room_Type 1;61;2017;10;28;Online;0;0;0;89.25;2;0
INN03443;3;0;2;3;Meal Plan 1;1;Room_Type 4;161;2018;8;14;Online;0;0;0;145.85;2;1
INN22017;2;1;0;3;Meal Plan 1;0;Room_Type 6;29;2018;6;9;Online;0;0;0;217.1;2;0
INN26580;2;0;0;1;Not Selected;0;Room_Type 1;6;2018;3;4;Online;0;0;0;100.0;0;0
INN17924;2;0;2;3;Meal Plan 1;0;Room_Type 4;115;2018;4;29;Online;0;0;0;104.55;1;1
INN20982;2;0;1;3;Meal Plan 1;0;Room_Type 4;45;2018;9;5;Online;0;0;0;99.18;0;0
INN25183;2;0;0;2;Meal Plan 1;0;Room_Type 4;18;2018;9;15;Online;0;0;0;174.0;0;1
INN15809;2;0;1;3;Meal Plan 1;0;Room_Type 1;107;2018;6;13;Online;0;0;0;87.67;1;0
INN18648;2;0;0;4;Meal Plan 1;1;Room_Type 1;30;2018;3;8;Online;0;0;0;92.9;1;0
INN33298;2;0;0;2;Meal Plan 1;0;Room_Type 1;40;2018;12;16;Online;0;0;0;106.0;1;0
INN26984;2;0;0;1;Meal Plan 1;0;Room_Type 1;443;2018;4;29;Offline;0;0;0;65.0;0;1
INN02067;2;0;0;1;Meal Plan 1;0;Room_Type 1;23;2018;12;16;Online;0;0;0;104.0;0;0
INN16114;2;0;2;3;Meal Plan 1;0;Room_Type 1;65;2018;4;1;Online;0;0;0;88.91;1;0
INN27236;1;0;1;2;Meal Plan 1;0;Room_Type 5;199;2018;9;12;Corporate;0;0;0;106.0;0;1
INN24449;2;1;1;1;Meal Plan 1;0;Room_Type 1;195;2018;8;13;Online;0;0;0;130.5;1;1
INN06811;2;0;1;2;Meal Plan 1;0;Room_Type 1;28;2018;2;26;Online;0;0;0;70.04;1;0
INN12630;2;0;0;4;Meal Plan 1;0;Room_Type 1;23;2018;2;10;Online;0;0;0;72.8;0;1
INN25722;2;0;0;2;Meal Plan 1;0;Room_Type 1;86;2017;9;24;Offline;0;0;0;105.0;0;0
INN27397;1;0;1;1;Not Selected;0;Room_Type 1;79;2018;3;26;Online;0;0;0;85.5;0;0
INN32838;2;0;0;2;Meal Plan 2;0;Room_Type 1;39;2017;8;14;Offline;0;0;0;101.5;0;0
INN10289;1;0;0;2;Meal Plan 2;0;Room_Type 1;102;2017;10;16;Offline;0;0;0;80.0;0;1
INN25513;2;0;1;2;Meal Plan 1;0;Room_Type 1;418;2018;9;26;Offline;0;0;0;75.0;0;1
INN19673;2;1;1;2;Meal Plan 1;0;Room_Type 1;68;2018;4;11;Offline;0;0;0;90.0;2;0
INN21358;1;0;2;6;Meal Plan 1;0;Room_Type 1;115;2018;2;27;Offline;0;0;0;64.75;0;1
INN19504;3;0;1;4;Meal Plan 1;0;Room_Type 4;71;2018;6;1;Offline;0;0;0;115.6;0;1
INN01052;2;0;0;4;Meal Plan 1;0;Room_Type 1;100;2018;9;28;Online;0;0;0;100.0;0;1
INN04424;1;0;1;1;Meal Plan 1;0;Room_Type 1;118;2018;6;6;Offline;0;0;0;110.0;0;0
INN19659;2;0;1;2;Meal Plan 1;0;Room_Type 1;228;2018;5;6;Online;0;0;0;72.22;0;1
INN14788;3;0;2;3;Meal Plan 1;0;Room_Type 4;16;2018;12;18;Online;0;0;0;130.9;1;0
INN07854;2;2;0;3;Meal Plan 1;1;Room_Type 6;142;2018;8;3;Online;0;0;0;186.3;1;0
INN04658;2;0;0;3;Meal Plan 1;0;Room_Type 1;131;2018;8;3;Offline;0;0;0;87.03;3;0
INN22223;2;0;0;5;Meal Plan 1;0;Room_Type 4;140;2018;8;9;Offline;0;0;0;82.45;0;0
INN27972;2;0;2;0;Not Selected;0;Room_Type 1;31;2018;8;28;Online;0;0;0;103.05;0;0
INN27550;1;0;0;4;Meal Plan 1;0;Room_Type 4;8;2018;4;5;Online;0;0;0;92.17;1;0
INN11545;1;0;0;2;Meal Plan 1;0;Room_Type 1;103;2018;4;19;Offline;0;0;0;115.0;0;1
INN31307;2;0;1;2;Meal Plan 1;0;Room_Type 1;86;2018;5;20;Offline;0;0;0;65.0;1;0
INN08547;2;0;1;2;Meal Plan 1;0;Room_Type 1;305;2018;11;4;Offline;0;0;0;89.0;0;1
INN13843;2;0;0;1;Not Selected;0;Room_Type 1;36;2018;6;1;Online;0;0;0;89.1;2;0
INN03640;1;0;0;2;Meal Plan 1;0;Room_Type 1;86;2017;9;24;Offline;0;0;0;87.5;0;0
INN25719;2;0;2;1;Meal Plan 1;0;Room_Type 1;144;2018;4;24;Offline;0;0;0;71.0;0;0
INN05024;2;0;0;1;Meal Plan 1;0;Room_Type 1;159;2018;2;13;Offline;0;0;0;70.0;0;0
INN34972;2;0;2;2;Meal Plan 1;0;Room_Type 1;19;2018;9;10;Offline;0;0;0;95.0;0;0
INN24042;2;0;0;4;Meal Plan 1;0;Room_Type 4;231;2018;6;8;Online;0;0;0;115.2;1;1
INN00466;2;0;1;2;Meal Plan 2;0;Room_Type 1;309;2018;5;13;Online;0;0;0;101.0;0;1
INN03856;2;0;0;1;Not Selected;0;Room_Type 1;0;2018;3;1;Online;0;0;0;89.0;0;0
INN28556;2;0;1;0;Meal Plan 1;0;Room_Type 1;166;2018;6;26;Online;0;0;0;96.3;1;0
INN26401;2;0;0;3;Meal Plan 1;0;Room_Type 1;37;2018;10;13;Offline;0;0;0;105.0;0;0
INN19646;2;0;2;1;Meal Plan 1;0;Room_Type 1;252;2018;10;15;Online;0;0;0;106.3;0;1
INN00263;2;0;1;3;Meal Plan 1;0;Room_Type 4;25;2017;9;14;Online;0;0;0;78.54;1;0
INN01282;1;0;0;2;Not Selected;0;Room_Type 1;7;2018;10;19;Online;0;0;0;103.18;1;0
INN08201;2;0;2;1;Meal Plan 1;0;Room_Type 1;14;2017;12;5;Offline;0;0;0;69.0;1;0
INN18049;2;0;0;2;Meal Plan 1;0;Room_Type 1;31;2018;2;4;Corporate;0;0;0;77.0;0;0
INN02233;2;0;2;1;Meal Plan 1;0;Room_Type 4;126;2018;5;7;Online;0;0;0;114.3;0;0
INN05095;2;0;0;3;Meal Plan 1;1;Room_Type 4;4;2018;1;26;Online;0;0;0;117.0;1;0
INN06167;2;0;1;3;Meal Plan 1;1;Room_Type 1;71;2017;12;24;Online;0;0;0;105.3;1;0
INN25355;2;0;0;4;Meal Plan 1;0;Room_Type 1;42;2018;11;2;Online;0;0;0;91.8;1;0
INN06306;2;0;0;1;Meal Plan 1;0;Room_Type 1;20;2018;9;21;Offline;0;0;0;85.5;0;0
INN20892;2;0;1;2;Meal Plan 1;0;Room_Type 1;46;2018;9;5;Online;0;0;0;102.0;1;0
INN35679;1;0;1;2;Meal Plan 1;0;Room_Type 1;20;2018;9;19;Corporate;0;0;0;119.0;0;0
INN12349;2;0;0;3;Meal Plan 1;0;Room_Type 1;213;2018;6;7;Offline;0;0;0;130.0;0;1
INN07070;2;0;0;2;Meal Plan 1;0;Room_Type 1;122;2018;4;15;Online;0;0;0;85.0;0;1
INN28764;2;0;2;3;Meal Plan 1;0;Room_Type 1;82;2018;11;4;Online;0;0;0;122.76;2;0
INN24920;2;1;0;1;Meal Plan 1;0;Room_Type 1;63;2018;7;23;Online;0;0;0;121.5;2;0
INN18913;1;0;0;2;Meal Plan 1;0;Room_Type 1;164;2017;10;2;Offline;0;0;0;100.0;0;0
INN27853;2;0;2;4;Meal Plan 1;0;Room_Type 2;296;2017;10;24;Online;0;0;0;56.01;0;1
INN17104;3;0;2;2;Meal Plan 1;0;Room_Type 4;83;2018;12;23;Online;0;0;0;119.0;2;0
INN27405;1;0;1;2;Meal Plan 1;0;Room_Type 1;0;2017;7;27;Corporate;0;0;0;65.0;0;0
INN14255;2;0;0;3;Meal Plan 1;0;Room_Type 1;15;2018;12;7;Online;0;0;0;106.33;0;0
INN23749;2;0;1;1;Not Selected;0;Room_Type 1;268;2018;10;1;Online;0;0;0;95.4;0;1
INN00601;2;0;0;2;Not Selected;0;Room_Type 1;6;2018;2;26;Online;0;0;0;79.0;0;1
INN17437;2;0;2;2;Meal Plan 2;0;Room_Type 4;166;2018;7;24;Offline;0;0;0;107.95;0;1
INN16352;2;0;0;3;Meal Plan 2;0;Room_Type 1;34;2017;9;23;Offline;0;0;0;224.67;0;1
INN05016;2;0;1;1;Meal Plan 2;0;Room_Type 5;96;2017;9;28;Online;0;0;0;138.0;0;1
INN32274;2;0;2;5;Meal Plan 2;0;Room_Type 1;84;2018;5;19;Offline;0;0;0;106.25;0;1
INN22597;1;0;0;1;Not Selected;0;Room_Type 1;37;2018;5;13;Online;0;0;0;116.1;0;0
INN23883;2;0;2;3;Meal Plan 1;0;Room_Type 4;141;2018;6;10;Online;0;0;0;116.62;0;1
INN24067;2;0;0;2;Not Selected;1;Room_Type 1;10;2017;8;20;Online;0;0;0;90.0;2;0
INN30659;2;0;1;1;Meal Plan 1;0;Room_Type 1;14;2017;10;19;Online;0;0;0;126.0;2;0
INN12989;2;0;1;3;Meal Plan 1;0;Room_Type 1;43;2018;3;14;Online;0;0;0;81.9;1;0
INN31664;2;0;0;1;Meal Plan 1;0;Room_Type 4;63;2018;11;18;Online;0;0;0;102.6;0;1
INN14259;2;0;0;3;Meal Plan 1;0;Room_Type 1;176;2018;9;8;Offline;0;0;0;125.1;0;1
INN24427;2;0;0;2;Not Selected;0;Room_Type 1;18;2018;4;12;Online;0;0;0;119.0;1;0
INN03445;2;0;0;1;Meal Plan 1;0;Room_Type 4;31;2018;3;1;Online;0;0;0;106.4;1;1
INN23605;2;0;1;3;Meal Plan 1;0;Room_Type 4;92;2018;4;7;Offline;0;0;0;90.95;0;0
INN18799;1;0;1;0;Meal Plan 1;0;Room_Type 1;6;2018;12;26;Corporate;1;0;6;65.0;1;0
INN05629;2;0;1;2;Meal Plan 1;0;Room_Type 4;39;2017;10;12;Online;0;0;0;83.16;2;0
INN11344;2;1;0;1;Not Selected;0;Room_Type 1;1;2018;10;5;Online;0;0;0;140.0;0;0
INN00456;2;0;0;5;Meal Plan 1;0;Room_Type 1;230;2018;9;6;Online;0;0;0;137.0;1;1
INN22700;2;0;1;3;Meal Plan 1;0;Room_Type 1;184;2018;10;17;Online;0;0;0;90.9;2;0
INN06990;2;0;0;3;Meal Plan 1;0;Room_Type 1;17;2017;10;1;Online;0;0;0;113.33;2;0
INN27741;3;0;0;1;Meal Plan 1;0;Room_Type 4;10;2018;3;29;Online;0;0;0;137.0;0;1
INN34577;2;0;1;2;Meal Plan 2;0;Room_Type 1;418;2018;9;26;Offline;0;0;0;107.0;0;1
INN34894;2;0;0;3;Meal Plan 1;0;Room_Type 4;8;2018;6;29;Online;0;0;0;159.33;1;1
INN34765;2;0;1;1;Meal Plan 1;0;Room_Type 1;1;2017;10;10;Offline;0;0;0;116.0;1;0
INN14863;2;0;0;3;Meal Plan 1;0;Room_Type 4;127;2018;10;12;Online;0;0;0;132.3;2;1
INN33270;2;0;1;3;Meal Plan 1;0;Room_Type 1;60;2017;10;12;Offline;0;0;0;65.0;1;0
INN20799;3;0;0;2;Meal Plan 1;1;Room_Type 4;38;2018;7;19;Online;0;0;0;159.3;2;0
INN12929;3;0;2;7;Meal Plan 1;0;Room_Type 7;13;2018;7;13;Online;0;0;0;265.44;2;0
INN23761;1;0;1;1;Meal Plan 1;0;Room_Type 1;93;2018;6;20;Online;0;0;0;126.9;1;0
INN01614;2;0;0;2;Meal Plan 1;0;Room_Type 1;0;2018;9;16;Offline;0;0;0;95.0;0;0
INN18514;3;0;1;1;Meal Plan 1;0;Room_Type 1;169;2018;8;22;Online;0;0;0;137.7;0;1
INN02916;2;0;0;2;Meal Plan 1;0;Room_Type 1;68;2017;9;29;Offline;0;0;0;48.0;0;0
INN23833;2;0;0;1;Meal Plan 1;1;Room_Type 1;82;2017;9;5;Online;0;0;0;98.25;2;0
INN25295;1;0;0;2;Meal Plan 1;0;Room_Type 1;1;2018;6;2;Corporate;0;0;0;100.0;0;0
INN18593;2;0;0;3;Meal Plan 1;0;Room_Type 1;4;2018;2;16;Offline;0;0;0;80.0;0;0
INN20700;1;0;0;4;Meal Plan 1;0;Room_Type 4;92;2018;6;1;Online;0;0;0;132.6;2;0
INN13663;1;0;0;1;Meal Plan 1;0;Room_Type 1;163;2018;10;15;Offline;0;0;0;115.0;0;1
INN01615;2;0;2;2;Not Selected;0;Room_Type 1;57;2018;3;12;Online;0;0;0;45.9;0;0
INN20133;2;0;0;1;Meal Plan 1;1;Room_Type 1;1;2018;1;15;Online;0;0;0;98.3;1;0
INN09748;2;0;1;1;Meal Plan 1;0;Room_Type 1;7;2018;4;23;Online;0;0;0;131.0;2;0
INN22590;2;0;0;3;Meal Plan 1;0;Room_Type 1;188;2018;8;3;Online;0;0;0;105.3;1;1
INN27855;2;0;0;2;Meal Plan 2;0;Room_Type 1;39;2017;8;14;Offline;0;0;0;109.0;0;0
INN09918;1;0;0;1;Meal Plan 1;0;Room_Type 1;2;2018;1;14;Corporate;0;0;0;66.0;0;0
INN03086;2;0;2;1;Meal Plan 1;0;Room_Type 1;72;2018;4;3;Online;0;0;0;87.3;2;0
INN15081;2;0;0;3;Meal Plan 1;0;Room_Type 4;52;2017;11;19;Offline;0;0;0;60.0;1;0
INN12013;1;0;2;2;Meal Plan 1;0;Room_Type 1;249;2018;10;22;Online;0;0;0;80.75;0;1
INN32468;2;0;0;3;Meal Plan 1;0;Room_Type 1;240;2018;8;24;Online;0;0;0;105.3;1;1
INN12519;3;0;2;2;Meal Plan 1;0;Room_Type 4;36;2018;10;9;Online;0;0;0;171.9;3;0
INN07246;1;0;1;1;Meal Plan 1;0;Room_Type 1;13;2017;10;19;Corporate;0;0;0;65.0;0;0
INN18488;3;0;0;3;Meal Plan 1;0;Room_Type 4;53;2018;4;7;Online;0;0;0;137.7;1;0
INN05411;2;0;1;2;Meal Plan 1;0;Room_Type 4;74;2018;12;26;Online;0;0;0;102.6;1;0
INN06993;2;2;2;3;Meal Plan 1;0;Room_Type 2;252;2018;8;14;Online;0;0;0;163.63;1;1
INN13239;2;0;0;2;Meal Plan 2;0;Room_Type 1;63;2017;9;4;Offline;0;0;0;116.0;0;0
INN24330;2;0;2;3;Meal Plan 1;0;Room_Type 1;212;2018;5;20;Offline;0;0;0;78.0;0;1
INN10277;2;1;0;2;Meal Plan 1;0;Room_Type 4;11;2017;12;11;Complementary;0;0;0;0.0;2;0
INN18521;2;0;1;0;Meal Plan 1;0;Room_Type 7;9;2018;9;11;Complementary;0;0;0;0.0;2;0
INN20502;2;0;2;2;Meal Plan 1;0;Room_Type 1;57;2018;12;2;Online;0;0;0;88.4;1;0
INN08192;2;0;2;1;Meal Plan 1;0;Room_Type 1;30;2018;2;28;Offline;0;0;0;72.0;1;0
INN24872;2;0;1;2;Not Selected;0;Room_Type 1;99;2018;9;12;Online;0;0;0;125.1;0;1
INN26803;1;0;0;2;Meal Plan 1;0;Room_Type 4;2;2018;11;2;Aviation;0;0;0;94.0;0;0
INN12374;2;0;2;3;Meal Plan 1;0;Room_Type 4;68;2018;4;17;Offline;0;0;0;90.95;0;0
INN24162;2;0;1;3;Meal Plan 2;0;Room_Type 1;210;2017;10;8;Offline;0;0;0;86.0;0;1
INN10172;1;0;1;3;Meal Plan 1;0;Room_Type 4;27;2018;6;13;Online;0;0;0;104.72;1;0
INN14391;2;0;1;0;Meal Plan 1;0;Room_Type 1;1;2018;6;13;Online;0;0;0;99.0;1;0
INN11610;2;0;2;5;Meal Plan 1;0;Room_Type 1;170;2018;8;10;Offline;0;0;0;72.25;0;0
INN29817;1;0;0;2;Meal Plan 1;0;Room_Type 1;1;2017;9;9;Corporate;0;0;0;90.0;0;0
INN23800;2;0;2;1;Meal Plan 1;0;Room_Type 1;79;2018;9;4;Offline;0;0;0;76.5;0;0
INN02407;2;0;0;1;Meal Plan 1;0;Room_Type 1;289;2017;10;17;Offline;0;0;0;67.0;0;0
INN22487;2;0;2;2;Meal Plan 1;0;Room_Type 1;99;2017;10;30;Offline;0;0;0;65.0;0;1
INN27337;2;0;1;2;Meal Plan 1;0;Room_Type 1;156;2017;10;9;Online;0;0;0;89.25;1;0
INN30586;2;0;1;2;Meal Plan 1;0;Room_Type 1;193;2018;6;20;Offline;0;0;0;120.0;0;1
INN04476;1;0;0;3;Meal Plan 1;0;Room_Type 1;50;2018;1;14;Offline;0;0;0;51.0;1;0
INN19115;2;2;0;2;Meal Plan 1;0;Room_Type 6;28;2018;9;13;Online;0;0;0;235.5;1;0
INN16752;2;0;0;3;Meal Plan 1;0;Room_Type 1;13;2018;3;17;Offline;0;0;0;80.0;0;0
INN23281;1;0;0;1;Meal Plan 1;0;Room_Type 1;14;2017;10;15;Offline;0;0;0;100.0;0;0
INN32826;2;0;0;3;Not Selected;0;Room_Type 1;53;2018;2;24;Online;0;0;0;67.5;0;1
INN08562;2;0;0;2;Meal Plan 2;0;Room_Type 1;377;2018;10;14;Offline;0;0;0;115.0;1;1
INN28803;1;0;0;2;Meal Plan 1;0;Room_Type 1;188;2018;6;15;Offline;0;0;0;130.0;0;1
INN21464;1;0;0;2;Meal Plan 2;0;Room_Type 1;273;2017;7;17;Offline;0;0;0;87.0;0;0
INN02010;1;0;0;2;Meal Plan 2;0;Room_Type 1;320;2018;8;18;Offline;0;0;0;90.0;0;0
INN15114;2;0;3;8;Meal Plan 1;0;Room_Type 1;204;2018;7;18;Online;0;0;0;90.95;1;0
INN24328;2;0;2;2;Meal Plan 1;0;Room_Type 1;11;2017;10;23;Offline;0;0;0;88.5;0;0
INN02761;2;0;0;4;Meal Plan 1;0;Room_Type 4;83;2018;10;19;Online;0;0;0;132.3;2;0
INN15705;2;0;0;3;Meal Plan 1;0;Room_Type 1;10;2018;2;25;Online;0;0;0;93.0;0;1
INN34342;3;0;0;3;Meal Plan 1;0;Room_Type 1;25;2018;10;19;Online;0;0;0;159.0;0;1
INN22976;2;0;1;2;Meal Plan 1;0;Room_Type 1;121;2018;6;24;Offline;0;0;0;90.0;0;1
INN34324;2;0;0;3;Meal Plan 1;0;Room_Type 4;88;2018;10;20;Online;0;0;0;132.3;1;0
INN04938;3;0;0;4;Meal Plan 1;0;Room_Type 4;0;2018;8;30;Online;0;0;0;142.2;1;0
INN29023;1;0;0;3;Meal Plan 1;0;Room_Type 1;71;2018;6;14;Offline;0;0;0;120.0;0;0
INN30420;2;0;2;5;Meal Plan 1;0;Room_Type 4;12;2018;3;3;Online;0;0;0;111.14;0;1
INN21957;2;0;0;1;Meal Plan 1;0;Room_Type 1;157;2018;8;13;Online;0;0;0;114.3;0;1
INN17608;1;0;0;3;Meal Plan 1;0;Room_Type 1;163;2018;10;5;Offline;0;0;0;100.8;0;1
INN33944;2;0;1;0;Meal Plan 1;0;Room_Type 1;263;2017;9;21;Offline;0;0;0;67.0;0;0
INN18706;2;0;0;3;Meal Plan 1;0;Room_Type 1;22;2018;12;8;Complementary;0;0;0;0.0;2;0
INN10648;2;0;0;1;Meal Plan 1;0;Room_Type 1;5;2018;12;10;Online;0;0;0;88.8;0;0
INN21743;1;0;0;1;Meal Plan 1;0;Room_Type 1;1;2017;8;5;Complementary;0;0;0;6.0;0;0
INN22273;2;0;1;1;Meal Plan 2;0;Room_Type 1;301;2018;7;30;Offline;0;0;0;115.0;1;1
INN28289;2;0;1;4;Not Selected;0;Room_Type 1;37;2018;8;22;Online;0;0;0;105.33;1;0
INN29810;2;2;0;2;Meal Plan 1;0;Room_Type 1;155;2018;8;16;Online;0;0;0;130.5;0;1
INN25549;1;0;0;3;Meal Plan 1;0;Room_Type 1;174;2018;9;22;Offline;0;0;0;95.67;0;0
INN11456;2;0;2;1;Meal Plan 2;0;Room_Type 1;54;2017;12;27;Offline;0;0;0;102.0;0;0
INN14268;1;0;1;0;Not Selected;0;Room_Type 5;3;2018;9;26;Online;0;0;0;195.0;0;0
INN12075;2;1;0;2;Meal Plan 1;0;Room_Type 1;10;2018;3;17;Online;0;0;0;127.0;0;1
INN34381;3;0;1;3;Meal Plan 1;0;Room_Type 4;53;2018;10;10;Online;0;0;0;151.2;2;0
INN03483;2;0;1;4;Meal Plan 1;0;Room_Type 1;0;2018;12;19;Online;0;0;0;82.88;0;0
INN01832;1;0;2;0;Meal Plan 1;0;Room_Type 1;12;2018;5;29;Online;0;0;0;97.02;1;0
INN29080;2;0;1;0;Not Selected;0;Room_Type 1;0;2018;1;25;Online;0;0;0;90.0;0;0
INN14922;1;2;0;2;Meal Plan 1;0;Room_Type 2;9;2018;1;29;Online;0;0;0;77.75;1;0
INN12384;2;0;0;1;Not Selected;0;Room_Type 1;2;2018;9;15;Online;0;0;0;114.73;2;0
INN02819;2;0;0;2;Meal Plan 2;0;Room_Type 1;377;2018;10;14;Online;0;0;0;115.0;1;1
INN04021;2;0;1;0;Meal Plan 1;0;Room_Type 1;13;2018;3;20;Offline;0;0;0;85.0;0;0
INN03675;2;2;2;1;Meal Plan 1;0;Room_Type 6;292;2018;7;23;Online;0;0;0;158.4;1;1
INN27057;1;0;1;1;Meal Plan 1;0;Room_Type 1;0;2018;11;28;Corporate;0;0;0;79.0;0;1
INN25338;2;0;1;4;Meal Plan 1;0;Room_Type 1;89;2017;11;30;Online;0;0;0;52.85;2;0
INN16064;2;2;0;2;Meal Plan 1;0;Room_Type 6;155;2018;8;26;Online;0;0;0;143.07;2;1
INN07450;2;0;1;3;Meal Plan 1;0;Room_Type 4;53;2018;10;31;Online;0;0;0;122.0;4;0
INN00075;2;0;2;3;Meal Plan 1;0;Room_Type 4;34;2017;10;25;Offline;0;0;0;75.0;0;0
INN00375;2;0;2;6;Meal Plan 1;0;Room_Type 1;36;2018;12;10;Online;0;0;0;68.07;1;0
INN30859;1;0;0;1;Meal Plan 1;0;Room_Type 1;7;2018;11;24;Online;0;0;0;75.2;0;0
INN33743;1;0;0;3;Meal Plan 1;0;Room_Type 1;166;2018;11;1;Offline;0;0;0;110.0;0;1
INN29038;2;0;0;2;Meal Plan 2;0;Room_Type 1;292;2018;7;21;Offline;0;0;0;115.0;0;1
INN26104;2;0;1;5;Meal Plan 1;0;Room_Type 1;10;2018;11;22;Online;0;0;0;91.38;2;0
INN06404;2;0;1;2;Meal Plan 1;0;Room_Type 1;31;2018;5;2;Online;0;0;0;126.9;1;0
INN13535;2;1;2;2;Meal Plan 1;0;Room_Type 1;4;2017;12;5;Offline;0;0;0;81.6;2;0
INN07749;2;0;2;5;Meal Plan 1;0;Room_Type 1;220;2018;11;29;Online;0;0;0;73.95;2;0
INN31114;2;0;1;3;Not Selected;0;Room_Type 1;49;2018;2;22;Online;0;0;0;65.75;1;0
INN13326;3;0;1;0;Meal Plan 1;0;Room_Type 4;58;2018;3;28;Online;0;0;0;123.3;0;1
INN28600;2;0;0;1;Meal Plan 1;0;Room_Type 1;1;2018;11;29;Offline;1;0;5;75.0;2;0
INN00487;2;0;2;0;Meal Plan 1;0;Room_Type 1;34;2018;2;28;Complementary;0;0;0;6.5;1;0
INN33785;2;0;0;2;Meal Plan 1;0;Room_Type 1;19;2018;6;22;Corporate;0;0;0;110.0;0;0
INN26282;2;0;1;1;Meal Plan 1;0;Room_Type 1;66;2018;12;5;Online;1;0;1;67.91;2;0
INN21986;2;0;1;2;Meal Plan 1;0;Room_Type 1;32;2018;1;25;Offline;0;0;0;58.0;0;0
INN16066;2;0;0;2;Meal Plan 2;0;Room_Type 1;320;2018;8;18;Offline;0;0;0;115.0;1;1
INN19281;2;0;2;2;Meal Plan 1;0;Room_Type 1;47;2018;1;31;Online;0;0;0;58.94;2;0
INN16307;1;0;0;3;Meal Plan 1;0;Room_Type 1;166;2018;11;1;Offline;0;0;0;110.0;0;1
INN19766;2;0;2;1;Not Selected;0;Room_Type 1;3;2017;10;10;Online;0;0;0;116.4;0;0
INN00872;2;0;1;2;Meal Plan 2;0;Room_Type 1;315;2018;9;30;Online;0;0;0;160.0;0;1
INN06875;2;0;1;0;Meal Plan 1;0;Room_Type 1;6;2018;12;12;Online;0;0;0;108.0;1;0
INN10617;2;0;0;2;Meal Plan 2;0;Room_Type 1;265;2018;6;24;Offline;0;0;0;115.0;1;1
INN22040;2;0;0;2;Meal Plan 1;0;Room_Type 1;211;2018;5;20;Offline;0;0;0;100.0;0;1
INN23715;2;0;1;5;Meal Plan 1;0;Room_Type 4;272;2018;12;27;Online;0;0;0;110.78;0;0
INN00902;2;1;0;3;Meal Plan 1;0;Room_Type 1;124;2018;5;31;Online;0;0;0;143.1;1;1
INN16488;2;0;0;4;Meal Plan 1;0;Room_Type 1;29;2017;10;13;Online;0;0;0;73.21;0;0
INN13253;2;0;0;3;Meal Plan 1;0;Room_Type 1;2;2018;6;8;Online;0;0;0;73.07;2;0
INN32279;2;0;1;3;Meal Plan 1;0;Room_Type 1;322;2018;5;19;Offline;0;0;0;80.0;0;1
INN31915;3;0;1;2;Meal Plan 1;0;Room_Type 4;53;2018;5;27;Online;0;0;0;159.3;0;1
INN25713;2;1;0;3;Meal Plan 1;0;Room_Type 1;106;2018;7;13;Offline;0;0;0;91.89;1;0
INN09705;1;0;0;1;Meal Plan 1;0;Room_Type 5;0;2017;8;26;Online;0;0;0;0.0;1;0
INN32374;1;0;0;3;Meal Plan 1;1;Room_Type 1;6;2018;5;31;Corporate;1;0;4;69.0;1;0
INN28414;2;0;0;2;Meal Plan 1;0;Room_Type 4;3;2018;12;2;Online;0;0;0;117.5;2;0
INN07571;2;0;0;2;Not Selected;0;Room_Type 1;221;2018;8;17;Online;0;0;0;85.5;0;1
INN03480;2;0;0;1;Meal Plan 1;1;Room_Type 1;67;2018;4;1;Online;0;0;0;109.1;0;0
INN00903;2;0;0;2;Meal Plan 2;0;Room_Type 1;104;2017;10;6;Online;0;0;0;114.0;1;1
INN18416;1;0;2;2;Meal Plan 1;0;Room_Type 4;55;2018;6;17;Online;0;0;0;133.65;1;0
INN08279;1;0;1;0;Meal Plan 1;1;Room_Type 1;30;2018;11;13;Corporate;1;0;3;67.0;0;0
INN12190;2;0;0;3;Meal Plan 1;0;Room_Type 1;162;2017;9;17;Offline;0;0;0;70.0;0;0
INN14855;1;0;2;5;Meal Plan 1;0;Room_Type 1;5;2018;2;20;Online;0;0;0;85.0;0;1
INN03285;2;0;2;4;Not Selected;0;Room_Type 1;124;2018;12;4;Online;0;0;0;74.8;0;1
INN24478;2;0;1;3;Meal Plan 1;0;Room_Type 1;120;2018;5;9;Online;0;0;0;99.45;0;1
INN09828;2;0;0;3;Meal Plan 1;0;Room_Type 1;42;2018;11;23;Online;0;0;0;78.3;2;0
INN01225;2;0;2;2;Meal Plan 1;0;Room_Type 1;60;2018;3;20;Online;0;0;0;75.0;0;1
INN03273;2;0;1;1;Meal Plan 1;0;Room_Type 4;47;2018;5;21;Online;0;0;0;140.4;1;0
INN07667;2;0;2;1;Meal Plan 1;0;Room_Type 4;89;2018;4;30;Online;0;0;0;159.3;1;1
INN27913;2;0;1;2;Meal Plan 1;0;Room_Type 1;14;2018;2;19;Offline;0;0;0;40.67;0;0
INN28728;1;0;1;1;Meal Plan 1;0;Room_Type 1;3;2018;5;30;Corporate;1;0;3;65.0;0;0
INN02331;2;0;1;3;Not Selected;0;Room_Type 1;132;2018;5;16;Online;0;0;0;89.25;0;1
INN12811;2;0;0;2;Meal Plan 1;0;Room_Type 1;211;2018;5;20;Offline;0;0;0;100.0;0;1
INN04067;2;0;1;3;Meal Plan 1;0;Room_Type 1;41;2018;11;3;Offline;0;0;0;112.0;1;0
INN05597;2;0;0;4;Meal Plan 1;0;Room_Type 1;270;2018;4;20;Online;0;0;0;62.8;0;1
INN19597;2;0;0;1;Not Selected;0;Room_Type 1;0;2017;9;30;Online;0;0;0;87.78;0;0
INN05876;3;0;0;1;Not Selected;0;Room_Type 1;0;2018;3;26;Online;1;0;1;135.0;1;0
INN35967;2;0;1;2;Meal Plan 1;0;Room_Type 1;62;2018;3;11;Online;0;0;0;60.29;1;0
INN30661;2;0;2;2;Meal Plan 1;0;Room_Type 1;60;2018;3;20;Offline;0;0;0;75.0;0;1
INN15822;2;0;2;0;Meal Plan 1;0;Room_Type 1;11;2018;6;26;Online;0;0;0;116.0;0;1
INN00940;2;0;0;2;Meal Plan 1;0;Room_Type 1;141;2018;9;23;Online;0;0;0;128.8;1;0
INN34181;2;0;0;1;Meal Plan 2;0;Room_Type 1;221;2018;8;12;Offline;0;0;0;96.0;1;0
INN07536;1;0;1;3;Meal Plan 1;0;Room_Type 5;178;2018;8;22;Corporate;0;0;0;106.0;0;1
INN14373;2;0;2;4;Meal Plan 1;0;Room_Type 1;69;2017;9;4;Online;0;0;0;97.33;1;1
INN34714;3;0;1;1;Meal Plan 1;0;Room_Type 4;1;2018;4;4;Online;0;0;0;137.0;1;0
INN29616;1;0;0;2;Meal Plan 1;0;Room_Type 4;44;2018;3;17;Online;0;0;0;103.95;0;0
INN00042;2;0;0;2;Meal Plan 1;0;Room_Type 1;35;2018;6;21;Online;0;0;0;102.0;1;0
INN31948;3;0;0;3;Meal Plan 1;0;Room_Type 4;128;2018;8;11;Online;0;0;0;146.7;2;0
INN07771;2;0;1;2;Meal Plan 1;0;Room_Type 1;51;2018;7;18;Online;0;0;0;132.9;1;0
INN01787;2;0;2;2;Meal Plan 1;0;Room_Type 1;0;2017;9;19;Online;0;0;0;126.0;3;0
INN02519;1;0;1;1;Meal Plan 1;0;Room_Type 1;4;2018;9;19;Aviation;0;0;0;95.0;0;0
INN27246;2;0;0;3;Not Selected;0;Room_Type 1;161;2018;3;15;Online;0;0;0;60.98;1;0
INN19487;3;0;0;2;Meal Plan 1;0;Room_Type 4;87;2018;12;16;Online;0;0;0;126.0;2;0
INN04501;2;0;2;0;Meal Plan 2;0;Room_Type 1;75;2018;10;30;Online;0;0;0;105.0;0;1
INN30578;2;0;2;1;Meal Plan 1;0;Room_Type 1;89;2017;11;28;Online;0;0;0;55.63;2;0
INN08232;2;0;0;3;Meal Plan 1;0;Room_Type 1;304;2018;11;3;Offline;0;0;0;89.0;0;1
INN30285;1;0;1;0;Meal Plan 1;0;Room_Type 1;14;2018;11;7;Online;0;0;0;142.64;1;0
INN06455;2;0;1;2;Meal Plan 1;0;Room_Type 1;193;2018;6;20;Online;0;0;0;120.0;0;1
INN00342;2;1;2;5;Meal Plan 1;0;Room_Type 1;95;2018;12;21;Online;0;0;0;103.7;3;0
INN32648;2;0;2;5;Meal Plan 1;0;Room_Type 1;245;2018;12;27;Online;0;0;0;58.36;1;1
INN21133;1;0;0;2;Meal Plan 1;0;Room_Type 1;151;2018;1;19;Offline;0;0;0;71.0;0;0
INN09171;2;1;1;3;Meal Plan 1;0;Room_Type 1;180;2018;8;11;Online;0;0;0;114.75;0;1
INN11491;2;0;2;4;Meal Plan 1;0;Room_Type 1;92;2017;8;7;Online;0;0;0;76.5;1;1
INN17999;2;0;0;1;Meal Plan 1;1;Room_Type 1;0;2018;1;30;Complementary;1;0;2;0.0;0;0
INN30005;2;0;0;2;Not Selected;0;Room_Type 1;2;2018;1;20;Online;0;0;0;81.0;0;0
INN14047;4;0;2;1;Meal Plan 1;0;Room_Type 7;21;2018;7;17;Online;0;0;0;299.33;0;1
INN33069;2;0;0;1;Meal Plan 1;0;Room_Type 4;1;2018;9;22;Offline;0;0;0;107.0;0;0
INN27678;2;0;2;2;Meal Plan 1;0;Room_Type 4;26;2018;11;13;Online;0;0;0;96.9;1;1
INN21290;2;0;0;2;Meal Plan 1;0;Room_Type 4;5;2018;6;7;Online;0;0;0;146.0;1;0
INN16782;2;0;0;1;Meal Plan 2;0;Room_Type 1;48;2017;9;11;Offline;0;0;0;104.0;0;0
INN07422;2;0;1;2;Not Selected;0;Room_Type 1;51;2018;3;11;Online;0;0;0;76.5;0;1
INN34871;1;0;1;2;Meal Plan 1;0;Room_Type 1;8;2018;2;15;Online;0;0;0;85.0;0;1
INN27066;2;0;1;1;Meal Plan 1;0;Room_Type 1;33;2018;1;25;Corporate;0;0;0;62.0;0;1
INN14466;2;0;2;1;Meal Plan 1;0;Room_Type 1;166;2018;7;30;Offline;0;0;0;72.25;0;0
INN23816;1;0;1;0;Meal Plan 1;0;Room_Type 1;5;2018;10;3;Corporate;1;0;9;65.0;1;0
INN18554;2;0;0;2;Meal Plan 2;0;Room_Type 1;292;2018;7;21;Offline;0;0;0;115.0;0;1
INN30849;2;0;1;0;Not Selected;0;Room_Type 1;12;2018;7;24;Online;0;0;0;139.0;0;0
INN19400;2;0;1;3;Not Selected;0;Room_Type 1;63;2018;3;10;Online;0;0;0;63.75;1;0
INN02529;2;0;2;0;Meal Plan 1;0;Room_Type 1;19;2018;2;21;Online;0;0;0;100.0;1;1
INN00172;2;0;1;2;Not Selected;0;Room_Type 1;185;2018;12;16;Online;0;0;0;79.2;0;1
INN35226;2;1;2;1;Meal Plan 1;0;Room_Type 1;100;2018;7;16;Online;0;0;0;121.5;1;1
INN06398;2;0;2;3;Meal Plan 1;0;Room_Type 1;46;2017;12;26;Online;0;0;0;69.0;2;0
INN18578;2;0;2;2;Meal Plan 1;0;Room_Type 1;98;2018;8;21;Online;0;0;0;117.9;1;0
INN09046;2;0;0;3;Meal Plan 1;0;Room_Type 1;59;2018;8;31;Online;0;0;0;109.8;1;0
INN10994;2;0;2;3;Meal Plan 1;0;Room_Type 1;198;2018;8;25;Offline;0;0;0;72.25;0;0
INN30047;2;0;1;2;Meal Plan 2;0;Room_Type 2;161;2018;3;25;Offline;0;0;0;130.0;0;1
INN09745;2;0;1;0;Not Selected;0;Room_Type 1;14;2018;6;26;Online;0;0;0;89.0;0;1
INN09194;2;0;0;3;Meal Plan 1;0;Room_Type 6;20;2017;10;27;Online;0;0;0;196.0;2;0
INN29283;2;1;0;1;Meal Plan 1;0;Room_Type 1;39;2018;12;27;Online;0;0;0;133.0;1;0
INN04494;2;0;0;4;Meal Plan 1;0;Room_Type 1;36;2018;3;9;Online;0;0;0;63.06;1;1
INN21299;1;0;1;2;Meal Plan 2;0;Room_Type 1;80;2018;9;26;Online;0;0;0;0.0;0;0
INN26110;3;0;1;5;Meal Plan 1;0;Room_Type 4;15;2018;12;27;Offline;0;0;0;87.33;1;0
INN26703;2;0;2;5;Meal Plan 1;0;Room_Type 1;120;2018;4;7;Online;0;0;0;89.74;0;0
INN31230;2;0;0;1;Not Selected;0;Room_Type 1;19;2017;9;17;Online;0;0;0;96.0;0;0
INN01426;1;0;0;2;Meal Plan 2;0;Room_Type 1;5;2018;3;8;Online;0;0;0;1.0;0;0
INN24445;2;0;1;3;Meal Plan 1;0;Room_Type 1;48;2017;10;19;Online;0;0;0;94.5;1;0
INN22730;1;0;0;3;Meal Plan 1;0;Room_Type 1;12;2018;10;25;Online;0;0;0;130.0;2;0
INN13706;2;0;1;4;Meal Plan 1;0;Room_Type 4;51;2018;8;31;Online;0;0;0;90.2;1;0
INN13443;2;0;0;1;Meal Plan 1;0;Room_Type 4;27;2017;9;24;Online;0;0;0;107.03;1;0
INN19166;2;1;2;4;Meal Plan 1;0;Room_Type 1;90;2018;8;4;Online;0;0;0;135.9;1;1
INN28496;1;0;0;2;Meal Plan 1;0;Room_Type 1;181;2018;10;11;Offline;0;0;0;120.0;0;1
INN05877;2;0;2;2;Not Selected;0;Room_Type 1;199;2018;12;23;Online;0;0;0;74.8;1;1
INN20829;1;0;0;1;Meal Plan 1;0;Room_Type 1;18;2018;9;23;Online;0;0;0;159.0;1;1
INN08248;2;0;2;2;Meal Plan 1;0;Room_Type 4;114;2018;5;14;Online;0;0;0;87.05;1;0
INN31984;2;0;0;4;Not Selected;0;Room_Type 1;203;2018;8;3;Online;0;0;0;58.14;0;1
INN07101;2;0;1;2;Not Selected;0;Room_Type 1;9;2018;12;16;Online;0;0;0;78.0;0;0
INN15348;2;0;1;2;Meal Plan 1;0;Room_Type 1;305;2018;11;4;Offline;0;0;0;89.0;0;1
INN05328;2;0;2;1;Meal Plan 1;0;Room_Type 1;48;2018;12;4;Online;0;0;0;93.6;1;0
INN24682;3;0;0;1;Meal Plan 1;0;Room_Type 4;37;2018;3;25;Online;0;0;0;159.3;1;1
INN25809;3;0;0;4;Meal Plan 1;0;Room_Type 4;134;2018;8;23;Online;0;0;0;133.2;0;1
INN03539;2;0;1;2;Meal Plan 1;0;Room_Type 1;198;2018;9;9;Online;0;0;0;90.0;0;1
INN18843;2;0;2;2;Meal Plan 1;0;Room_Type 2;69;2018;12;23;Online;0;0;0;77.86;1;0
INN01088;1;0;0;1;Meal Plan 1;0;Room_Type 1;1;2018;7;5;Online;0;0;0;104.72;1;0
INN02003;2;0;0;4;Meal Plan 1;0;Room_Type 1;134;2018;7;12;Online;0;0;0;89.85;2;0
INN29360;2;0;2;4;Not Selected;0;Room_Type 1;1;2017;8;8;Online;0;0;0;81.0;0;0
INN35523;2;0;0;2;Meal Plan 1;0;Room_Type 1;245;2018;6;17;Offline;0;0;0;75.0;0;1
INN36239;1;0;0;1;Not Selected;0;Room_Type 1;117;2018;11;10;Online;0;0;0;161.1;1;1
INN26657;2;0;1;2;Meal Plan 1;0;Room_Type 1;290;2018;6;17;Offline;0;0;0;72.0;1;0
INN15095;2;0;0;4;Meal Plan 1;0;Room_Type 1;256;2018;8;31;Online;0;0;0;90.95;0;1
INN07059;2;0;2;1;Meal Plan 1;0;Room_Type 1;108;2018;4;30;Online;0;0;0;77.03;1;0
INN05070;1;0;2;2;Meal Plan 1;0;Room_Type 1;95;2018;7;15;Offline;0;0;0;79.56;0;0
INN17509;1;0;0;2;Meal Plan 1;0;Room_Type 1;12;2018;6;14;Corporate;1;0;9;65.0;0;0
INN01728;3;0;0;3;Meal Plan 1;0;Room_Type 4;105;2018;10;26;Online;0;0;0;123.3;0;1
INN33598;2;0;1;2;Meal Plan 1;0;Room_Type 1;233;2018;10;14;Offline;0;0;0;90.0;0;1
INN11087;2;1;0;2;Meal Plan 1;0;Room_Type 6;69;2018;1;1;Online;0;0;0;171.2;3;0
INN31658;2;0;0;2;Meal Plan 2;0;Room_Type 1;39;2017;8;14;Offline;0;0;0;101.5;0;0
INN24699;2;0;2;1;Not Selected;0;Room_Type 1;195;2018;8;7;Online;0;0;0;99.0;1;1
INN34928;2;0;0;1;Meal Plan 1;0;Room_Type 1;53;2018;4;2;Online;0;0;0;90.9;0;1
INN23787;2;0;1;3;Meal Plan 1;1;Room_Type 1;41;2018;6;20;Online;0;0;0;110.7;1;0
INN14290;2;0;1;1;Not Selected;0;Room_Type 1;238;2018;12;31;Online;0;0;0;78.3;0;1
INN14945;2;0;1;1;Meal Plan 1;0;Room_Type 4;72;2018;4;23;Online;0;0;0;118.8;1;0
INN26054;2;0;0;4;Meal Plan 1;0;Room_Type 1;152;2018;4;12;Offline;0;0;0;75.0;0;0
INN17764;1;0;2;3;Meal Plan 1;0;Room_Type 1;269;2018;12;29;Offline;0;0;0;70.0;0;0
INN18975;2;0;1;0;Meal Plan 1;0;Room_Type 1;1;2018;11;14;Online;0;0;0;121.0;2;0
INN33457;2;0;0;4;Meal Plan 1;0;Room_Type 1;235;2018;9;13;Online;0;0;0;103.06;1;1
INN18888;2;0;0;2;Not Selected;0;Room_Type 1;1;2017;8;7;Online;0;0;0;81.0;1;0
INN33672;2;0;0;1;Not Selected;1;Room_Type 1;51;2018;9;7;Online;0;0;0;96.3;1;0
INN30549;1;0;0;3;Meal Plan 1;0;Room_Type 1;37;2018;10;13;Offline;0;0;0;95.0;0;0
INN18733;3;0;0;2;Meal Plan 1;0;Room_Type 4;11;2018;2;5;Online;0;0;0;129.0;2;0
INN21060;2;0;1;1;Not Selected;0;Room_Type 1;130;2018;5;30;Online;0;0;0;116.1;1;0
INN21291;2;0;1;1;Meal Plan 1;0;Room_Type 1;28;2018;4;16;Online;0;0;0;114.0;1;0
INN33342;2;0;0;2;Meal Plan 2;0;Room_Type 1;30;2017;9;30;Offline;0;0;0;121.0;0;0
INN31218;2;0;2;0;Meal Plan 1;0;Room_Type 1;20;2018;9;25;Offline;0;0;0;85.5;1;0
INN04438;2;0;2;5;Meal Plan 1;0;Room_Type 5;32;2018;9;13;Online;0;0;0;137.52;0;1
INN25204;2;0;0;2;Not Selected;0;Room_Type 1;28;2018;9;1;Online;0;0;0;99.0;0;0
INN04864;3;0;2;3;Meal Plan 1;0;Room_Type 6;69;2018;10;16;Online;0;0;0;139.57;1;0
INN01895;1;0;0;3;Meal Plan 1;0;Room_Type 4;11;2018;6;14;Corporate;0;0;0;90.0;0;0
INN32054;2;0;2;2;Meal Plan 1;0;Room_Type 1;51;2018;11;11;Offline;0;0;0;75.0;0;0
INN19353;1;0;0;2;Meal Plan 1;0;Room_Type 4;123;2018;5;6;Online;0;0;0;126.3;1;0
INN27957;1;0;0;3;Meal Plan 1;0;Room_Type 1;166;2018;11;1;Offline;0;0;0;110.0;0;1
INN24719;2;0;0;4;Meal Plan 1;0;Room_Type 1;110;2017;12;9;Offline;0;0;0;70.0;0;0
INN35891;2;0;0;3;Meal Plan 1;0;Room_Type 1;14;2017;12;16;Offline;0;0;0;58.0;0;0
INN26227;2;0;0;2;Meal Plan 2;0;Room_Type 1;291;2018;8;19;Offline;0;0;0;115.0;0;1
INN22854;2;0;0;2;Meal Plan 2;0;Room_Type 1;74;2017;9;18;Offline;0;0;0;109.0;0;0
INN15064;2;0;0;1;Not Selected;0;Room_Type 1;13;2018;9;7;Online;0;0;0;119.0;0;1
INN24939;2;0;0;3;Meal Plan 1;0;Room_Type 1;160;2017;12;30;Offline;0;0;0;70.67;0;0
INN32073;2;0;1;1;Meal Plan 1;0;Room_Type 1;180;2018;5;2;Offline;0;0;0;100.0;1;0
INN21406;2;0;2;2;Meal Plan 1;0;Room_Type 1;39;2018;7;23;Offline;0;0;0;85.0;0;0
INN06063;2;0;2;5;Meal Plan 1;0;Room_Type 1;196;2017;8;16;Online;0;0;0;55.96;2;0
INN26760;2;0;0;3;Not Selected;0;Room_Type 1;118;2018;10;25;Online;0;0;0;80.1;2;1
INN09062;2;0;2;3;Not Selected;0;Room_Type 1;98;2018;5;8;Online;0;0;0;109.65;1;1
INN13424;2;0;1;1;Meal Plan 1;0;Room_Type 4;8;2018;6;4;Online;0;0;0;146.0;0;0
INN36116;1;0;0;1;Meal Plan 1;0;Room_Type 1;0;2018;7;27;Offline;0;0;0;45.0;1;0
INN14840;2;0;0;2;Meal Plan 1;0;Room_Type 1;11;2018;1;15;Online;0;0;0;89.0;1;0
INN22556;2;0;1;2;Meal Plan 1;0;Room_Type 1;51;2018;12;5;Online;0;0;0;108.0;2;0
INN03839;2;0;2;2;Not Selected;0;Room_Type 1;76;2018;3;18;Online;0;0;0;72.25;0;0
INN07962;2;0;0;3;Meal Plan 1;0;Room_Type 1;91;2018;4;13;Online;0;0;0;96.3;0;0
INN06182;1;0;0;1;Meal Plan 1;0;Room_Type 1;99;2018;2;19;Corporate;0;0;0;81.0;0;0
INN15418;1;0;0;2;Meal Plan 1;0;Room_Type 1;192;2018;6;24;Offline;0;0;0;95.0;0;0
INN24515;2;0;1;0;Not Selected;0;Room_Type 1;0;2017;8;10;Online;0;0;0;115.0;0;0
INN21871;3;0;0;4;Meal Plan 1;0;Room_Type 4;19;2018;7;5;Online;0;0;0;187.0;0;0
INN20741;2;0;2;2;Meal Plan 1;0;Room_Type 1;54;2018;10;16;Offline;0;0;0;81.0;0;0
INN07216;2;0;0;3;Meal Plan 1;0;Room_Type 1;124;2018;8;11;Online;0;0;0;114.3;1;0
INN26905;2;0;1;1;Meal Plan 1;0;Room_Type 1;33;2018;9;26;Online;0;0;0;119.0;1;0
INN04320;1;0;0;2;Meal Plan 1;0;Room_Type 1;192;2018;6;24;Offline;0;0;0;95.0;0;0
INN21328;2;0;0;1;Meal Plan 1;0;Room_Type 1;3;2018;2;27;Online;0;0;0;93.0;0;0
INN23167;2;0;1;3;Not Selected;0;Room_Type 1;61;2018;3;17;Online;0;0;0;78.41;0;1
INN21801;2;0;2;3;Meal Plan 1;0;Room_Type 1;9;2018;1;24;Offline;0;0;0;66.0;0;0
INN16541;2;0;1;2;Meal Plan 1;0;Room_Type 1;66;2017;10;9;Offline;0;0;0;75.0;0;1
INN05277;2;0;1;3;Meal Plan 1;0;Room_Type 1;250;2018;9;26;Online;0;0;0;95.0;0;1
INN17408;2;0;2;2;Meal Plan 1;0;Room_Type 1;184;2018;8;27;Online;0;0;0;90.95;1;0
INN06563;2;0;2;3;Meal Plan 1;0;Room_Type 1;276;2018;5;13;Online;0;0;0;61.0;0;1
INN17427;2;0;1;1;Not Selected;0;Room_Type 1;13;2018;12;17;Online;0;0;0;88.0;0;0
INN10566;2;0;0;3;Not Selected;0;Room_Type 1;326;2018;11;24;Online;0;0;0;67.5;2;1
INN09009;1;0;2;0;Meal Plan 1;0;Room_Type 1;1;2017;12;27;Corporate;1;0;5;65.0;0;0
INN00191;2;0;1;2;Meal Plan 1;0;Room_Type 1;54;2018;10;10;Online;0;0;0;118.8;0;1
INN00280;3;0;2;5;Meal Plan 1;0;Room_Type 4;40;2018;4;21;Online;0;0;0;135.64;1;0
INN03194;3;0;1;2;Meal Plan 1;0;Room_Type 4;54;2018;6;17;Online;0;0;0;159.3;2;0
INN35227;2;0;2;3;Meal Plan 1;0;Room_Type 1;164;2018;8;13;Online;0;0;0;107.95;0;1
INN07918;1;0;1;2;Meal Plan 1;0;Room_Type 1;180;2018;10;10;Offline;0;0;0;120.0;0;1
INN17068;2;0;0;3;Meal Plan 1;0;Room_Type 1;1;2017;12;30;Online;0;0;0;127.0;1;0
INN09275;2;0;2;1;Meal Plan 2;0;Room_Type 1;96;2017;7;11;Offline;0;0;0;94.5;0;0
INN33136;2;0;2;3;Not Selected;0;Room_Type 1;17;2018;1;22;Online;0;0;0;75.0;0;0
INN04634;1;0;0;1;Not Selected;0;Room_Type 1;62;2018;5;19;Online;0;0;0;116.1;0;0
INN04876;1;0;0;1;Meal Plan 1;0;Room_Type 1;2;2018;10;27;Corporate;0;0;0;75.0;0;0
INN18503;2;0;0;1;Meal Plan 1;0;Room_Type 4;43;2018;5;14;Online;0;0;0;140.4;0;1
INN29564;2;0;0;2;Meal Plan 2;0;Room_Type 1;102;2017;10;16;Offline;0;0;0;109.0;0;0
INN19427;2;0;2;3;Meal Plan 1;0;Room_Type 1;35;2018;3;3;Online;0;0;0;83.9;1;0
INN00050;1;0;1;3;Meal Plan 1;0;Room_Type 4;7;2018;12;29;Online;0;0;0;125.8;2;0
INN26856;1;0;0;2;Meal Plan 1;0;Room_Type 1;1;2018;1;27;Online;0;0;0;71.7;0;0
INN19574;2;2;0;1;Meal Plan 1;0;Room_Type 6;85;2018;6;30;Online;0;0;0;186.3;0;1
INN25048;2;0;2;2;Meal Plan 1;0;Room_Type 1;72;2017;9;5;Offline;0;0;0;72.25;0;0
INN10785;2;0;0;4;Meal Plan 1;0;Room_Type 1;178;2018;10;26;Online;0;0;0;90.9;2;0
INN08399;2;2;0;3;Meal Plan 1;0;Room_Type 6;53;2018;4;28;Online;0;0;0;192.0;0;0
INN26120;1;0;0;3;Meal Plan 1;0;Room_Type 1;28;2017;11;3;Online;0;0;0;75.18;1;0
INN11075;2;1;3;7;Meal Plan 1;0;Room_Type 1;74;2017;7;27;Online;0;0;0;69.4;0;0
INN04997;2;0;0;1;Meal Plan 1;0;Room_Type 7;0;2018;3;9;Complementary;1;3;14;0.0;1;0
INN32576;2;0;0;3;Meal Plan 1;0;Room_Type 1;112;2018;6;2;Offline;0;0;0;120.0;1;0
INN28547;2;0;0;2;Not Selected;0;Room_Type 1;3;2018;4;8;Online;0;0;0;104.0;1;0
INN20661;2;0;0;3;Meal Plan 1;0;Room_Type 1;35;2018;3;8;Offline;0;0;0;87.0;0;0
INN30720;2;0;0;4;Meal Plan 1;0;Room_Type 1;109;2018;4;19;Online;0;0;0;88.83;0;0
INN26001;2;0;1;2;Not Selected;0;Room_Type 1;41;2018;2;12;Online;0;0;0;67.5;1;1
INN19694;2;0;1;3;Meal Plan 1;0;Room_Type 4;136;2018;5;16;Online;0;0;0;107.95;0;0
INN10950;1;0;0;3;Meal Plan 1;0;Room_Type 1;37;2018;10;13;Offline;0;0;0;95.0;0;0
INN32131;2;0;2;3;Meal Plan 1;0;Room_Type 1;268;2018;10;9;Offline;0;0;0;80.75;0;0
INN06304;2;2;0;1;Meal Plan 1;0;Room_Type 6;39;2018;7;29;Online;0;0;0;216.9;2;0
INN34454;2;0;0;4;Meal Plan 1;0;Room_Type 1;49;2018;3;8;Online;0;0;0;75.95;1;0
INN01842;2;0;2;3;Meal Plan 1;0;Room_Type 1;34;2018;6;19;Offline;0;0;0;80.75;1;0
INN29952;2;0;2;1;Meal Plan 1;0;Room_Type 1;5;2018;7;3;Online;0;0;0;142.33;1;1
INN36230;3;0;0;3;Meal Plan 1;0;Room_Type 1;42;2017;11;25;Online;0;0;0;106.8;1;0
INN26798;1;0;0;1;Meal Plan 1;0;Room_Type 1;0;2018;5;5;Corporate;0;0;0;111.2;0;0
INN10380;2;0;1;3;Meal Plan 1;0;Room_Type 1;322;2018;5;19;Offline;0;0;0;80.0;0;1
INN11017;1;1;2;2;Meal Plan 1;0;Room_Type 1;179;2018;8;26;Online;0;0;0;82.18;0;1
INN29402;1;0;0;4;Meal Plan 1;0;Room_Type 4;38;2018;11;2;Online;0;0;0;77.23;3;0
INN33150;2;0;1;3;Meal Plan 1;0;Room_Type 1;12;2017;10;12;Corporate;0;0;0;100.0;0;0
INN03583;2;0;0;2;Meal Plan 1;0;Room_Type 1;17;2017;10;16;Offline;0;0;0;48.0;0;0
INN32973;2;0;1;4;Meal Plan 1;0;Room_Type 4;26;2017;10;14;Offline;0;0;0;75.0;0;0
INN29818;1;0;0;1;Meal Plan 1;0;Room_Type 1;0;2018;6;28;Online;0;0;0;149.0;1;0
INN35181;2;0;2;5;Meal Plan 1;0;Room_Type 4;17;2017;10;3;Online;0;0;0;119.71;1;0
INN05679;3;0;3;8;Meal Plan 1;0;Room_Type 5;61;2018;7;18;Online;0;0;0;139.34;1;1
INN08494;2;0;2;1;Meal Plan 1;0;Room_Type 1;100;2018;5;1;Online;0;0;0;105.3;1;0
INN30690;2;0;0;3;Not Selected;0;Room_Type 1;184;2018;11;24;Online;0;0;0;69.9;0;1
INN08062;2;0;1;3;Meal Plan 1;0;Room_Type 4;73;2018;3;28;Offline;0;0;0;69.7;1;0
INN06205;3;0;0;2;Meal Plan 1;0;Room_Type 4;1;2018;3;24;Online;0;0;0;182.0;2;0
INN01329;2;0;1;2;Meal Plan 1;0;Room_Type 1;8;2017;12;4;Online;0;0;0;80.27;0;0
INN13724;2;0;0;2;Meal Plan 2;0;Room_Type 1;102;2017;10;16;Offline;0;0;0;109.0;0;0
INN11112;2;0;2;1;Not Selected;0;Room_Type 1;33;2018;7;23;Online;0;0;0;125.1;1;0
INN29560;1;0;0;1;Meal Plan 1;0;Room_Type 1;1;2018;3;30;Corporate;0;0;0;88.0;0;0
INN33399;2;0;0;2;Meal Plan 1;0;Room_Type 1;15;2018;2;17;Online;0;0;0;93.0;3;0
INN33340;2;1;2;1;Meal Plan 1;0;Room_Type 1;58;2017;10;10;Online;0;0;0;92.75;1;0
INN34119;3;0;1;3;Meal Plan 1;0;Room_Type 4;111;2018;8;8;Online;0;0;0;146.7;1;1
INN14836;2;1;1;2;Meal Plan 1;0;Room_Type 1;7;2018;7;4;Online;0;0;0;160.33;2;0
INN14190;2;0;0;3;Meal Plan 1;0;Room_Type 4;11;2018;6;14;Corporate;0;0;0;90.0;0;1
INN34250;1;0;0;2;Meal Plan 1;0;Room_Type 1;188;2018;6;15;Offline;0;0;0;130.0;0;1
INN14143;2;0;0;1;Meal Plan 1;0;Room_Type 1;105;2018;4;6;Offline;0;0;0;75.0;0;1
INN25052;1;0;1;2;Meal Plan 1;0;Room_Type 1;118;2018;6;6;Offline;0;0;0;110.0;0;0
INN33262;2;2;1;2;Meal Plan 1;0;Room_Type 2;3;2018;2;12;Online;0;0;0;85.03;2;0
INN12653;2;0;2;2;Meal Plan 1;0;Room_Type 1;99;2017;10;30;Offline;0;0;0;65.0;0;1
INN01995;2;0;1;1;Not Selected;0;Room_Type 1;53;2018;10;17;Online;0;0;0;108.0;1;0
INN26156;3;0;0;2;Meal Plan 1;0;Room_Type 4;130;2018;6;9;Online;0;0;0;159.3;0;1
INN24198;2;0;0;2;Not Selected;0;Room_Type 1;32;2018;12;16;Online;0;0;0;88.0;1;0
INN11479;1;0;0;1;Meal Plan 1;0;Room_Type 1;0;2018;5;17;Online;0;0;0;135.0;0;0
INN11870;1;0;0;2;Meal Plan 1;0;Room_Type 1;35;2018;6;21;Online;0;0;0;107.1;1;0
INN25507;2;0;2;1;Meal Plan 1;1;Room_Type 1;53;2018;6;19;Online;0;0;0;117.9;1;0
INN22490;1;0;0;2;Meal Plan 1;0;Room_Type 4;123;2018;5;6;Online;0;0;0;126.3;1;0
INN29815;2;0;2;5;Meal Plan 1;0;Room_Type 1;118;2018;9;3;Offline;0;0;0;99.28;0;0
INN20634;2;0;0;0;Meal Plan 1;0;Room_Type 1;33;2017;10;31;Online;0;0;0;0.0;1;0
INN33244;2;0;0;1;Meal Plan 1;0;Room_Type 1;10;2018;4;7;Online;0;0;0;101.0;0;1
INN31437;1;0;1;0;Meal Plan 1;0;Room_Type 1;18;2018;6;20;Corporate;1;1;8;65.0;1;0
INN03253;2;1;1;2;Meal Plan 1;0;Room_Type 1;9;2018;4;22;Online;0;0;0;149.0;0;1
INN28090;2;0;1;3;Meal Plan 1;0;Room_Type 1;167;2018;8;8;Online;0;0;0;99.45;1;1
INN27932;2;0;0;3;Meal Plan 1;0;Room_Type 1;37;2018;10;13;Offline;0;0;0;105.0;0;0
INN08570;2;0;1;0;Meal Plan 1;0;Room_Type 1;210;2018;10;3;Online;0;0;0;83.85;1;0
INN02637;2;0;2;4;Meal Plan 1;0;Room_Type 1;64;2018;8;14;Online;0;0;0;135.9;1;0
INN25346;2;0;1;2;Meal Plan 1;0;Room_Type 1;104;2018;9;2;Online;0;0;0;129.6;2;0
INN21135;2;1;1;3;Meal Plan 1;0;Room_Type 4;124;2018;12;26;Online;0;0;0;105.61;2;1
INN02008;1;0;1;2;Meal Plan 1;0;Room_Type 1;30;2018;2;12;Online;0;0;0;68.7;0;1
INN15735;2;0;0;3;Meal Plan 1;0;Room_Type 1;27;2018;12;7;Online;0;0;0;113.0;2;0
INN24267;3;0;0;3;Meal Plan 1;0;Room_Type 4;58;2018;3;31;Online;0;0;0;123.3;2;0
INN19269;2;0;0;2;Meal Plan 1;0;Room_Type 1;53;2018;9;9;Online;0;0;0;135.9;3;0
INN23112;1;0;1;1;Not Selected;0;Room_Type 1;5;2018;11;28;Online;0;0;0;82.35;0;0
INN18805;1;0;0;3;Meal Plan 1;0;Room_Type 1;335;2018;10;13;Offline;0;0;0;80.0;0;0
INN29780;2;0;1;2;Meal Plan 2;0;Room_Type 1;173;2018;7;25;Offline;0;0;0;300.0;0;1
INN09434;2;0;0;3;Meal Plan 1;0;Room_Type 4;157;2018;6;14;Online;0;0;0;132.9;1;1
INN04385;2;0;2;5;Meal Plan 1;0;Room_Type 1;99;2017;8;21;Online;0;0;0;76.5;0;1
INN08882;2;0;0;2;Meal Plan 1;0;Room_Type 4;203;2018;8;17;Online;0;0;0;114.3;2;1
INN32059;2;0;1;0;Meal Plan 1;0;Room_Type 1;1;2017;8;10;Online;0;0;0;105.0;0;0
INN15506;1;0;0;3;Meal Plan 1;1;Room_Type 1;5;2018;8;30;Corporate;0;0;0;67.0;0;0
INN33745;2;0;0;2;Meal Plan 2;0;Room_Type 1;79;2018;6;24;Offline;0;0;0;109.0;0;0
INN25741;1;0;2;3;Meal Plan 2;0;Room_Type 1;90;2018;5;8;Offline;0;0;0;90.0;0;0
INN17982;3;0;0;2;Meal Plan 1;0;Room_Type 4;179;2018;10;7;Online;0;0;0;141.3;0;1
INN12509;2;1;1;2;Meal Plan 1;0;Room_Type 1;138;2018;7;25;Online;0;0;0;121.5;1;0
INN05809;2;0;1;1;Meal Plan 1;0;Room_Type 4;55;2018;9;3;Online;0;0;0;123.3;2;0
INN08636;2;0;2;5;Meal Plan 1;0;Room_Type 1;214;2018;8;9;Online;0;0;0;90.95;1;0
INN11300;1;0;2;3;Meal Plan 1;0;Room_Type 1;115;2018;2;27;Offline;0;0;0;76.0;0;0
INN19220;1;0;0;3;Meal Plan 1;0;Room_Type 1;37;2018;10;13;Offline;0;0;0;95.0;0;0
INN16786;2;0;1;2;Not Selected;0;Room_Type 1;39;2018;3;4;Online;0;0;0;71.1;1;1
INN16590;2;0;2;1;Meal Plan 1;0;Room_Type 1;68;2018;10;30;Online;0;0;0;96.6;1;0
INN26589;3;0;0;4;Meal Plan 1;0;Room_Type 4;175;2018;12;7;Online;0;0;0;115.6;0;0
INN07879;1;0;2;0;Not Selected;0;Room_Type 1;13;2018;9;11;Online;0;0;0;99.0;1;0
INN25329;2;0;2;4;Not Selected;0;Room_Type 1;200;2018;8;26;Online;0;0;0;83.58;0;1
INN34424;1;0;0;1;Meal Plan 1;0;Room_Type 4;6;2018;5;3;Corporate;0;0;0;110.0;0;0
INN34320;2;0;0;3;Meal Plan 1;0;Room_Type 1;279;2018;10;12;Offline;0;0;0;110.0;0;1
INN32242;1;0;2;2;Meal Plan 1;0;Room_Type 1;157;2018;11;6;Online;0;0;0;117.68;2;1
INN28754;2;0;2;2;Meal Plan 1;0;Room_Type 1;179;2018;9;30;Online;0;0;0;113.4;0;1
INN10683;2;0;2;2;Meal Plan 1;0;Room_Type 1;208;2018;6;11;Offline;0;0;0;80.24;2;0
INN21333;1;0;0;1;Meal Plan 1;1;Room_Type 1;1;2018;11;29;Corporate;1;1;4;67.0;1;0
INN13780;2;0;1;3;Meal Plan 1;0;Room_Type 1;85;2018;11;14;Online;0;0;0;89.7;2;0
INN17663;2;0;1;1;Meal Plan 1;0;Room_Type 4;49;2018;6;4;Online;0;0;0;135.9;1;0
INN16688;2;0;1;5;Meal Plan 1;0;Room_Type 1;15;2018;12;27;Offline;0;0;0;70.0;0;0
INN15823;2;0;2;5;Not Selected;0;Room_Type 1;44;2018;2;21;Online;0;0;0;66.29;1;0
INN32162;1;0;0;2;Meal Plan 1;0;Room_Type 1;1;2018;1;27;Online;0;0;0;71.7;0;0
INN17733;2;1;0;3;Meal Plan 1;0;Room_Type 1;133;2018;7;12;Online;0;0;0;121.5;1;0
INN11963;2;0;2;4;Meal Plan 1;0;Room_Type 1;3;2018;5;29;Online;0;0;0;113.46;2;0
INN06216;2;0;0;2;Meal Plan 1;0;Room_Type 4;102;2018;10;27;Online;0;0;0;104.4;0;1
INN24288;1;0;0;1;Meal Plan 1;0;Room_Type 1;53;2018;10;14;Offline;0;0;0;120.0;0;0
INN32052;2;0;1;3;Meal Plan 1;0;Room_Type 1;42;2018;11;7;Offline;0;0;0;75.0;0;0
INN10143;1;0;2;4;Meal Plan 1;0;Room_Type 1;69;2018;6;12;Offline;0;0;0;120.0;0;1
INN30167;2;0;0;1;Meal Plan 1;0;Room_Type 1;5;2017;9;5;Online;0;0;0;124.0;1;1
INN09893;1;0;2;1;Meal Plan 1;0;Room_Type 1;116;2018;2;28;Offline;0;0;0;61.0;0;1
INN35148;1;0;0;3;Meal Plan 1;0;Room_Type 1;204;2018;5;5;Offline;0;0;0;90.0;0;1
INN35318;2;0;0;2;Meal Plan 1;0;Room_Type 1;5;2018;5;24;Corporate;0;0;0;110.0;1;0
INN22578;2;1;0;2;Meal Plan 1;0;Room_Type 1;7;2017;11;27;Online;0;0;0;86.12;2;0
INN21349;2;0;0;2;Meal Plan 1;0;Room_Type 1;308;2018;11;25;Offline;0;0;0;52.0;0;1
INN35162;2;0;0;2;Not Selected;1;Room_Type 1;1;2018;8;2;Online;0;0;0;133.0;1;0
INN05937;2;0;0;2;Meal Plan 2;0;Room_Type 1;74;2017;9;18;Offline;0;0;0;109.0;0;0
INN12439;2;0;2;1;Meal Plan 1;0;Room_Type 4;8;2018;5;21;Online;0;0;0;132.6;2;0
INN19585;2;0;1;3;Meal Plan 1;0;Room_Type 1;152;2018;5;2;Online;0;0;0;76.58;1;1
INN12892;2;0;0;2;Meal Plan 1;0;Room_Type 1;86;2017;9;24;Offline;0;0;0;105.0;0;0
INN12279;1;0;2;2;Meal Plan 1;1;Room_Type 1;31;2018;11;13;Corporate;1;0;2;67.0;0;0
INN22061;2;0;1;1;Meal Plan 1;0;Room_Type 1;167;2018;7;25;Offline;0;0;0;72.25;1;0
INN29248;2;0;2;5;Meal Plan 1;0;Room_Type 1;27;2018;2;11;Offline;0;0;0;43.43;0;0
INN18499;2;0;2;1;Meal Plan 1;0;Room_Type 1;16;2018;1;24;Online;0;0;0;87.3;0;0
INN08603;2;0;0;2;Meal Plan 1;0;Room_Type 1;15;2018;2;25;Online;0;0;0;93.0;0;0
INN02878;2;0;1;3;Meal Plan 1;0;Room_Type 1;28;2017;9;7;Online;0;0;0;125.4;1;0
INN13411;2;0;0;1;Not Selected;0;Room_Type 1;3;2018;11;19;Online;0;0;0;95.0;1;1
INN27633;1;0;1;0;Meal Plan 1;0;Room_Type 1;5;2018;9;19;Online;0;0;0;159.0;1;0
INN30622;2;0;1;2;Meal Plan 1;0;Room_Type 1;52;2017;10;23;Online;0;0;0;94.5;3;0
INN15593;1;0;2;2;Meal Plan 1;0;Room_Type 1;163;2018;6;5;Offline;0;0;0;100.0;0;1
INN00121;2;0;0;3;Meal Plan 1;0;Room_Type 1;317;2018;9;1;Online;0;0;0;106.2;1;1
INN27993;2;0;2;1;Meal Plan 1;0;Room_Type 4;269;2018;7;10;Offline;0;0;0;78.88;0;0
INN34703;2;0;2;3;Meal Plan 1;0;Room_Type 1;172;2018;10;23;Offline;0;0;0;80.75;0;0
INN08019;1;0;0;1;Not Selected;0;Room_Type 1;37;2018;5;13;Online;0;0;0;116.1;0;0
INN19449;2;0;0;1;Not Selected;0;Room_Type 1;7;2017;10;22;Online;0;0;0;114.0;1;0
INN01096;2;0;0;4;Meal Plan 1;0;Room_Type 4;97;2017;12;29;Offline;0;0;0;60.5;1;0
INN07315;1;0;0;1;Meal Plan 1;0;Room_Type 1;41;2017;10;28;Online;0;0;0;120.0;3;0
INN00585;2;0;2;5;Meal Plan 1;0;Room_Type 1;105;2018;6;11;Online;0;0;0;119.85;2;0
INN29953;2;0;0;2;Meal Plan 1;0;Room_Type 1;111;2018;8;16;Offline;0;0;0;72.25;0;0
INN26925;2;0;1;3;Meal Plan 1;0;Room_Type 2;102;2018;12;26;Online;0;0;0;110.34;0;1
INN15044;2;0;1;3;Meal Plan 1;0;Room_Type 1;250;2018;9;26;Offline;0;0;0;95.0;0;1
INN24564;2;0;2;2;Meal Plan 1;0;Room_Type 1;20;2018;8;19;Online;0;0;0;151.0;1;0
INN13035;2;1;2;5;Meal Plan 1;0;Room_Type 1;97;2018;10;17;Online;0;0;0;135.0;0;1
INN23456;1;0;0;2;Meal Plan 1;0;Room_Type 1;99;2018;2;19;Corporate;0;0;0;80.5;0;0
INN33776;2;0;2;8;Meal Plan 1;0;Room_Type 1;190;2018;6;9;Online;0;0;0;83.79;0;1
INN01190;2;0;0;2;Meal Plan 2;0;Room_Type 1;102;2017;10;16;Online;0;0;0;101.5;0;1
INN15476;2;1;0;3;Meal Plan 2;0;Room_Type 1;8;2017;9;1;Offline;0;0;0;134.75;2;0
INN28902;2;0;0;3;Meal Plan 1;1;Room_Type 1;18;2017;8;26;Online;0;0;0;93.0;0;0
INN16899;2;0;1;0;Not Selected;0;Room_Type 1;28;2018;9;11;Online;0;0;0;139.0;1;0
INN09680;2;0;2;2;Meal Plan 1;0;Room_Type 2;190;2018;5;6;Online;0;0;0;100.3;0;1
INN12204;2;0;2;2;Meal Plan 2;0;Room_Type 4;81;2018;4;24;Online;0;0;0;111.78;1;0
INN23958;1;0;0;2;Meal Plan 1;0;Room_Type 4;62;2018;9;27;Online;0;0;0;115.04;1;0
INN20460;1;0;2;1;Not Selected;0;Room_Type 1;67;2018;2;13;Online;0;0;0;48.51;0;0
INN10352;2;0;0;2;Meal Plan 1;0;Room_Type 4;29;2018;10;5;Online;0;0;0;166.25;3;0
INN33847;2;0;0;2;Meal Plan 2;0;Room_Type 1;256;2018;6;15;Offline;0;0;0;115.0;1;1
INN23562;2;0;2;3;Meal Plan 1;0;Room_Type 4;189;2018;7;30;Online;0;0;0;103.7;1;1
INN18195;2;0;2;2;Meal Plan 1;0;Room_Type 4;65;2018;7;10;Online;0;0;0;125.1;1;0
INN16639;2;0;0;1;Meal Plan 1;0;Room_Type 1;11;2017;8;7;Online;0;0;0;75.0;1;0
INN24003;1;0;0;2;Meal Plan 1;0;Room_Type 1;192;2018;6;24;Offline;0;0;0;95.0;0;0
INN23635;2;0;0;2;Meal Plan 1;0;Room_Type 1;93;2018;3;4;Offline;0;0;0;60.0;1;0
INN32316;2;0;0;1;Meal Plan 1;0;Room_Type 1;4;2018;9;27;Offline;1;0;2;75.0;2;0
INN13168;2;0;1;3;Not Selected;0;Room_Type 1;48;2018;7;25;Offline;0;0;0;63.75;0;0
INN19488;2;1;1;2;Meal Plan 1;0;Room_Type 1;11;2018;7;25;Online;0;0;0;129.75;1;0
INN26192;2;0;0;3;Not Selected;0;Room_Type 1;4;2017;9;22;Online;0;0;0;133.0;2;0
INN34838;1;0;0;1;Meal Plan 1;0;Room_Type 1;3;2018;1;21;Corporate;0;0;0;66.0;0;0
INN10309;2;0;2;2;Meal Plan 1;0;Room_Type 2;243;2018;10;29;Online;0;0;0;81.76;3;0
INN03806;2;0;0;1;Not Selected;0;Room_Type 1;80;2018;4;13;Online;0;0;0;85.5;1;0
INN08852;2;0;0;2;Meal Plan 1;0;Room_Type 1;177;2018;6;3;Offline;0;0;0;100.0;0;1
INN13749;2;0;1;3;Meal Plan 1;0;Room_Type 4;109;2018;8;11;Online;0;0;0;131.4;3;0
INN07983;2;0;0;1;Meal Plan 1;0;Room_Type 1;70;2017;10;22;Offline;0;0;0;85.0;0;0
INN08328;1;0;2;2;Meal Plan 1;0;Room_Type 1;229;2018;10;22;Online;0;0;0;80.75;0;1
INN13180;2;0;2;1;Meal Plan 1;0;Room_Type 2;11;2018;1;2;Online;0;0;0;83.58;0;0
INN21553;2;0;1;3;Meal Plan 1;0;Room_Type 1;161;2018;5;9;Online;0;0;0;72.07;0;1
INN30654;1;0;2;2;Meal Plan 1;0;Room_Type 1;14;2018;11;6;Online;0;0;0;117.3;0;0
INN00343;1;0;1;2;Meal Plan 1;0;Room_Type 1;118;2018;6;6;Offline;0;0;0;110.0;0;0
INN25939;2;0;2;3;Meal Plan 1;0;Room_Type 1;102;2018;11;17;Online;0;0;0;85.0;2;1
INN23477;1;0;0;2;Meal Plan 1;0;Room_Type 1;32;2017;11;20;Offline;0;0;0;73.0;0;0
INN32320;2;0;2;1;Meal Plan 1;0;Room_Type 1;282;2017;10;10;Offline;0;0;0;76.67;0;0
INN08492;2;0;0;1;Not Selected;0;Room_Type 1;25;2018;9;16;Online;0;0;0;139.0;0;1
INN04566;2;0;1;0;Not Selected;0;Room_Type 1;1;2018;8;7;Online;0;0;0;98.0;1;0
INN12969;1;0;0;1;Not Selected;0;Room_Type 1;0;2018;6;17;Online;0;0;0;129.0;2;0
INN14865;1;0;0;2;Meal Plan 1;0;Room_Type 1;164;2017;10;2;Offline;0;0;0;100.0;0;0
INN03260;1;0;1;2;Meal Plan 2;0;Room_Type 1;161;2018;3;25;Online;0;0;0;105.0;0;1
INN14281;2;2;1;4;Meal Plan 1;0;Room_Type 6;138;2018;7;11;Online;0;0;0;169.15;0;1
INN20768;2;0;1;0;Meal Plan 1;0;Room_Type 4;19;2018;6;12;Online;0;0;0;126.0;1;0
INN01443;2;0;1;2;Not Selected;0;Room_Type 1;109;2018;10;24;Online;0;0;0;89.4;0;1
INN17081;2;0;2;1;Not Selected;0;Room_Type 1;56;2018;9;11;Online;0;0;0;125.1;0;1
INN12263;2;1;2;2;Meal Plan 1;0;Room_Type 1;53;2018;9;17;Offline;0;0;0;80.75;0;0
INN24665;3;0;1;5;Meal Plan 1;0;Room_Type 4;151;2018;7;5;Online;0;0;0;137.13;1;1
INN35002;2;0;1;2;Meal Plan 1;0;Room_Type 4;9;2018;2;26;Online;0;0;0;64.03;1;0
INN28004;2;1;2;1;Meal Plan 1;0;Room_Type 1;36;2018;7;2;Online;0;0;0;152.1;2;0
INN16983;1;0;0;2;Meal Plan 1;0;Room_Type 1;7;2017;11;3;Online;0;0;0;89.0;1;0
INN16591;2;0;0;2;Meal Plan 2;0;Room_Type 1;39;2017;8;14;Offline;0;0;0;101.5;0;0
INN02214;2;1;2;4;Meal Plan 1;0;Room_Type 1;76;2018;10;12;Online;0;0;0;135.0;1;1
INN19442;3;0;0;3;Meal Plan 1;0;Room_Type 4;5;2018;7;12;Online;0;0;0;187.0;1;1
INN30981;2;0;0;4;Meal Plan 1;0;Room_Type 4;55;2018;7;27;Online;0;0;0;149.4;0;1
INN21445;2;0;1;3;Not Selected;0;Room_Type 1;240;2018;10;27;Online;0;0;0;80.75;0;1
INN29297;1;0;0;2;Meal Plan 2;0;Room_Type 1;63;2017;9;4;Offline;0;0;0;80.5;0;0
INN35319;2;0;2;0;Meal Plan 1;0;Room_Type 1;61;2017;10;4;Offline;0;0;0;91.0;0;0
INN24226;3;0;0;1;Meal Plan 1;0;Room_Type 4;0;2018;6;21;Online;0;0;0;177.0;1;0
INN06646;2;0;0;2;Meal Plan 1;0;Room_Type 1;43;2018;10;19;Offline;0;0;0;85.5;0;0
INN21173;2;0;1;2;Meal Plan 1;0;Room_Type 1;305;2018;11;4;Offline;0;0;0;89.0;0;1
INN00461;1;0;0;3;Meal Plan 1;0;Room_Type 1;37;2018;10;13;Offline;0;0;0;95.0;0;0
INN35401;2;0;0;1;Meal Plan 1;0;Room_Type 1;5;2018;7;16;Online;0;0;0;151.0;0;1
INN16071;2;0;0;1;Meal Plan 1;0;Room_Type 1;7;2018;6;30;Online;0;0;0;151.0;1;0
INN19393;2;0;1;2;Meal Plan 1;0;Room_Type 4;21;2018;6;3;Online;0;0;0;109.23;1;0
INN26675;1;0;0;2;Not Selected;0;Room_Type 1;49;2018;11;11;Online;0;0;0;73.8;1;1
INN00671;1;0;0;2;Meal Plan 2;0;Room_Type 1;265;2018;6;24;Offline;0;0;0;90.0;0;0
INN31137;2;0;2;0;Meal Plan 1;0;Room_Type 1;5;2017;9;20;Corporate;1;1;0;100.0;0;0
INN32086;2;2;2;6;Meal Plan 1;0;Room_Type 6;14;2018;6;8;Online;0;0;0;204.75;1;1
INN09739;3;0;1;5;Meal Plan 1;0;Room_Type 4;123;2018;9;20;Online;0;0;0;162.0;0;1
INN23533;2;0;0;3;Meal Plan 1;0;Room_Type 1;6;2018;1;7;Online;0;0;0;89.0;0;0
INN34748;1;0;2;2;Meal Plan 1;0;Room_Type 1;169;2018;4;22;Offline;0;0;0;63.5;0;0
INN00113;2;0;0;3;Not Selected;0;Room_Type 1;122;2018;6;16;Online;0;0;0;116.1;2;0
INN15410;2;0;2;4;Meal Plan 1;0;Room_Type 1;114;2018;2;26;Offline;0;0;0;85.0;1;0
INN18607;2;0;0;2;Meal Plan 2;0;Room_Type 1;256;2018;6;15;Offline;0;0;0;115.0;1;1
INN31173;2;0;0;1;Meal Plan 1;0;Room_Type 4;13;2018;7;20;Online;0;0;0;116.0;2;0
INN00541;1;0;0;1;Meal Plan 1;0;Room_Type 1;0;2018;11;19;Complementary;0;0;0;0.0;0;0
INN09255;3;0;1;3;Meal Plan 1;0;Room_Type 4;156;2018;10;31;Online;0;0;0;122.63;2;1
INN08951;2;0;1;0;Not Selected;0;Room_Type 1;33;2018;2;15;Online;0;0;0;67.5;0;1
INN12346;2;0;0;1;Meal Plan 1;0;Room_Type 2;4;2017;12;19;Online;0;0;0;77.25;1;0
INN35253;2;0;0;4;Meal Plan 1;0;Room_Type 4;0;2018;3;15;Offline;0;0;0;55.0;0;0
INN04834;3;0;0;3;Meal Plan 1;0;Room_Type 4;69;2018;7;27;Online;0;0;0;137.7;2;0
INN09058;2;0;0;3;Meal Plan 1;0;Room_Type 1;22;2018;10;11;Offline;0;0;0;95.0;0;0
INN00377;2;0;0;2;Meal Plan 1;0;Room_Type 4;115;2018;10;27;Online;0;0;0;104.4;0;1
INN27452;1;0;0;1;Meal Plan 1;1;Room_Type 1;6;2018;1;26;Online;0;0;0;95.0;1;0
INN13243;2;0;0;3;Not Selected;0;Room_Type 1;8;2017;8;19;Online;0;0;0;81.0;2;0
INN04540;2;0;1;1;Meal Plan 1;0;Room_Type 1;62;2018;3;19;Online;0;0;0;99.0;0;1
INN23240;2;0;0;2;Meal Plan 1;0;Room_Type 4;26;2018;11;17;Online;0;0;0;123.0;2;0
INN29471;2;2;0;2;Meal Plan 1;0;Room_Type 6;2;2018;7;29;Online;0;0;0;220.0;2;0
INN32498;2;0;1;2;Meal Plan 1;0;Room_Type 1;193;2018;6;20;Offline;0;0;0;120.0;0;1
INN23211;2;0;2;2;Meal Plan 1;0;Room_Type 1;50;2018;10;16;Online;0;0;0;126.0;2;0
INN26540;2;0;2;3;Meal Plan 1;0;Room_Type 1;67;2018;7;24;Online;0;0;0;105.3;3;0
INN20207;2;0;0;3;Meal Plan 1;0;Room_Type 1;86;2017;12;30;Online;0;0;0;81.86;1;0
INN32329;2;0;2;1;Meal Plan 1;0;Room_Type 1;80;2018;11;12;Online;0;0;0;72.07;1;1
INN27425;2;0;0;3;Meal Plan 1;0;Room_Type 1;183;2018;9;8;Offline;0;0;0;110.0;0;1
INN34344;1;0;0;1;Meal Plan 2;0;Room_Type 1;2;2017;10;9;Offline;0;0;0;91.0;0;0
INN20512;2;1;2;3;Meal Plan 1;0;Room_Type 4;23;2018;12;30;Online;0;0;0;119.36;3;0
INN25828;2;0;0;3;Meal Plan 1;0;Room_Type 4;38;2018;9;7;Online;0;0;0;136.8;1;0
INN27141;2;1;0;3;Meal Plan 1;0;Room_Type 1;27;2018;10;20;Offline;0;0;0;85.0;1;0
INN05321;1;0;2;0;Not Selected;0;Room_Type 1;4;2018;6;26;Online;0;0;0;113.0;1;0
INN13240;1;0;0;3;Meal Plan 1;0;Room_Type 1;14;2017;9;15;Online;0;0;0;114.0;1;0
INN16047;1;0;2;1;Meal Plan 1;0;Room_Type 1;116;2018;2;28;Offline;0;0;0;61.0;0;1
INN27603;1;0;1;1;Meal Plan 1;0;Room_Type 1;3;2017;9;7;Online;0;0;0;123.5;2;0
INN35878;2;0;0;3;Meal Plan 1;0;Room_Type 1;40;2017;12;31;Offline;0;0;0;118.0;0;0
INN20671;2;0;0;3;Meal Plan 2;0;Room_Type 1;71;2018;5;10;Offline;0;0;0;126.0;1;0
INN12314;2;0;2;0;Not Selected;0;Room_Type 1;20;2018;12;4;Online;0;0;0;88.0;1;0
INN02549;2;1;1;2;Meal Plan 1;0;Room_Type 1;109;2018;5;23;Online;0;0;0;143.1;0;1
INN06685;1;0;0;1;Meal Plan 1;0;Room_Type 4;26;2018;5;18;Online;0;0;0;120.12;1;0
INN10593;3;0;0;1;Meal Plan 1;0;Room_Type 4;12;2018;12;10;Online;0;0;0;161.0;0;0
INN03605;2;0;1;1;Meal Plan 1;0;Room_Type 1;180;2018;5;2;Offline;0;0;0;100.0;1;0
INN05450;2;0;1;3;Not Selected;0;Room_Type 1;52;2018;4;11;Online;0;0;0;89.25;1;0
INN16711;2;0;2;2;Meal Plan 1;0;Room_Type 1;229;2018;10;22;Online;0;0;0;89.25;0;1
INN33056;2;1;0;3;Meal Plan 1;0;Room_Type 4;126;2018;12;27;Offline;0;0;0;90.53;2;0
INN07840;2;0;0;2;Meal Plan 1;0;Room_Type 1;11;2018;3;1;Online;0;0;0;75.92;1;0
INN12380;1;0;1;1;Not Selected;0;Room_Type 1;131;2018;10;10;Online;0;0;0;103.05;1;0
INN23650;2;0;0;3;Meal Plan 1;0;Room_Type 1;34;2018;6;28;Offline;0;0;0;76.5;0;0
INN02966;2;0;2;2;Meal Plan 1;1;Room_Type 2;190;2018;5;6;Online;0;0;0;109.3;0;1
INN02272;2;0;1;2;Meal Plan 1;0;Room_Type 1;91;2018;9;30;Offline;0;0;0;80.0;0;0
INN05748;2;0;2;2;Not Selected;0;Room_Type 1;52;2018;12;4;Online;0;0;0;74.8;0;1
INN33807;2;0;1;2;Meal Plan 1;0;Room_Type 1;81;2018;3;25;Offline;0;0;0;65.0;1;0
INN28674;2;0;1;0;Not Selected;0;Room_Type 1;22;2018;9;12;Online;0;0;0;89.0;2;0
INN16648;1;0;1;2;Meal Plan 1;0;Room_Type 1;0;2018;3;14;Corporate;1;2;26;65.0;0;0
INN14744;2;0;3;8;Meal Plan 1;0;Room_Type 1;204;2018;7;18;Online;0;0;0;90.95;1;0
INN29760;1;0;0;1;Meal Plan 1;0;Room_Type 1;5;2018;12;7;Online;0;0;0;94.0;0;0
INN32356;2;0;2;0;Meal Plan 1;0;Room_Type 1;61;2017;10;4;Offline;0;0;0;91.0;0;0
INN12294;1;0;2;3;Meal Plan 1;0;Room_Type 1;212;2018;5;20;Offline;0;0;0;70.0;0;0
INN16219;2;0;2;1;Meal Plan 1;0;Room_Type 1;10;2017;12;5;Online;0;0;0;112.1;0;0
INN07063;2;1;2;6;Meal Plan 1;0;Room_Type 1;185;2018;8;2;Online;0;0;0;114.75;1;1
INN34086;2;0;1;2;Meal Plan 1;0;Room_Type 1;273;2018;5;13;Offline;0;0;0;95.0;0;1
INN23418;2;0;0;4;Meal Plan 1;0;Room_Type 1;145;2018;5;3;Online;0;0;0;99.45;0;0
INN10624;2;0;2;1;Meal Plan 1;0;Room_Type 1;67;2018;3;26;Offline;0;0;0;76.16;1;0
INN04575;2;1;0;2;Meal Plan 1;0;Room_Type 1;191;2018;8;23;Online;0;0;0;130.5;1;1
INN35352;2;0;0;3;Meal Plan 1;0;Room_Type 1;37;2018;10;13;Offline;0;0;0;105.0;0;0
INN25287;2;0;1;2;Meal Plan 1;0;Room_Type 1;264;2018;10;28;Online;0;0;0;96.3;0;1
INN14858;2;0;0;2;Meal Plan 1;0;Room_Type 1;1;2017;9;4;Offline;0;0;0;116.0;0;0
INN32442;2;0;0;1;Not Selected;0;Room_Type 1;1;2018;2;13;Online;0;0;0;79.0;0;0
INN24195;3;0;0;1;Meal Plan 1;0;Room_Type 1;6;2018;4;5;Online;0;0;0;137.0;2;0
INN23137;1;0;0;1;Not Selected;0;Room_Type 1;0;2018;9;1;Online;0;0;0;149.0;0;0
INN12096;2;1;0;2;Meal Plan 1;0;Room_Type 1;192;2018;8;3;Online;0;0;0;121.5;1;1
INN25882;1;0;2;2;Meal Plan 1;0;Room_Type 1;111;2018;6;17;Online;0;0;0;109.65;1;0
INN22763;2;0;1;3;Meal Plan 1;0;Room_Type 1;10;2017;10;5;Online;0;0;0;135.5;1;0
INN20050;2;0;2;4;Meal Plan 1;0;Room_Type 1;168;2018;7;7;Online;0;0;0;90.95;0;1
INN27886;2;0;2;2;Meal Plan 1;0;Room_Type 1;68;2017;10;11;Online;0;0;0;89.25;1;1
INN14166;1;0;1;0;Meal Plan 1;0;Room_Type 1;0;2017;10;12;Corporate;0;0;0;65.0;0;0
INN10152;2;1;1;0;Meal Plan 2;0;Room_Type 1;87;2018;8;15;Online;0;0;0;176.85;0;1
INN12432;2;0;0;2;Meal Plan 1;0;Room_Type 2;231;2018;8;11;Online;0;0;0;86.63;0;1
INN20197;1;0;0;1;Meal Plan 1;0;Room_Type 1;47;2018;4;12;Online;0;0;0;99.9;0;1
INN32681;1;1;2;4;Meal Plan 1;0;Room_Type 1;70;2018;4;3;Online;0;0;0;64.67;1;0
INN17888;2;0;0;1;Meal Plan 1;0;Room_Type 1;105;2018;4;6;Offline;0;0;0;75.0;0;1
INN25479;1;0;3;7;Meal Plan 1;0;Room_Type 1;3;2018;9;26;Corporate;1;4;46;65.0;0;0
INN14148;2;0;0;1;Meal Plan 1;0;Room_Type 4;79;2018;4;28;Online;0;0;0;109.8;1;0
INN29750;2;0;0;1;Meal Plan 1;0;Room_Type 1;1;2018;9;29;Online;0;0;0;106.2;1;0
INN10358;2;0;0;2;Meal Plan 1;0;Room_Type 1;245;2018;6;17;Offline;0;0;0;75.0;0;1
INN13195;2;0;0;4;Meal Plan 1;0;Room_Type 4;5;2017;11;10;Online;0;0;0;76.58;1;0
INN06489;1;0;2;1;Not Selected;0;Room_Type 1;31;2018;10;2;Online;0;0;0;114.3;1;1
INN31486;2;2;0;3;Meal Plan 1;0;Room_Type 6;23;2018;3;22;Online;0;0;0;230.0;0;1
INN01678;3;0;2;0;Meal Plan 1;0;Room_Type 4;24;2018;5;1;Online;0;0;0;172.0;2;0
INN06314;1;0;0;2;Meal Plan 1;0;Room_Type 1;151;2018;1;19;Offline;0;0;0;71.0;0;0
INN24888;2;0;1;3;Meal Plan 1;0;Room_Type 1;47;2018;8;22;Offline;0;0;0;85.0;0;0
INN11590;2;0;1;1;Not Selected;0;Room_Type 1;78;2018;9;10;Online;0;0;0;125.1;0;1
INN16320;2;0;2;5;Meal Plan 1;0;Room_Type 1;139;2018;7;5;Offline;0;0;0;72.25;0;1
INN13390;2;0;1;5;Meal Plan 1;0;Room_Type 1;51;2018;11;15;Online;0;0;0;88.4;0;1
INN22209;1;0;2;1;Not Selected;0;Room_Type 1;17;2018;4;2;Online;0;0;0;102.33;0;1
INN35294;2;0;0;1;Meal Plan 1;0;Room_Type 4;11;2018;11;5;Online;0;0;0;140.0;1;1
INN29834;1;0;1;2;Meal Plan 1;0;Room_Type 1;19;2018;5;2;Online;0;0;0;120.0;0;0
INN34776;2;0;0;2;Meal Plan 1;0;Room_Type 1;14;2018;7;21;Corporate;0;0;0;105.0;0;0
INN04122;2;0;1;1;Meal Plan 1;0;Room_Type 4;31;2018;6;20;Online;0;0;0;107.1;0;1
INN02836;1;0;2;1;Not Selected;0;Room_Type 1;89;2018;12;17;Online;0;0;0;79.2;2;0
INN19849;2;0;1;2;Meal Plan 1;0;Room_Type 1;159;2018;9;19;Offline;0;0;0;144.0;0;1
INN14556;3;0;0;3;Meal Plan 1;0;Room_Type 1;128;2018;5;4;Offline;0;0;0;105.4;1;0
INN07224;2;0;0;3;Meal Plan 1;0;Room_Type 1;44;2018;2;17;Offline;0;0;0;75.0;0;0
INN17737;2;0;0;2;Meal Plan 1;0;Room_Type 4;66;2018;9;15;Online;0;0;0;149.4;0;1
INN35192;2;0;1;3;Meal Plan 1;0;Room_Type 1;31;2018;4;14;Online;0;0;0;109.8;0;1
INN05307;2;0;2;4;Meal Plan 1;0;Room_Type 1;263;2018;9;29;Online;0;0;0;100.3;0;1
INN23792;2;0;0;3;Meal Plan 1;0;Room_Type 2;184;2018;10;4;Online;0;0;0;101.05;0;1
INN06789;2;1;2;0;Meal Plan 1;0;Room_Type 1;49;2018;8;21;Online;0;0;0;161.1;1;0
INN07362;2;0;0;3;Meal Plan 1;0;Room_Type 1;14;2018;2;24;Offline;0;0;0;87.0;0;0
INN09311;2;1;0;5;Meal Plan 1;0;Room_Type 1;85;2018;8;16;Online;0;0;0;134.1;2;0
INN20733;2;0;1;2;Meal Plan 1;0;Room_Type 1;193;2018;6;20;Offline;0;0;0;120.0;0;1
INN02392;2;0;2;1;Meal Plan 1;0;Room_Type 4;287;2018;10;29;Online;0;0;0;105.3;1;1
INN33534;2;0;0;3;Meal Plan 1;0;Room_Type 1;25;2017;10;20;Offline;0;0;0;75.0;0;0
INN25405;1;0;1;1;Meal Plan 1;0;Room_Type 1;45;2018;11;19;Online;0;0;0;86.4;0;1
INN35155;2;0;0;3;Meal Plan 1;0;Room_Type 1;433;2018;9;8;Offline;0;0;0;70.0;0;1
INN10511;2;0;0;2;Meal Plan 1;0;Room_Type 1;26;2018;8;30;Online;0;0;0;122.0;2;0
INN06094;2;0;2;3;Meal Plan 1;0;Room_Type 4;85;2018;3;24;Online;0;0;0;97.75;0;1
INN00090;2;0;0;3;Meal Plan 1;0;Room_Type 5;146;2018;8;9;Offline;0;0;0;113.56;0;0
INN24887;2;0;2;2;Meal Plan 1;0;Room_Type 1;27;2018;5;22;Online;0;0;0;90.84;2;0
INN08976;2;0;0;4;Not Selected;0;Room_Type 1;170;2018;7;19;Online;0;0;0;85.0;1;0
INN28392;2;0;0;2;Meal Plan 1;0;Room_Type 1;24;2017;12;4;Offline;0;0;0;55.0;0;0
INN04046;1;0;0;1;Meal Plan 1;0;Room_Type 1;1;2018;10;13;Offline;0;0;0;109.65;0;0
INN13472;2;0;0;2;Meal Plan 1;0;Room_Type 4;58;2018;4;22;Online;0;0;0;118.8;0;1
INN18755;1;0;1;1;Meal Plan 1;0;Room_Type 1;4;2018;10;24;Corporate;1;0;2;65.0;1;0
INN00469;2;1;0;1;Meal Plan 1;1;Room_Type 1;1;2018;6;18;Online;0;0;0;168.0;2;0
INN14679;2;0;2;1;Meal Plan 1;0;Room_Type 4;35;2018;10;8;Online;0;0;0;151.5;1;0
INN31162;2;0;2;2;Meal Plan 1;0;Room_Type 1;29;2017;10;11;Online;0;0;0;96.3;0;0
INN11836;2;0;0;3;Not Selected;0;Room_Type 1;77;2018;3;31;Online;0;0;0;76.5;0;1
INN35809;1;0;2;5;Meal Plan 1;0;Room_Type 4;38;2018;6;17;Online;0;0;0;126.77;1;1
INN18829;1;0;0;1;Meal Plan 1;1;Room_Type 1;1;2018;1;26;Online;0;0;0;86.0;1;0
INN00054;2;0;0;4;Meal Plan 1;0;Room_Type 4;51;2017;11;11;Offline;0;0;0;60.0;1;0
INN00577;2;0;0;1;Not Selected;0;Room_Type 1;50;2018;10;19;Online;0;0;0;108.0;1;1
INN09799;2;0;2;4;Meal Plan 1;0;Room_Type 1;132;2018;7;22;Online;0;0;0;100.87;1;0
INN01389;2;0;1;2;Meal Plan 1;0;Room_Type 1;18;2018;2;12;Online;0;0;0;91.0;0;0
INN01815;2;0;0;2;Meal Plan 1;0;Room_Type 1;220;2018;9;2;Online;0;0;0;96.3;1;1
INN32246;2;0;1;3;Meal Plan 1;0;Room_Type 4;29;2018;7;18;Online;0;0;0;144.55;1;0
INN35147;2;2;0;1;Meal Plan 1;0;Room_Type 6;2;2017;11;11;Corporate;0;0;0;95.0;1;0
INN34232;2;0;0;3;Meal Plan 1;0;Room_Type 1;29;2018;3;8;Online;0;0;0;86.93;1;0
INN08526;1;0;1;2;Not Selected;0;Room_Type 1;14;2018;11;14;Online;0;0;0;88.0;1;0
INN01590;2;0;0;4;Meal Plan 2;0;Room_Type 1;184;2018;10;18;Online;0;0;0;130.5;1;1
INN14599;2;0;2;0;Meal Plan 1;0;Room_Type 1;0;2017;9;20;Corporate;0;0;0;65.0;0;0
INN20393;2;0;1;2;Meal Plan 1;0;Room_Type 1;256;2017;9;14;Offline;0;0;0;76.67;0;0
INN29465;2;0;2;2;Meal Plan 1;0;Room_Type 1;47;2018;3;11;Online;0;0;0;86.35;1;0
INN03661;2;0;0;2;Meal Plan 1;0;Room_Type 1;29;2018;12;2;Corporate;0;0;0;85.0;0;0
INN00746;3;0;1;2;Meal Plan 1;0;Room_Type 4;25;2018;8;15;Online;0;0;0;187.0;1;1
INN33260;1;0;0;2;Meal Plan 2;0;Room_Type 1;292;2018;7;21;Offline;0;0;0;90.0;0;0
INN18060;2;0;0;4;Meal Plan 1;0;Room_Type 1;27;2018;11;23;Online;0;0;0;68.07;1;0
INN14817;2;0;0;2;Meal Plan 2;0;Room_Type 1;273;2017;7;17;Offline;0;0;0;109.0;0;1
INN09643;2;0;1;2;Meal Plan 1;0;Room_Type 1;101;2018;4;4;Offline;0;0;0;80.0;0;1
INN35057;4;0;0;2;Meal Plan 1;0;Room_Type 7;18;2018;12;23;Online;0;0;0;199.43;2;0
INN04956;2;0;0;3;Meal Plan 1;0;Room_Type 1;87;2018;6;9;Online;0;0;0;97.71;1;0
INN30980;1;0;1;0;Not Selected;0;Room_Type 1;21;2018;9;25;Online;0;0;0;87.01;1;0
INN08466;3;0;0;3;Meal Plan 1;0;Room_Type 4;56;2018;3;29;Online;0;0;0;123.3;1;1
INN33620;2;0;1;0;Not Selected;0;Room_Type 1;4;2018;8;29;Online;0;0;0;119.0;1;0
INN16097;2;0;0;3;Meal Plan 1;0;Room_Type 4;107;2018;4;14;Online;0;0;0;102.3;1;1
INN26746;2;0;1;1;Meal Plan 2;0;Room_Type 4;71;2018;10;22;Offline;0;0;0;142.5;0;0
INN24362;2;0;1;1;Meal Plan 1;0;Room_Type 1;61;2017;10;26;Offline;0;0;0;72.24;1;0
INN35296;2;0;0;2;Meal Plan 1;1;Room_Type 1;69;2017;12;31;Online;0;0;0;119.8;2;0
INN18064;2;0;0;3;Meal Plan 1;0;Room_Type 4;11;2018;6;14;Corporate;0;0;0;90.0;0;1
INN04985;2;0;0;2;Meal Plan 1;0;Room_Type 1;37;2018;11;17;Online;0;0;0;104.0;2;0
INN02710;2;0;1;0;Not Selected;0;Room_Type 1;0;2018;8;7;Online;0;0;0;98.0;1;1
INN19808;2;0;0;4;Meal Plan 1;0;Room_Type 4;54;2018;3;1;Online;0;0;0;86.58;0;0
INN18384;1;0;1;1;Meal Plan 1;0;Room_Type 1;13;2018;7;11;Corporate;0;0;0;79.0;0;0
INN32745;2;0;2;0;Meal Plan 2;0;Room_Type 1;275;2018;4;17;Offline;0;0;0;110.0;0;1
INN33274;2;0;2;2;Not Selected;0;Room_Type 1;64;2018;7;24;Online;0;0;0;94.5;0;1
INN23714;2;0;0;1;Meal Plan 1;0;Room_Type 4;11;2018;4;7;Offline;0;0;0;92.8;0;0
INN19699;2;0;0;2;Not Selected;0;Room_Type 1;31;2018;9;8;Online;0;0;0;112.59;2;0
INN00839;2;0;2;3;Meal Plan 1;0;Room_Type 4;57;2018;4;21;Online;0;0;0;112.2;0;1
INN35871;2;0;0;3;Meal Plan 1;0;Room_Type 1;170;2018;9;6;Online;0;0;0;91.44;0;1
INN14503;2;1;1;2;Meal Plan 1;0;Room_Type 1;61;2018;12;2;Online;0;0;0;109.8;1;0
INN06760;2;0;2;3;Meal Plan 1;0;Room_Type 6;225;2018;12;29;Online;0;0;0;150.11;0;0
INN23158;2;0;0;2;Meal Plan 2;0;Room_Type 1;256;2018;6;15;Offline;0;0;0;115.0;1;1
INN31503;2;0;1;2;Meal Plan 1;0;Room_Type 1;198;2018;9;9;Offline;0;0;0;90.0;0;1
INN21663;2;0;2;0;Meal Plan 1;1;Room_Type 1;2;2017;8;9;Online;0;0;0;99.0;2;0
INN06874;2;0;0;2;Meal Plan 2;0;Room_Type 1;256;2018;6;15;Online;0;0;0;115.0;1;1
INN25385;2;1;1;2;Meal Plan 1;0;Room_Type 1;187;2018;8;12;Online;0;0;0;121.5;1;1
INN16562;1;0;0;4;Meal Plan 1;0;Room_Type 1;270;2018;4;20;Offline;0;0;0;70.0;0;0
INN15695;1;0;1;1;Meal Plan 2;0;Room_Type 1;301;2018;7;30;Offline;0;0;0;90.0;0;0
INN00693;1;0;2;4;Meal Plan 1;0;Room_Type 1;245;2018;7;6;Online;0;0;0;110.0;0;1
INN23207;2;0;1;2;Meal Plan 1;0;Room_Type 1;273;2018;5;13;Offline;0;0;0;95.0;0;1
INN13823;1;0;0;1;Meal Plan 1;0;Room_Type 5;2;2018;12;21;Corporate;1;0;1;105.0;0;0
INN10565;2;0;1;5;Meal Plan 2;0;Room_Type 1;94;2018;3;28;Offline;0;0;0;110.75;1;0
INN34527;2;0;0;2;Meal Plan 2;0;Room_Type 1;291;2018;8;19;Offline;0;0;0;115.0;0;1
INN31801;2;2;0;2;Meal Plan 1;0;Room_Type 6;146;2018;8;11;Online;0;0;0;186.3;0;0
INN13900;2;0;0;4;Meal Plan 1;0;Room_Type 4;86;2018;7;13;Online;0;0;0;118.8;0;1
INN28368;1;0;1;2;Meal Plan 1;0;Room_Type 1;118;2018;6;6;Offline;0;0;0;110.0;0;0
INN25721;1;0;1;1;Meal Plan 1;0;Room_Type 4;5;2018;9;12;Aviation;0;0;0;110.0;0;1
INN14677;2;0;1;2;Meal Plan 2;0;Room_Type 1;315;2018;9;30;Offline;0;0;0;160.0;0;1
INN27743;2;0;0;3;Meal Plan 1;0;Room_Type 1;259;2018;5;5;Offline;0;0;0;90.0;0;1
INN19955;2;0;2;0;Meal Plan 2;0;Room_Type 1;386;2018;10;23;Offline;0;0;0;115.0;1;1
INN35582;2;1;0;2;Meal Plan 1;0;Room_Type 1;112;2018;7;15;Online;0;0;0;121.5;2;0
INN19190;2;0;2;4;Meal Plan 1;0;Room_Type 1;224;2018;9;4;Online;0;0;0;114.9;1;1
INN01775;2;0;2;3;Meal Plan 1;0;Room_Type 1;303;2018;8;19;Online;0;0;0;78.0;0;1
INN24612;2;0;2;1;Meal Plan 2;0;Room_Type 1;150;2018;1;2;Offline;0;0;0;101.0;0;0
INN05047;2;0;2;3;Meal Plan 1;0;Room_Type 4;96;2018;5;12;Online;0;0;0;132.6;1;1
INN12862;2;0;2;1;Not Selected;0;Room_Type 1;134;2018;11;12;Online;0;0;0;79.2;0;1
INN11782;1;0;0;1;Meal Plan 1;0;Room_Type 1;3;2018;2;2;Online;0;0;0;79.0;0;0
INN15967;2;0;0;1;Not Selected;0;Room_Type 1;115;2018;10;13;Online;0;0;0;108.0;0;1
INN34266;2;2;1;1;Meal Plan 1;0;Room_Type 6;216;2018;8;6;Online;0;0;0;177.3;0;1
INN26433;2;0;0;4;Meal Plan 1;0;Room_Type 1;45;2018;4;26;Online;0;0;0;104.98;0;1
INN15747;2;0;2;3;Meal Plan 1;0;Room_Type 1;294;2018;12;29;Online;0;0;0;82.11;1;0
INN22855;2;0;0;1;Meal Plan 1;0;Room_Type 1;106;2018;11;8;Online;0;0;0;171.9;1;0
INN15960;2;0;0;3;Not Selected;0;Room_Type 1;5;2017;9;1;Online;0;0;0;96.0;0;0
INN36130;2;0;0;4;Meal Plan 1;0;Room_Type 1;141;2018;6;15;Online;0;0;0;119.85;2;0
INN16640;1;0;2;2;Meal Plan 1;0;Room_Type 1;104;2018;4;15;Online;0;0;0;76.5;0;1
INN19382;2;0;1;2;Meal Plan 1;0;Room_Type 4;32;2018;4;1;Online;0;0;0;131.4;0;1
INN24971;1;0;0;3;Meal Plan 1;0;Room_Type 4;36;2018;6;29;Corporate;0;0;0;120.7;0;0
INN27861;2;0;0;1;Not Selected;0;Room_Type 1;6;2018;2;20;Online;0;0;0;79.0;1;0
INN07773;3;0;0;4;Meal Plan 1;0;Room_Type 4;106;2018;8;24;Online;0;0;0;152.1;0;1
INN16152;2;0;1;0;Meal Plan 1;0;Room_Type 1;5;2018;8;21;Online;0;0;0;167.0;0;1
INN03161;2;0;0;1;Meal Plan 1;0;Room_Type 1;1;2018;1;5;Corporate;0;0;0;77.0;0;0
INN25543;1;0;1;0;Not Selected;0;Room_Type 1;31;2018;11;7;Offline;0;0;0;63.0;0;0
INN24256;2;0;0;4;Not Selected;0;Room_Type 1;30;2018;11;29;Online;0;0;0;74.8;1;0
INN09541;2;0;0;2;Meal Plan 2;0;Room_Type 1;102;2017;10;16;Offline;0;0;0;109.0;0;0
INN18400;2;0;0;2;Meal Plan 1;0;Room_Type 1;22;2017;11;3;Offline;0;0;0;75.0;1;0
INN02095;1;0;0;3;Not Selected;0;Room_Type 1;110;2018;11;2;Online;0;0;0;85.87;1;0
INN06747;1;0;2;0;Meal Plan 2;0;Room_Type 1;386;2018;10;23;Online;0;0;0;90.0;1;1
INN34456;2;0;2;2;Not Selected;0;Room_Type 1;28;2018;8;14;Online;0;0;0;132.05;0;1
INN35580;2;0;1;0;Meal Plan 1;0;Room_Type 1;3;2018;7;24;Online;0;0;0;131.0;0;0
INN00516;2;0;0;4;Meal Plan 1;0;Room_Type 1;2;2018;8;3;Offline;0;0;0;109.0;0;0
INN04533;2;0;0;1;Meal Plan 1;0;Room_Type 4;12;2018;9;9;Online;0;0;0;154.0;0;1
INN23311;0;2;1;4;Meal Plan 1;0;Room_Type 2;39;2018;2;22;Online;0;0;0;68.76;0;0
INN27617;2;0;0;1;Meal Plan 2;0;Room_Type 1;55;2018;4;6;Offline;0;0;0;104.0;0;0
INN03132;2;0;1;3;Meal Plan 1;0;Room_Type 1;5;2018;8;29;Online;0;0;0;139.0;1;0
INN20119;2;0;1;2;Meal Plan 1;0;Room_Type 1;229;2018;8;5;Online;0;0;0;96.3;1;0
INN32399;2;2;1;1;Meal Plan 1;0;Room_Type 6;15;2018;10;29;Online;0;0;0;220.0;0;1
INN27154;2;2;2;2;Meal Plan 1;0;Room_Type 7;168;2018;11;25;Online;0;0;0;205.0;0;1
INN09677;2;0;2;6;Meal Plan 1;0;Room_Type 1;47;2018;12;2;Online;0;0;0;88.4;1;0
INN21038;1;0;0;2;Meal Plan 1;0;Room_Type 1;17;2017;10;1;Online;0;0;0;73.88;3;0
INN12488;2;0;0;3;Meal Plan 1;0;Room_Type 1;104;2018;4;28;Online;0;0;0;102.3;0;0
INN09691;2;0;1;5;Meal Plan 2;0;Room_Type 1;94;2018;3;28;Offline;0;0;0;110.75;1;0
INN22985;2;0;0;1;Meal Plan 1;0;Room_Type 2;107;2017;8;12;Online;0;0;0;76.5;0;0
INN08082;1;0;1;0;Meal Plan 1;0;Room_Type 1;0;2018;1;25;Corporate;0;0;0;79.0;0;0
INN19690;2;0;1;0;Meal Plan 1;0;Room_Type 1;179;2018;8;22;Online;0;0;0;114.3;0;1
INN00581;2;0;1;1;Not Selected;0;Room_Type 1;25;2018;10;3;Online;0;0;0;129.0;1;1
INN04551;2;0;2;5;Meal Plan 1;0;Room_Type 1;65;2018;3;28;Online;0;0;0;82.45;1;0
INN16103;2;0;0;4;Meal Plan 1;0;Room_Type 4;97;2017;12;30;Offline;0;0;0;61.0;0;0
INN03587;2;0;1;1;Meal Plan 1;0;Room_Type 1;174;2017;10;10;Online;0;0;0;70.0;0;1
INN05031;2;0;0;1;Not Selected;1;Room_Type 1;1;2018;4;16;Online;0;0;0;89.0;1;0
INN08286;2;0;2;1;Not Selected;0;Room_Type 1;240;2018;12;10;Online;0;0;0;67.5;2;1
INN10982;2;0;0;4;Not Selected;0;Room_Type 1;4;2018;6;29;Online;0;0;0;127.0;2;0
INN02151;1;0;0;5;Meal Plan 1;0;Room_Type 1;230;2018;9;6;Online;0;0;0;111.0;0;1
INN19009;2;1;0;1;Meal Plan 1;0;Room_Type 1;11;2018;11;5;Online;0;0;0;150.0;1;1
INN28781;1;0;0;1;Meal Plan 1;0;Room_Type 1;8;2018;11;23;Online;0;0;0;94.0;0;0
INN29408;2;0;0;1;Meal Plan 1;0;Room_Type 1;1;2018;6;3;Online;0;0;0;149.0;1;0
INN12550;3;0;0;3;Meal Plan 1;0;Room_Type 1;147;2018;6;2;Offline;0;0;0;124.0;1;1
INN01722;2;0;2;0;Meal Plan 2;0;Room_Type 1;386;2018;10;23;Online;0;0;0;115.0;1;1
INN28740;1;0;2;5;Meal Plan 1;0;Room_Type 1;163;2018;4;9;Online;0;0;0;73.37;1;0
INN20109;1;0;1;1;Meal Plan 1;0;Room_Type 1;152;2018;7;11;Online;0;0;0;109.0;1;1
INN04057;2;0;0;2;Meal Plan 1;0;Room_Type 1;58;2018;12;9;Online;0;0;0;93.6;1;0
INN20480;2;0;0;2;Meal Plan 1;0;Room_Type 1;11;2018;3;11;Offline;0;0;0;74.8;0;0
INN35368;2;0;1;2;Meal Plan 1;0;Room_Type 1;133;2018;4;29;Online;0;0;0;99.3;1;0
INN31657;2;0;2;0;Meal Plan 1;0;Room_Type 1;25;2018;9;18;Online;0;0;0;158.0;1;0
INN31656;2;0;0;1;Meal Plan 1;0;Room_Type 1;0;2018;8;17;Online;0;0;0;150.0;2;0
INN36046;2;0;1;2;Meal Plan 1;0;Room_Type 1;31;2018;9;16;Offline;0;0;0;75.0;0;0
INN17843;2;0;3;7;Meal Plan 2;0;Room_Type 4;137;2018;7;29;Online;0;0;0;147.9;1;0
INN27990;2;0;1;2;Not Selected;0;Room_Type 1;64;2018;4;29;Online;0;0;0;116.1;1;0
INN18774;2;0;1;3;Meal Plan 1;0;Room_Type 1;166;2018;10;6;Online;0;0;0;118.8;2;1
INN14805;1;0;1;2;Meal Plan 1;0;Room_Type 1;64;2018;11;18;Online;0;0;0;86.4;1;1
INN09118;2;1;0;1;Meal Plan 1;0;Room_Type 1;84;2018;12;22;Online;0;0;0;122.0;0;1
INN15579;2;0;1;3;Meal Plan 1;0;Room_Type 1;104;2018;12;8;Online;0;0;0;88.4;1;0
INN23192;1;0;2;2;Meal Plan 1;0;Room_Type 1;163;2018;6;5;Offline;0;0;0;100.0;0;1
INN06713;2;0;0;1;Meal Plan 1;0;Room_Type 5;3;2018;6;11;Online;0;0;0;128.8;0;0
INN30212;1;0;1;0;Meal Plan 1;0;Room_Type 1;0;2017;12;21;Corporate;1;0;3;75.0;0;0
INN03754;2;0;2;2;Meal Plan 1;0;Room_Type 1;11;2017;10;3;Online;0;0;0;145.0;1;0
INN32876;2;0;0;1;Meal Plan 1;0;Room_Type 1;26;2018;6;8;Offline;0;0;0;120.0;0;0
INN26808;2;0;2;3;Meal Plan 1;0;Room_Type 4;95;2018;5;12;Online;0;0;0;102.1;1;0
INN17606;3;0;0;1;Meal Plan 1;0;Room_Type 4;40;2018;10;15;Online;0;0;0;176.4;1;1
INN20346;2;0;1;2;Meal Plan 1;0;Room_Type 1;229;2018;8;5;Online;0;0;0;96.3;1;0
INN14091;2;0;1;3;Not Selected;0;Room_Type 1;68;2018;11;14;Online;0;0;0;75.9;2;0
INN19012;3;0;0;2;Meal Plan 1;1;Room_Type 4;3;2018;4;1;Online;0;0;0;156.0;2;0
INN16749;2;0;0;1;Meal Plan 1;0;Room_Type 1;34;2018;3;12;Online;0;0;0;81.9;1;0
INN22044;2;0;1;2;Meal Plan 1;0;Room_Type 4;95;2018;6;3;Online;0;0;0;137.4;3;0
INN08224;2;0;0;1;Meal Plan 1;0;Room_Type 1;9;2018;2;24;Online;0;0;0;70.07;0;1
INN06628;2;0;0;2;Not Selected;0;Room_Type 1;7;2018;4;15;Online;0;0;0;119.0;1;0
INN09920;1;0;2;1;Meal Plan 1;0;Room_Type 1;23;2018;3;12;Online;0;0;0;85.67;1;1
INN07853;2;0;0;1;Meal Plan 1;0;Room_Type 1;289;2017;10;17;Offline;0;0;0;67.0;0;0
INN17276;3;0;1;3;Meal Plan 1;0;Room_Type 4;28;2018;6;27;Online;0;0;0;175.4;0;1
INN20111;2;0;2;2;Meal Plan 1;0;Room_Type 1;85;2018;8;13;Online;0;0;0;126.9;1;0
INN13014;2;0;1;1;Meal Plan 1;1;Room_Type 1;1;2018;10;1;Online;0;0;0;184.0;3;0
INN19069;2;0;0;2;Meal Plan 1;0;Room_Type 1;308;2018;11;25;Offline;0;0;0;52.0;0;1
INN33547;2;0;1;5;Meal Plan 1;0;Room_Type 4;60;2018;9;5;Online;0;0;0;132.45;1;1
INN31406;2;0;0;1;Not Selected;0;Room_Type 1;2;2018;5;13;Online;0;0;0;129.0;1;0
INN11779;2;0;0;2;Not Selected;0;Room_Type 1;31;2018;2;5;Online;0;0;0;67.5;0;1
INN10161;2;0;2;2;Meal Plan 1;0;Room_Type 1;204;2017;10;9;Offline;0;0;0;72.75;0;0
INN09339;2;0;0;1;Meal Plan 1;0;Room_Type 1;15;2018;2;11;Online;0;0;0;100.0;1;0
INN24636;2;0;2;1;Meal Plan 1;0;Room_Type 1;19;2017;12;26;Offline;0;0;0;58.0;0;0
INN28089;2;0;0;2;Not Selected;0;Room_Type 1;53;2018;11;4;Online;0;0;0;88.0;1;1
INN17717;2;0;0;4;Meal Plan 1;0;Room_Type 4;86;2018;4;6;Online;0;0;0;93.08;1;0
INN04338;2;0;1;1;Meal Plan 1;0;Room_Type 1;3;2018;8;22;Corporate;0;0;0;100.0;0;0
INN09067;1;0;0;1;Meal Plan 1;0;Room_Type 1;23;2018;11;11;Online;0;0;0;112.0;1;0
INN05772;3;0;1;3;Meal Plan 1;0;Room_Type 4;175;2018;8;15;Online;0;0;0;130.05;0;1
INN18365;2;0;2;0;Not Selected;0;Room_Type 1;18;2018;4;10;Online;0;0;0;106.0;0;1
INN35150;1;0;1;0;Not Selected;0;Room_Type 1;131;2018;10;10;Online;0;0;0;108.0;0;1
INN27282;2;0;0;1;Not Selected;0;Room_Type 1;26;2018;11;11;Online;0;0;0;100.0;0;1
INN29116;2;0;0;1;Meal Plan 1;0;Room_Type 4;2;2018;12;24;Online;0;0;0;108.0;1;0
INN30279;2;1;0;3;Meal Plan 1;1;Room_Type 1;184;2018;8;2;Online;0;0;0;130.5;2;1
INN25443;2;0;0;3;Not Selected;0;Room_Type 4;1;2017;9;3;Online;0;0;0;121.33;1;0
INN31618;1;0;2;1;Meal Plan 1;0;Room_Type 1;34;2018;6;19;Offline;0;0;0;81.0;0;1
INN06649;2;0;0;2;Meal Plan 1;0;Room_Type 1;245;2018;6;17;Online;0;0;0;75.0;0;1
INN32751;2;1;0;5;Meal Plan 1;0;Room_Type 1;53;2018;6;28;Online;0;0;0;135.9;2;0
INN25140;2;2;2;1;Meal Plan 1;0;Room_Type 6;46;2018;5;28;Online;0;0;0;207.9;2;0
INN10551;2;0;2;1;Meal Plan 2;0;Room_Type 1;150;2018;1;2;Offline;0;0;0;101.0;0;0
INN10925;2;1;2;1;Meal Plan 1;0;Room_Type 6;16;2017;9;5;Online;0;0;0;165.0;3;0
INN11651;2;0;2;2;Meal Plan 1;0;Room_Type 1;7;2017;9;19;Online;0;0;0;126.0;1;0
INN35715;2;0;1;3;Meal Plan 1;0;Room_Type 4;290;2018;12;1;Online;0;0;0;86.7;0;1
INN20138;1;0;1;2;Meal Plan 1;0;Room_Type 1;63;2018;5;16;Corporate;0;0;0;130.0;0;0
INN02999;2;0;2;2;Meal Plan 1;0;Room_Type 1;60;2018;3;20;Online;0;0;0;75.0;0;1
INN00875;2;0;0;2;Meal Plan 2;0;Room_Type 1;69;2017;9;22;Offline;0;0;0;106.0;0;0
INN26334;2;0;1;5;Not Selected;0;Room_Type 1;6;2017;8;10;Online;0;0;0;80.0;1;0
INN31642;2;0;1;2;Meal Plan 2;0;Room_Type 1;161;2018;3;25;Offline;0;0;0;130.0;0;1
INN28999;2;0;1;5;Meal Plan 1;0;Room_Type 1;41;2018;12;27;Offline;0;0;0;70.0;0;0
INN11476;2;0;2;2;Not Selected;0;Room_Type 1;21;2017;12;18;Online;0;0;0;60.0;0;0
INN25453;1;0;0;1;Meal Plan 1;0;Room_Type 1;99;2018;2;19;Corporate;0;0;0;81.0;0;0
INN06778;2;1;2;2;Meal Plan 2;0;Room_Type 1;5;2018;6;26;Online;0;0;0;196.0;2;0
INN16346;2;0;2;0;Not Selected;0;Room_Type 1;11;2018;10;2;Online;0;0;0;135.0;2;0
INN14975;2;0;2;2;Meal Plan 1;0;Room_Type 1;24;2018;10;16;Offline;0;0;0;85.0;1;0
INN31887;2;0;0;3;Meal Plan 1;0;Room_Type 1;213;2018;6;7;Offline;0;0;0;130.0;0;1
INN18160;1;0;0;2;Not Selected;0;Room_Type 1;0;2017;11;27;Online;0;0;0;51.3;0;0
INN20657;2;0;0;4;Meal Plan 1;0;Room_Type 1;104;2018;5;4;Online;0;0;0;111.78;0;1
INN12934;1;0;0;3;Meal Plan 1;0;Room_Type 1;71;2018;6;14;Offline;0;0;0;120.0;0;0
INN12979;2;0;0;2;Meal Plan 2;0;Room_Type 1;102;2017;10;16;Offline;0;0;0;101.5;0;1
INN27854;2;0;0;2;Meal Plan 1;0;Room_Type 1;177;2018;6;3;Offline;0;0;0;100.0;0;1
INN09221;2;0;0;2;Meal Plan 1;0;Room_Type 1;211;2018;5;20;Offline;0;0;0;100.0;0;1
INN33987;2;0;1;1;Meal Plan 1;1;Room_Type 1;63;2018;7;18;Online;0;0;0;114.3;2;0
INN31348;3;0;1;2;Meal Plan 1;0;Room_Type 4;78;2018;4;11;Online;0;0;0;128.7;2;0
INN09122;2;0;0;2;Meal Plan 2;0;Room_Type 1;257;2017;7;1;Offline;0;0;0;101.5;0;1
INN35728;3;0;0;1;Meal Plan 2;0;Room_Type 4;44;2018;8;10;Online;0;0;0;219.6;2;0
INN28774;2;0;1;1;Meal Plan 1;0;Room_Type 1;202;2018;7;9;Online;0;0;0;96.3;1;0
INN03041;2;0;1;3;Meal Plan 1;0;Room_Type 1;240;2018;10;27;Online;0;0;0;90.95;2;0
INN03011;2;0;2;4;Meal Plan 1;0;Room_Type 4;228;2018;10;5;Online;0;0;0;115.6;2;1
INN19256;2;0;0;3;Meal Plan 1;0;Room_Type 1;36;2018;2;11;Offline;0;0;0;64.0;0;0
INN15017;2;0;0;3;Meal Plan 1;0;Room_Type 1;276;2018;9;22;Offline;0;0;0;95.0;0;1
INN30257;2;2;2;2;Meal Plan 1;0;Room_Type 6;174;2018;10;29;Online;0;0;0;162.9;0;1
INN07746;1;0;0;3;Meal Plan 1;0;Room_Type 1;8;2018;3;1;Offline;0;0;0;56.0;0;0
INN16354;1;0;2;1;Meal Plan 1;0;Room_Type 1;1;2018;11;27;Online;0;0;0;68.76;1;0
INN21269;2;0;2;1;Meal Plan 1;0;Room_Type 1;64;2018;4;17;Online;0;0;0;99.3;1;0
INN09209;2;0;2;5;Meal Plan 1;0;Room_Type 1;257;2018;12;17;Online;0;0;0;73.95;0;1
INN33498;2;0;1;3;Meal Plan 1;0;Room_Type 4;69;2018;5;30;Online;0;0;0;102.1;1;0
INN31540;2;0;1;4;Meal Plan 1;0;Room_Type 1;7;2017;8;12;Online;0;0;0;90.0;1;1
INN33011;2;1;1;3;Meal Plan 1;0;Room_Type 1;151;2018;12;29;Online;0;0;0;128.56;1;1
INN07421;2;0;0;1;Not Selected;0;Room_Type 1;14;2018;4;19;Online;0;0;0;89.0;0;1
INN06629;2;0;2;1;Meal Plan 1;0;Room_Type 1;145;2018;1;3;Offline;0;0;0;65.0;0;0
INN21953;3;0;0;3;Meal Plan 1;0;Room_Type 1;91;2018;6;1;Offline;0;0;0;105.4;1;0
INN35597;2;0;0;1;Not Selected;0;Room_Type 1;0;2018;6;17;Online;0;0;0;81.55;0;0
INN09331;2;0;0;3;Meal Plan 1;0;Room_Type 1;4;2018;2;25;Online;0;0;0;93.0;1;0
INN32369;2;0;0;2;Meal Plan 2;0;Room_Type 1;346;2018;9;13;Offline;0;0;0;115.0;1;1
INN07689;3;0;1;4;Meal Plan 1;0;Room_Type 7;26;2018;9;28;Online;0;0;0;169.52;2;1
INN24781;2;0;2;1;Meal Plan 1;0;Room_Type 1;141;2018;7;17;Online;0;0;0;105.3;2;0
INN05938;2;0;1;1;Meal Plan 1;0;Room_Type 1;174;2017;10;10;Online;0;0;0;70.0;0;1
INN06339;2;10;0;2;Meal Plan 1;0;Room_Type 4;37;2018;1;12;Online;0;0;0;84.45;1;0
INN28830;2;0;0;3;Meal Plan 1;0;Room_Type 1;44;2018;2;17;Offline;0;0;0;75.0;0;0
INN32438;1;0;1;1;Meal Plan 1;0;Room_Type 1;3;2018;6;20;Corporate;1;0;21;67.0;1;0
INN00446;1;0;0;1;Meal Plan 1;1;Room_Type 1;1;2018;4;1;Corporate;1;0;3;67.0;1;0
INN13296;3;0;2;4;Meal Plan 1;0;Room_Type 4;52;2018;8;26;Online;0;0;0;150.9;0;0
INN08974;2;1;2;4;Not Selected;0;Room_Type 1;121;2018;9;9;Online;0;0;0;89.76;0;0
INN10543;2;1;1;0;Meal Plan 1;1;Room_Type 4;5;2018;11;20;Complementary;0;0;0;0.0;2;0
INN33792;1;0;0;2;Meal Plan 2;0;Room_Type 1;265;2018;6;24;Offline;0;0;0;90.0;0;0
INN03956;2;0;2;3;Meal Plan 1;0;Room_Type 1;256;2018;10;16;Online;0;0;0;100.75;0;1
INN08602;2;0;1;2;Meal Plan 2;0;Room_Type 1;161;2018;3;25;Offline;0;0;0;130.0;0;1
INN32019;2;0;1;1;Meal Plan 1;0;Room_Type 1;174;2018;8;13;Online;0;0;0;105.3;0;1
INN30251;2;0;2;2;Meal Plan 1;0;Room_Type 1;96;2018;4;17;Online;0;0;0;84.58;1;0
INN15097;2;1;2;0;Meal Plan 1;0;Room_Type 1;18;2018;6;12;Online;0;0;0;129.0;0;0
INN23399;2;2;2;1;Meal Plan 2;0;Room_Type 6;4;2018;2;6;Online;0;0;0;198.0;0;0
INN21838;2;0;2;1;Not Selected;0;Room_Type 1;32;2018;12;10;Online;0;0;0;88.0;1;0
INN02717;2;0;1;0;Meal Plan 1;0;Room_Type 1;39;2018;9;12;Online;0;0;0;135.9;2;0
INN02172;2;0;0;3;Meal Plan 1;0;Room_Type 1;56;2018;11;23;Online;0;0;0;93.6;1;1
INN12670;1;0;0;2;Meal Plan 1;0;Room_Type 1;6;2018;7;21;Corporate;0;0;0;93.0;2;0
INN25504;2;0;0;2;Not Selected;0;Room_Type 1;0;2018;10;21;Online;0;0;0;63.76;0;0
INN26398;2;0;1;2;Meal Plan 2;0;Room_Type 1;163;2018;9;5;Online;0;0;0;161.1;2;1
INN08837;1;0;0;3;Not Selected;0;Room_Type 1;25;2018;5;10;Online;0;0;0;129.0;0;0
INN25393;3;0;2;2;Meal Plan 1;0;Room_Type 4;1;2018;7;8;Online;0;0;0;184.5;2;0
INN21675;1;0;1;1;Meal Plan 1;0;Room_Type 1;117;2018;2;29;Offline;0;0;0;75.0;0;0
INN27512;2;0;0;3;Meal Plan 1;0;Room_Type 1;304;2018;11;3;Offline;0;0;0;89.0;0;1
INN30132;2;0;0;1;Meal Plan 1;0;Room_Type 1;52;2017;10;23;Online;0;0;0;72.76;1;0
INN26662;2;0;2;5;Meal Plan 1;0;Room_Type 1;136;2018;8;7;Online;0;0;0;107.95;0;1
INN34151;1;0;0;2;Meal Plan 1;0;Room_Type 1;107;2018;6;10;Offline;0;0;0;120.0;0;0
INN04392;2;0;1;2;Meal Plan 1;0;Room_Type 1;103;2018;3;18;Online;0;0;0;78.3;0;0
INN04591;2;0;0;2;Meal Plan 1;0;Room_Type 1;177;2018;6;3;Online;0;0;0;100.0;0;1
INN01011;3;0;2;1;Meal Plan 1;0;Room_Type 4;3;2018;6;12;Online;0;0;0;150.33;0;0
INN06402;2;0;2;1;Meal Plan 1;0;Room_Type 1;41;2018;3;13;Corporate;0;0;0;85.67;0;0
INN08174;2;0;0;3;Meal Plan 2;0;Room_Type 1;55;2018;8;31;Online;0;0;0;144.0;2;0
INN27706;2;0;0;4;Meal Plan 1;0;Room_Type 1;262;2018;9;13;Online;0;0;0;100.3;0;1
INN12489;1;0;2;4;Meal Plan 1;0;Room_Type 1;69;2018;6;12;Offline;0;0;0;120.0;0;1
INN19710;2;0;0;4;Meal Plan 1;0;Room_Type 1;92;2017;10;7;Offline;0;0;0;70.0;0;0
INN19725;2;0;0;2;Meal Plan 1;0;Room_Type 1;139;2018;8;26;Online;0;0;0;96.3;0;1
INN23709;1;0;1;0;Meal Plan 1;0;Room_Type 1;3;2017;8;2;Complementary;0;0;0;0.0;1;0
INN23119;3;0;2;5;Meal Plan 1;0;Room_Type 4;149;2018;6;4;Online;0;0;0;144.14;1;1
INN07197;2;1;2;4;Meal Plan 1;0;Room_Type 4;4;2018;6;10;Online;0;0;0;145.25;0;1
INN07193;2;0;0;3;Meal Plan 1;0;Room_Type 1;176;2018;9;8;Online;0;0;0;125.1;0;1
INN26085;2;2;2;3;Meal Plan 1;1;Room_Type 6;213;2018;7;21;Online;0;0;0;167.95;1;1
INN32602;2;0;1;2;Meal Plan 1;0;Room_Type 1;9;2018;1;15;Online;0;0;0;80.3;1;0
INN25615;2;1;0;5;Meal Plan 1;0;Room_Type 1;76;2018;5;31;Online;0;0;0;135.15;0;1
INN22967;2;0;0;2;Meal Plan 1;0;Room_Type 1;56;2018;6;8;Online;0;0;0;113.4;0;1
INN12925;2;0;0;3;Meal Plan 1;0;Room_Type 1;335;2018;10;13;Offline;0;0;0;90.0;1;0
INN29510;2;0;2;1;Meal Plan 2;0;Room_Type 1;128;2018;6;26;Offline;0;0;0;142.25;0;0
INN27394;2;0;2;5;Meal Plan 1;0;Room_Type 1;26;2017;10;31;Online;0;0;0;95.96;1;0
INN03358;3;0;2;2;Meal Plan 2;0;Room_Type 4;42;2018;3;20;Online;0;0;0;180.16;1;0
INN32201;1;0;1;5;Meal Plan 1;0;Room_Type 1;16;2018;11;7;Online;0;0;0;156.92;0;1
INN28066;2;0;0;1;Meal Plan 1;0;Room_Type 1;22;2017;8;21;Offline;0;0;0;75.0;0;0
INN26924;2;0;0;3;Not Selected;0;Room_Type 1;28;2018;5;11;Online;0;0;0;96.02;1;0
INN12835;1;0;1;0;Not Selected;0;Room_Type 1;6;2018;9;12;Online;0;0;0;129.0;2;0
INN11323;2;0;1;3;Meal Plan 1;0;Room_Type 1;14;2017;10;19;Online;0;0;0;92.17;1;0
INN08834;2;2;0;3;Meal Plan 1;0;Room_Type 6;98;2018;6;2;Online;0;0;0;198.9;0;1
INN20277;1;0;0;1;Not Selected;0;Room_Type 1;3;2018;4;28;Online;0;0;0;119.0;0;0
INN04813;1;0;0;3;Meal Plan 1;0;Room_Type 1;113;2018;5;31;Corporate;0;0;0;100.0;0;1
INN20519;2;0;2;3;Meal Plan 1;0;Room_Type 1;81;2017;10;24;Online;0;0;0;89.25;2;0
INN19189;2;1;0;4;Meal Plan 1;0;Room_Type 1;44;2018;8;17;Online;0;0;0;152.1;1;0
INN34492;2;0;1;2;Meal Plan 1;0;Room_Type 1;57;2018;6;10;Offline;0;0;0;90.67;1;0
INN24873;2;0;2;3;Not Selected;0;Room_Type 1;61;2018;12;22;Online;0;0;0;74.8;1;0
INN19292;2;0;1;5;Meal Plan 2;0;Room_Type 1;107;2018;7;11;Online;0;0;0;141.0;0;1
INN27316;2;0;0;1;Meal Plan 1;0;Room_Type 4;61;2018;5;28;Online;0;0;0;140.4;0;1
INN23850;1;0;0;2;Meal Plan 1;0;Room_Type 1;19;2018;6;22;Corporate;0;0;0;90.0;0;0
INN00782;2;0;0;2;Meal Plan 1;0;Room_Type 1;245;2018;6;17;Online;0;0;0;75.0;0;1
INN19650;1;0;1;1;Meal Plan 1;0;Room_Type 1;59;2018;8;8;Online;0;0;0;131.4;1;0
INN29034;2;0;2;1;Meal Plan 1;0;Room_Type 1;132;2018;7;17;Offline;0;0;0;72.25;0;0
INN32167;2;0;0;2;Meal Plan 2;0;Room_Type 1;30;2017;9;30;Offline;0;0;0;121.0;0;0
INN07996;2;0;0;2;Not Selected;0;Room_Type 1;46;2018;3;4;Online;0;0;0;67.5;0;1
INN11381;2;0;0;2;Meal Plan 1;0;Room_Type 1;67;2018;12;16;Offline;0;0;0;68.0;0;0
INN22358;2;0;0;3;Meal Plan 1;0;Room_Type 4;149;2018;6;9;Online;0;0;0;129.0;0;1
INN13300;2;0;0;1;Not Selected;0;Room_Type 4;6;2018;10;13;Online;0;0;0;108.05;0;0
INN09902;2;0;0;3;Meal Plan 1;0;Room_Type 1;45;2017;10;22;Online;0;0;0;94.5;2;0
INN30494;1;0;0;1;Meal Plan 1;0;Room_Type 1;1;2018;6;22;Online;0;0;0;135.0;1;0
INN22942;2;0;1;3;Meal Plan 1;0;Room_Type 1;75;2018;3;17;Offline;0;0;0;80.0;0;1
INN17191;1;0;0;2;Meal Plan 1;0;Room_Type 1;1;2017;8;18;Corporate;0;0;0;65.0;0;0
INN11124;2;0;0;2;Meal Plan 1;0;Room_Type 1;33;2018;3;8;Offline;0;0;0;67.52;0;0
INN11129;1;0;0;3;Not Selected;0;Room_Type 1;25;2018;5;10;Online;0;0;0;129.0;0;0
INN23131;1;0;0;1;Meal Plan 1;0;Room_Type 1;2;2018;10;13;Offline;0;0;0;109.65;0;0
INN11240;2;1;2;3;Meal Plan 1;0;Room_Type 1;86;2018;10;22;Online;0;0;0;123.84;1;1
INN26560;2;0;2;3;Meal Plan 1;0;Room_Type 4;61;2017;12;27;Offline;0;0;0;56.0;0;0
INN30259;2;0;0;3;Meal Plan 2;0;Room_Type 1;150;2018;6;16;Offline;0;0;0;90.0;1;0
INN34299;2;0;0;3;Meal Plan 1;0;Room_Type 1;276;2018;9;22;Offline;0;0;0;116.33;0;1
INN10730;2;0;2;2;Not Selected;0;Room_Type 1;18;2018;12;2;Online;0;0;0;76.29;0;0
INN25254;2;1;1;3;Meal Plan 1;0;Room_Type 1;45;2018;9;12;Online;0;0;0;162.79;1;0
INN02379;2;0;2;3;Meal Plan 1;0;Room_Type 4;46;2018;9;11;Online;0;0;0;149.4;1;1
INN22052;2;0;0;2;Meal Plan 1;0;Room_Type 1;46;2018;11;18;Online;0;0;0;93.6;3;0
INN27274;1;0;0;2;Meal Plan 1;1;Room_Type 1;6;2018;7;6;Corporate;1;0;10;67.0;1;0
INN28449;2;0;0;1;Meal Plan 1;0;Room_Type 1;179;2018;7;1;Online;0;0;0;96.3;1;1
INN08715;2;0;0;4;Meal Plan 2;0;Room_Type 4;124;2018;11;2;Online;0;0;0;137.7;1;0
INN20127;2;0;0;1;Meal Plan 1;0;Room_Type 1;103;2018;12;7;Online;0;0;0;93.6;2;1
INN04583;2;0;1;1;Meal Plan 2;0;Room_Type 1;247;2018;6;6;Online;0;0;0;115.0;0;1
INN25649;2;0;1;1;Meal Plan 1;0;Room_Type 1;60;2017;10;12;Offline;0;0;0;65.0;1;0
INN07220;2;1;2;5;Meal Plan 1;0;Room_Type 1;259;2018;12;28;Online;0;0;0;80.26;3;0
INN18666;2;0;1;1;Not Selected;0;Room_Type 1;268;2018;10;1;Online;0;0;0;95.4;0;1
INN17985;2;0;0;3;Meal Plan 1;0;Room_Type 1;57;2018;6;8;Online;0;0;0;117.9;0;1
INN34533;1;0;2;8;Meal Plan 1;0;Room_Type 1;45;2018;11;1;Online;0;0;0;95.74;0;1
INN12295;3;0;1;3;Meal Plan 1;0;Room_Type 4;27;2018;7;25;Online;0;0;0;182.33;0;1
INN14157;2;0;2;1;Meal Plan 1;0;Room_Type 4;67;2018;9;18;Online;0;0;0;149.4;1;0
INN09623;2;0;0;4;Meal Plan 1;0;Room_Type 4;238;2018;9;20;Offline;0;0;0;107.0;1;1
INN05755;2;0;1;5;Not Selected;0;Room_Type 1;15;2018;12;20;Online;0;0;0;67.32;1;0
INN30529;2;0;0;2;Meal Plan 2;0;Room_Type 1;292;2018;7;21;Offline;0;0;0;115.0;0;1
INN20338;2;0;0;3;Meal Plan 1;0;Room_Type 1;162;2017;9;17;Offline;0;0;0;70.0;1;0
INN18761;2;0;0;2;Meal Plan 1;0;Room_Type 1;2;2017;9;10;Online;0;0;0;152.0;2;0
INN22699;2;0;2;2;Not Selected;0;Room_Type 1;43;2018;11;25;Online;0;0;0;74.8;0;1
INN32513;2;0;1;4;Not Selected;0;Room_Type 1;129;2018;6;27;Online;0;0;0;80.75;1;1
INN20801;2;0;0;3;Meal Plan 1;0;Room_Type 1;48;2018;11;10;Offline;0;0;0;75.0;0;0
INN32232;2;0;1;3;Meal Plan 1;0;Room_Type 1;23;2017;11;12;Online;0;0;0;90.95;1;0
INN05343;1;0;0;1;Meal Plan 1;1;Room_Type 1;4;2018;8;30;Corporate;0;0;0;67.0;0;0
INN11938;3;0;1;2;Meal Plan 1;0;Room_Type 1;3;2018;10;7;Online;0;0;0;166.0;1;0
INN12763;3;0;2;2;Meal Plan 1;0;Room_Type 4;255;2018;12;30;Online;0;0;0;123.75;0;0
INN31862;2;2;1;2;Meal Plan 1;0;Room_Type 6;10;2017;8;21;Online;0;0;0;153.0;2;0
INN32189;2;0;2;0;Meal Plan 1;0;Room_Type 1;45;2018;8;7;Online;0;0;0;135.9;1;0
INN17642;2;0;0;1;Not Selected;0;Room_Type 1;4;2018;7;16;Online;0;0;0;139.0;1;0
INN17781;2;0;0;2;Meal Plan 2;0;Room_Type 1;102;2017;10;16;Offline;0;0;0;101.5;0;1
INN07951;2;0;2;2;Meal Plan 1;0;Room_Type 1;179;2018;7;17;Online;0;0;0;90.95;1;0
INN10960;2;0;0;3;Meal Plan 1;0;Room_Type 1;335;2018;10;13;Offline;0;0;0;90.0;1;0
INN00696;2;0;0;2;Meal Plan 2;0;Room_Type 1;257;2017;7;1;Online;0;0;0;101.5;0;1
INN32220;2;0;1;2;Not Selected;0;Room_Type 1;107;2018;10;21;Online;0;0;0;108.0;1;0
INN15165;2;0;0;3;Meal Plan 1;0;Room_Type 1;54;2018;4;20;Online;0;0;0;130.05;0;0
INN33392;2;0;0;3;Meal Plan 1;0;Room_Type 4;39;2018;1;27;Online;0;0;0;69.22;1;0
INN24576;2;0;0;3;Meal Plan 1;0;Room_Type 1;5;2018;2;25;Online;0;0;0;93.0;1;0
INN17138;1;0;0;2;Meal Plan 1;0;Room_Type 1;18;2018;2;9;Online;0;0;0;67.22;1;0
INN23441;2;0;1;1;Meal Plan 1;0;Room_Type 4;1;2018;9;17;Online;0;0;0;155.54;2;0
INN10696;2;0;1;5;Meal Plan 2;0;Room_Type 1;94;2018;3;28;Offline;0;0;0;110.75;1;0
INN21231;1;0;0;2;Meal Plan 1;0;Room_Type 1;26;2018;11;16;Corporate;0;0;0;77.0;0;0
INN30246;2;0;1;3;Meal Plan 1;0;Room_Type 1;161;2018;9;19;Offline;0;0;0;95.88;0;0
INN01685;2;0;2;2;Meal Plan 1;0;Room_Type 1;45;2018;10;30;Offline;0;0;0;75.0;0;0
INN00628;2;0;2;2;Meal Plan 1;0;Room_Type 1;167;2018;10;1;Online;0;0;0;108.9;1;1
INN09312;1;0;1;1;Meal Plan 1;0;Room_Type 1;45;2018;9;12;Offline;0;0;0;81.0;0;0
INN33197;2;0;1;3;Meal Plan 1;0;Room_Type 1;10;2017;8;17;Online;0;0;0;99.0;1;1
INN14100;2;0;0;2;Meal Plan 2;0;Room_Type 1;74;2017;9;18;Offline;0;0;0;101.5;0;0
INN25850;1;0;0;1;Meal Plan 1;0;Room_Type 1;0;2018;11;29;Corporate;0;0;0;79.0;0;0
INN08054;1;0;1;1;Meal Plan 1;0;Room_Type 1;32;2017;10;24;Online;0;0;0;120.0;1;0
INN35404;2;0;2;3;Meal Plan 1;0;Room_Type 1;131;2018;3;20;Offline;0;0;0;59.5;0;0
INN21547;2;0;2;0;Meal Plan 1;0;Room_Type 1;25;2018;9;25;Online;0;0;0;145.0;2;0
INN12409;2;0;0;3;Meal Plan 1;0;Room_Type 4;47;2018;2;18;Online;0;0;0;90.3;0;0
INN33585;2;0;1;1;Meal Plan 1;0;Room_Type 1;275;2018;6;4;Offline;0;0;0;62.8;0;1
INN13420;1;0;1;3;Meal Plan 1;0;Room_Type 1;104;2018;4;18;Online;0;0;0;72.25;1;1
INN27458;1;0;1;1;Meal Plan 2;0;Room_Type 1;301;2018;7;30;Offline;0;0;0;90.0;0;0
INN34592;2;0;0;3;Meal Plan 1;0;Room_Type 1;92;2018;4;7;Online;0;0;0;93.3;1;0
INN09776;1;0;1;1;Meal Plan 1;0;Room_Type 1;5;2018;9;19;Corporate;1;0;2;65.0;1;0
INN29755;1;0;1;1;Meal Plan 2;0;Room_Type 1;301;2018;7;30;Offline;0;0;0;90.0;0;0
INN16851;2;0;2;2;Meal Plan 1;0;Room_Type 1;43;2017;12;26;Offline;0;0;0;55.0;2;0
INN25138;2;0;0;1;Meal Plan 1;0;Room_Type 1;1;2018;8;4;Online;0;0;0;110.19;0;0
INN32464;1;0;1;0;Meal Plan 1;0;Room_Type 1;3;2018;3;21;Corporate;0;0;0;79.0;0;0
INN22571;1;0;1;1;Meal Plan 1;0;Room_Type 1;22;2018;4;18;Online;0;0;0;95.0;0;0
INN03909;2;0;0;2;Meal Plan 1;0;Room_Type 1;8;2018;3;18;Online;0;0;0;125.0;1;0
INN06234;2;0;1;3;Meal Plan 1;0;Room_Type 1;25;2018;3;7;Offline;0;0;0;87.0;0;0
INN17727;2;0;0;3;Meal Plan 1;0;Room_Type 1;31;2018;12;8;Offline;0;0;0;74.88;0;0
INN12847;2;0;0;3;Meal Plan 2;0;Room_Type 1;85;2017;9;30;Offline;0;0;0;125.0;0;0
INN02006;2;0;0;2;Meal Plan 2;0;Room_Type 1;257;2017;7;1;Online;0;0;0;101.5;0;1
INN14904;2;0;0;2;Meal Plan 1;0;Room_Type 1;315;2018;12;2;Offline;0;0;0;52.0;0;0
INN23599;1;0;0;1;Not Selected;0;Room_Type 1;5;2018;9;7;Online;1;0;1;149.0;1;0
INN06275;2;0;0;1;Meal Plan 1;0;Room_Type 1;105;2018;4;6;Online;0;0;0;75.0;0;1
INN16570;2;0;0;1;Not Selected;0;Room_Type 1;3;2018;9;2;Online;0;0;0;129.0;3;0
INN06981;2;0;0;1;Meal Plan 1;0;Room_Type 4;1;2018;7;7;Corporate;0;0;0;94.0;0;0
INN33984;2;0;2;1;Meal Plan 1;0;Room_Type 4;69;2018;5;7;Online;0;0;0;140.4;3;0
INN04687;2;0;2;5;Meal Plan 1;0;Room_Type 1;16;2018;6;30;Online;0;0;0;151.0;1;0
INN27094;2;0;2;5;Meal Plan 1;0;Room_Type 1;97;2018;4;30;Online;0;0;0;109.81;1;0
INN27416;2;0;0;2;Meal Plan 1;0;Room_Type 1;86;2017;9;9;Corporate;0;0;0;100.0;0;0
INN11138;1;0;0;2;Meal Plan 1;0;Room_Type 1;99;2018;2;19;Corporate;0;0;0;80.5;0;0
INN17155;1;0;0;1;Meal Plan 1;0;Room_Type 1;7;2018;12;13;Corporate;0;0;0;79.0;0;0
INN33555;2;0;1;1;Not Selected;1;Room_Type 1;220;2018;8;15;Online;0;0;0;99.0;1;0
INN18770;2;0;2;4;Meal Plan 1;0;Room_Type 1;136;2018;7;10;Offline;0;0;0;72.25;1;0
INN19300;2;0;2;2;Meal Plan 1;0;Room_Type 1;204;2017;10;9;Offline;0;0;0;72.75;0;0
INN26006;2;0;0;3;Meal Plan 1;0;Room_Type 1;101;2018;4;6;Online;0;0;0;90.3;1;0
INN08534;2;0;0;3;Meal Plan 1;0;Room_Type 4;0;2018;11;24;Online;0;0;0;74.54;0;0
INN00237;2;0;0;2;Meal Plan 1;0;Room_Type 5;117;2018;4;29;Online;0;0;0;105.84;0;1
INN03962;2;0;2;3;Meal Plan 1;1;Room_Type 4;17;2018;12;2;Online;0;0;0;107.09;2;0
INN04218;2;1;0;2;Meal Plan 1;0;Room_Type 1;150;2018;8;17;Online;0;0;0;135.0;1;0
INN19987;2;0;0;2;Not Selected;0;Room_Type 1;17;2018;10;7;Online;0;0;0;135.0;1;1
INN01753;2;0;2;1;Meal Plan 1;0;Room_Type 4;43;2018;12;4;Online;0;0;0;110.2;1;0
INN18251;2;0;0;1;Meal Plan 1;0;Room_Type 1;56;2018;6;8;Offline;0;0;0;120.0;0;0
INN23592;2;0;2;0;Meal Plan 2;0;Room_Type 1;75;2018;10;30;Offline;0;0;0;105.0;0;1
INN08544;1;0;2;0;Meal Plan 2;0;Room_Type 1;386;2018;10;23;Offline;0;0;0;90.0;1;0
INN31655;2;0;1;3;Meal Plan 1;0;Room_Type 1;20;2018;3;7;Offline;0;0;0;65.58;0;0
INN36245;2;0;0;3;Meal Plan 2;0;Room_Type 1;150;2018;6;16;Offline;0;0;0;90.0;1;0
INN28271;2;1;0;2;Meal Plan 2;0;Room_Type 1;20;2018;9;9;Online;0;0;0;193.05;2;0
INN10025;2;0;0;5;Meal Plan 1;0;Room_Type 1;140;2017;12;29;Offline;0;0;0;70.0;0;0
INN29170;2;0;1;1;Meal Plan 1;0;Room_Type 1;11;2018;2;13;Online;0;0;0;91.0;1;0
INN34293;1;0;0;3;Meal Plan 1;0;Room_Type 1;204;2018;5;5;Offline;0;0;0;90.0;0;1
INN08935;1;0;4;11;Meal Plan 1;0;Room_Type 1;155;2018;8;30;Online;0;0;0;117.42;0;1
INN25121;2;0;0;1;Meal Plan 2;0;Room_Type 1;55;2018;4;6;Offline;0;0;0;104.0;0;0
INN14845;2;0;2;2;Meal Plan 1;0;Room_Type 1;204;2017;10;9;Offline;0;0;0;72.75;0;0
INN29315;2;0;1;1;Meal Plan 1;0;Room_Type 1;8;2018;12;3;Online;0;0;0;111.5;0;0
INN29086;2;0;1;5;Meal Plan 1;0;Room_Type 4;196;2018;12;27;Online;0;0;0;101.15;0;0
INN25016;2;0;0;2;Meal Plan 2;0;Room_Type 1;273;2017;7;17;Offline;0;0;0;109.0;0;1
INN19879;2;0;2;3;Meal Plan 1;0;Room_Type 1;84;2018;4;14;Online;0;0;0;90.95;0;0
INN26355;2;0;0;1;Not Selected;0;Room_Type 1;54;2018;7;2;Online;0;0;0;107.1;1;0
INN15811;1;0;0;1;Meal Plan 1;1;Room_Type 1;20;2018;10;13;Corporate;1;0;2;67.0;0;0
INN23620;2;0;0;2;Meal Plan 1;0;Room_Type 1;49;2018;10;25;Offline;0;0;0;85.5;0;0
INN17410;2;0;0;1;Meal Plan 1;0;Room_Type 1;56;2018;6;8;Offline;0;0;0;120.0;0;0
INN11675;1;0;2;1;Meal Plan 1;0;Room_Type 1;125;2018;8;7;Online;0;0;0;108.9;0;1
INN22329;2;0;0;1;Not Selected;0;Room_Type 1;191;2018;11;25;Online;0;0;0;71.1;0;1
INN30404;3;0;0;4;Meal Plan 1;0;Room_Type 4;175;2018;8;2;Online;0;0;0;130.05;1;1
INN25167;2;0;2;1;Meal Plan 1;0;Room_Type 1;282;2017;10;10;Offline;0;0;0;76.67;0;0
INN11943;1;0;1;0;Meal Plan 1;0;Room_Type 1;0;2018;10;10;Corporate;1;0;1;95.0;0;0
INN32819;1;0;0;2;Meal Plan 2;0;Room_Type 1;6;2017;12;10;Online;0;0;0;0.0;0;0
INN08180;3;0;0;3;Meal Plan 1;0;Room_Type 1;172;2018;8;25;Online;0;0;0;137.7;1;1
INN05797;2;0;1;5;Meal Plan 1;0;Room_Type 1;124;2018;8;8;Online;0;0;0;97.01;1;0
INN10954;1;0;0;1;Not Selected;0;Room_Type 1;0;2018;4;5;Offline;0;0;0;84.0;0;0
INN20703;2;0;1;5;Meal Plan 1;0;Room_Type 1;56;2018;3;28;Online;0;0;0;85.85;1;1
INN22866;2;0;1;1;Not Selected;0;Room_Type 1;76;2018;4;25;Online;0;0;0;85.5;1;0
INN21433;0;2;0;3;Meal Plan 1;0;Room_Type 2;104;2017;8;11;Online;0;0;0;6.0;2;0
INN10627;2;0;1;3;Meal Plan 1;0;Room_Type 4;64;2018;11;3;Online;0;0;0;106.2;1;1
INN09036;2;0;0;1;Meal Plan 1;0;Room_Type 1;4;2018;8;25;Online;0;0;0;149.0;1;0
INN25098;1;0;0;3;Meal Plan 1;0;Room_Type 1;37;2018;10;13;Offline;0;0;0;95.0;0;0
INN30740;3;0;0;2;Meal Plan 1;0;Room_Type 4;17;2018;12;2;Online;0;0;0;157.5;2;0
INN09114;1;0;0;2;Meal Plan 1;0;Room_Type 1;2;2018;11;30;Corporate;1;1;6;65.0;1;0
INN12486;2;0;1;0;Meal Plan 1;0;Room_Type 1;3;2018;9;25;Offline;0;0;0;95.0;0;0
INN30807;2;1;1;0;Meal Plan 1;0;Room_Type 1;154;2018;10;31;Online;0;0;0;78.99;2;0
INN05921;2;0;1;4;Meal Plan 2;0;Room_Type 1;129;2018;7;25;Online;0;0;0;131.75;0;1
INN05155;2;0;1;2;Meal Plan 1;0;Room_Type 1;7;2018;6;3;Online;0;0;0;134.33;1;0
INN22226;1;0;0;2;Meal Plan 1;0;Room_Type 1;32;2017;11;20;Offline;0;0;0;73.0;0;0
INN25317;2;0;2;1;Meal Plan 1;0;Room_Type 1;124;2018;10;9;Online;0;0;0;118.8;2;0
INN19605;1;0;2;1;Meal Plan 1;0;Room_Type 1;24;2018;12;18;Online;0;0;0;104.0;1;0
INN01434;2;0;2;1;Meal Plan 1;0;Room_Type 1;34;2018;9;25;Online;0;0;0;117.0;1;0
INN26821;2;0;0;4;Not Selected;0;Room_Type 1;67;2018;11;1;Online;0;0;0;79.2;1;0
INN03305;1;0;0;1;Meal Plan 1;0;Room_Type 1;4;2018;10;25;Online;0;0;0;104.0;0;0
INN16428;1;0;1;0;Meal Plan 1;0;Room_Type 1;1;2018;5;16;Online;0;0;0;105.0;0;1
INN03019;2;0;2;1;Meal Plan 1;0;Room_Type 1;34;2018;5;1;Online;0;0;0;126.9;0;1
INN28797;2;0;0;4;Meal Plan 1;0;Room_Type 1;166;2018;7;6;Online;0;0;0;90.95;1;0
INN02651;2;0;1;2;Meal Plan 1;0;Room_Type 1;1;2017;9;14;Offline;0;0;0;90.0;0;0
INN15752;2;0;0;1;Not Selected;0;Room_Type 1;0;2017;10;6;Online;0;0;0;114.0;2;0
INN23425;2;0;2;3;Meal Plan 1;0;Room_Type 4;184;2018;9;22;Online;0;0;0;137.28;0;1
INN23830;2;0;2;4;Meal Plan 2;0;Room_Type 1;327;2017;9;9;Offline;0;0;0;88.0;0;0
INN13446;2;0;0;2;Not Selected;0;Room_Type 1;23;2017;9;2;Online;0;0;0;96.0;2;0
INN35517;2;0;0;4;Meal Plan 1;0;Room_Type 1;323;2018;5;17;Offline;0;0;0;70.0;0;1
INN03606;2;0;1;2;Meal Plan 1;0;Room_Type 1;67;2018;12;2;Offline;0;0;0;75.0;0;0
INN21858;2;0;2;2;Meal Plan 1;0;Room_Type 1;219;2018;10;22;Online;0;0;0;90.95;2;0
INN07462;2;0;0;1;Not Selected;0;Room_Type 1;182;2018;10;12;Online;0;0;0;98.1;0;1
INN15667;2;0;2;4;Meal Plan 1;0;Room_Type 1;75;2018;12;21;Online;0;0;0;88.4;1;0
INN08920;1;0;0;3;Meal Plan 1;0;Room_Type 1;113;2018;5;31;Corporate;0;0;0;100.0;0;1
INN12027;2;0;0;2;Meal Plan 1;0;Room_Type 1;211;2018;5;20;Offline;0;0;0;100.0;0;1
INN19311;2;0;0;2;Meal Plan 1;0;Room_Type 1;345;2018;12;20;Online;0;0;0;78.3;2;1
INN20852;3;0;0;3;Meal Plan 1;0;Room_Type 1;22;2018;9;13;Offline;0;0;0;124.0;1;0
INN35560;1;0;0;1;Meal Plan 1;1;Room_Type 1;2;2017;11;12;Online;0;0;0;100.0;1;0
INN34195;2;0;1;3;Meal Plan 1;0;Room_Type 4;163;2018;9;19;Online;0;0;0;140.4;0;1
INN34836;3;0;0;1;Meal Plan 1;0;Room_Type 4;13;2018;6;10;Online;0;0;0;177.0;0;0
INN02385;1;0;2;2;Meal Plan 1;0;Room_Type 4;102;2018;10;30;Online;0;0;0;122.85;2;0
INN02295;2;0;0;2;Not Selected;0;Room_Type 1;54;2018;11;11;Online;0;0;0;79.2;0;1
INN24583;2;0;1;3;Not Selected;0;Room_Type 1;2;2018;6;16;Offline;0;0;0;72.25;0;0
INN25599;2;0;1;2;Meal Plan 1;0;Room_Type 1;121;2018;6;24;Offline;0;0;0;90.0;0;1
INN27895;2;0;2;2;Meal Plan 1;0;Room_Type 1;2;2018;5;15;Offline;0;0;0;81.75;0;0
INN34307;2;2;0;3;Meal Plan 2;0;Room_Type 6;43;2018;12;29;Online;0;0;0;349.63;1;0
INN34436;1;0;0;1;Meal Plan 1;0;Room_Type 4;0;2018;9;28;Complementary;1;0;3;0.0;1;0
INN14652;2;0;2;1;Meal Plan 1;0;Room_Type 1;155;2018;6;26;Online;0;0;0;96.3;1;0
INN07553;2;0;1;1;Meal Plan 1;0;Room_Type 1;159;2018;4;9;Offline;0;0;0;70.0;1;0
INN20566;2;0;2;5;Meal Plan 1;0;Room_Type 1;53;2018;3;15;Online;0;0;0;83.92;1;0
INN34584;3;0;1;0;Meal Plan 1;0;Room_Type 4;40;2018;10;2;Online;0;0;0;158.4;1;0
INN33506;2;0;1;0;Not Selected;0;Room_Type 1;63;2018;8;22;Offline;0;0;0;63.75;0;0
INN29187;2;0;0;2;Not Selected;0;Room_Type 1;14;2018;8;30;Online;0;0;0;118.0;0;1
INN29698;2;0;1;3;Not Selected;0;Room_Type 1;10;2018;11;17;Online;0;0;0;78.63;0;0
INN27050;1;0;1;2;Meal Plan 1;0;Room_Type 5;11;2018;7;18;Offline;0;0;0;174.33;0;0
INN26710;2;0;1;2;Meal Plan 2;0;Room_Type 1;161;2018;3;25;Offline;0;0;0;130.0;0;1
INN29071;2;0;2;2;Meal Plan 1;0;Room_Type 4;71;2018;4;8;Online;0;0;0;107.95;0;0
INN33821;2;0;0;3;Meal Plan 1;0;Room_Type 4;95;2018;5;19;Online;0;0;0;140.4;0;0
INN11348;1;0;0;2;Meal Plan 1;0;Room_Type 1;32;2017;11;20;Offline;0;0;0;73.0;0;0
INN31444;2;0;0;3;Meal Plan 1;0;Room_Type 1;186;2018;11;24;Online;0;0;0;64.56;0;1
INN20507;2;1;0;1;Meal Plan 1;0;Room_Type 1;37;2018;3;25;Online;0;0;0;143.1;1;1
INN14996;2;0;0;1;Meal Plan 1;0;Room_Type 1;5;2018;12;20;Online;0;0;0;105.0;1;0
INN31798;2;0;1;2;Meal Plan 1;0;Room_Type 1;25;2018;5;30;Online;0;0;0;123.0;0;1
INN28537;2;0;2;3;Meal Plan 1;0;Room_Type 5;5;2018;7;17;Corporate;0;0;0;143.0;1;1
INN00229;2;1;0;2;Meal Plan 1;0;Room_Type 1;15;2018;3;18;Online;0;0;0;127.0;1;0
INN06519;2;0;2;3;Meal Plan 1;0;Room_Type 1;40;2017;12;26;Online;0;0;0;64.15;0;0
INN30227;2;0;2;5;Meal Plan 2;0;Room_Type 1;277;2018;9;5;Offline;0;0;0;89.14;1;0
INN29019;2;0;0;5;Meal Plan 1;1;Room_Type 4;50;2018;5;31;Online;0;0;0;149.4;1;0
INN04944;2;0;2;3;Meal Plan 1;0;Room_Type 4;49;2017;11;12;Offline;0;0;0;60.0;0;0
INN21947;2;0;0;1;Not Selected;0;Room_Type 1;4;2018;2;12;Online;0;0;0;79.0;0;0
INN25691;1;0;1;1;Meal Plan 1;0;Room_Type 1;4;2018;8;1;Corporate;0;0;0;79.0;0;0
INN14796;2;0;0;3;Meal Plan 1;0;Room_Type 1;37;2018;10;13;Offline;0;0;0;105.0;0;0
INN19151;1;0;2;0;Meal Plan 1;0;Room_Type 1;3;2017;10;18;Corporate;0;0;0;65.0;0;0
INN31903;1;0;1;1;Meal Plan 1;0;Room_Type 1;1;2018;2;15;Online;0;0;0;85.0;0;0
INN16133;2;0;2;5;Meal Plan 1;0;Room_Type 1;167;2018;7;23;Online;0;0;0;99.45;0;1
INN15596;2;0;0;2;Not Selected;0;Room_Type 1;128;2018;9;16;Online;0;0;0;100.29;3;0
INN15426;2;0;0;1;Not Selected;0;Room_Type 1;18;2018;6;23;Online;0;0;0;89.0;0;0
INN25418;2;0;2;1;Meal Plan 2;0;Room_Type 1;110;2017;7;25;Offline;0;0;0;94.5;0;0
INN07126;2;0;0;2;Not Selected;0;Room_Type 1;22;2018;5;31;Online;0;0;0;109.0;1;0
INN23929;2;0;2;1;Meal Plan 2;0;Room_Type 1;23;2018;1;2;Offline;0;0;0;109.0;0;0
INN08396;2;0;2;4;Meal Plan 1;0;Room_Type 4;26;2018;12;4;Online;0;0;0;114.0;1;0
INN30905;2;0;2;3;Not Selected;0;Room_Type 1;223;2018;9;30;Online;0;0;0;73.96;0;1
INN31788;2;0;0;2;Meal Plan 1;0;Room_Type 1;4;2017;8;11;Corporate;0;0;0;75.0;0;0
INN33959;1;0;0;2;Meal Plan 2;0;Room_Type 1;254;2018;9;16;Offline;0;0;0;91.0;0;0
INN29282;1;0;1;1;Meal Plan 1;0;Room_Type 1;12;2018;2;6;Online;0;0;0;86.0;0;0
INN23630;2;0;2;4;Meal Plan 1;0;Room_Type 1;150;2018;7;24;Online;0;0;0;99.45;2;0
INN00128;2;2;0;2;Meal Plan 1;0;Room_Type 6;110;2018;10;14;Online;0;0;0;190.8;0;1
INN09308;1;0;1;0;Not Selected;0;Room_Type 1;4;2018;4;18;Online;0;0;0;89.0;1;0
INN34649;2;0;0;3;Meal Plan 1;0;Room_Type 1;186;2018;8;16;Offline;0;0;0;72.25;0;0
INN34353;2;0;0;1;Not Selected;0;Room_Type 1;53;2018;5;6;Online;0;0;0;125.1;0;1
INN13646;1;0;2;0;Meal Plan 2;0;Room_Type 1;386;2018;10;23;Offline;0;0;0;90.0;0;1
INN03180;2;0;0;2;Meal Plan 2;0;Room_Type 1;63;2017;9;4;Offline;0;0;0;116.0;0;0
INN07011;2;1;1;3;Meal Plan 1;0;Room_Type 1;39;2018;4;11;Online;0;0;0;121.5;2;0
INN07815;2;0;2;3;Meal Plan 1;0;Room_Type 1;42;2018;2;18;Online;0;0;0;75.56;0;1
INN35445;2;0;0;1;Meal Plan 1;0;Room_Type 1;10;2018;8;18;Online;0;0;0;140.0;2;0
INN15107;2;0;2;5;Meal Plan 1;0;Room_Type 1;81;2018;3;23;Online;0;0;0;89.31;0;0
INN29689;2;0;0;1;Meal Plan 1;0;Room_Type 4;17;2018;3;4;Online;0;0;0;108.0;0;0
INN11466;3;0;0;2;Meal Plan 1;0;Room_Type 4;25;2018;7;26;Online;0;0;0;187.0;2;0
INN13145;1;2;0;3;Not Selected;0;Room_Type 2;211;2018;5;31;Online;0;0;0;91.36;1;1
INN32627;1;0;0;3;Meal Plan 1;0;Room_Type 1;22;2018;12;8;Complementary;0;0;0;0.0;1;0
INN34277;2;0;0;2;Meal Plan 1;0;Room_Type 4;37;2017;10;22;Online;0;0;0;105.3;2;0
INN33616;2;0;1;3;Meal Plan 1;0;Room_Type 4;236;2018;10;17;Offline;0;0;0;97.6;0;1
INN06495;2;0;1;2;Meal Plan 1;0;Room_Type 1;6;2017;12;18;Online;0;0;0;87.0;0;0
INN33834;2;0;1;3;Meal Plan 1;0;Room_Type 1;285;2018;10;3;Offline;0;0;0;100.0;0;1
INN12751;2;1;0;2;Meal Plan 1;0;Room_Type 1;59;2018;7;28;Online;0;0;0;137.7;1;0
INN02829;2;0;2;3;Not Selected;0;Room_Type 1;1;2017;9;20;Online;0;0;0;102.41;0;0
INN32964;2;1;0;2;Meal Plan 1;0;Room_Type 1;186;2018;8;3;Online;0;0;0;121.5;0;1
INN01905;2;0;0;3;Meal Plan 1;0;Room_Type 1;0;2017;8;5;Online;0;0;0;90.0;2;0
INN24609;2;0;1;1;Meal Plan 1;0;Room_Type 2;180;2018;7;23;Online;0;0;0;96.3;0;1
INN26866;2;1;2;3;Meal Plan 1;0;Room_Type 4;186;2018;7;28;Online;0;0;0;111.76;1;1
INN22063;2;0;2;0;Meal Plan 1;0;Room_Type 1;146;2018;4;24;Offline;0;0;0;95.0;0;1
INN05165;1;0;0;2;Meal Plan 1;0;Room_Type 4;31;2018;3;24;Online;0;0;0;144.9;0;1
INN18540;1;0;0;3;Meal Plan 1;0;Room_Type 1;12;2017;10;7;Online;0;0;0;139.0;1;0
INN09465;2;0;1;2;Meal Plan 1;0;Room_Type 1;5;2017;10;19;Offline;0;0;0;90.0;0;0
INN16078;2;1;2;3;Meal Plan 1;0;Room_Type 1;8;2018;3;17;Online;0;0;0;133.4;2;0
INN04269;1;0;2;1;Meal Plan 1;0;Room_Type 1;33;2018;3;5;Online;0;0;0;77.5;2;0
INN31760;2;0;1;3;Meal Plan 1;0;Room_Type 1;1;2017;8;10;Online;0;0;0;105.0;0;0
INN22827;2;0;0;2;Meal Plan 2;0;Room_Type 1;291;2018;8;19;Offline;0;0;0;115.0;0;1
INN24188;1;0;1;2;Meal Plan 1;0;Room_Type 1;157;2018;9;19;Online;0;0;0;130.5;0;1
INN29119;2;1;0;2;Meal Plan 1;0;Room_Type 1;86;2018;11;30;Online;0;0;0;109.8;1;1
INN08716;2;0;0;2;Meal Plan 2;0;Room_Type 1;102;2017;10;16;Offline;0;0;0;109.0;0;0
INN15725;3;0;0;4;Meal Plan 1;0;Room_Type 4;95;2018;12;7;Online;0;0;0;119.0;2;0
INN03283;1;0;0;2;Meal Plan 1;0;Room_Type 4;3;2018;5;27;Online;0;0;0;176.0;0;1
INN19558;2;0;1;1;Not Selected;1;Room_Type 1;7;2017;8;15;Online;0;0;0;85.0;0;0
INN15934;1;0;0;3;Meal Plan 1;0;Room_Type 1;151;2018;1;19;Offline;0;0;0;70.0;0;0
INN30118;1;0;0;2;Meal Plan 1;0;Room_Type 1;31;2018;2;4;Corporate;0;0;0;71.0;0;0
INN04597;2;0;0;3;Meal Plan 1;0;Room_Type 1;69;2018;5;17;Online;0;0;0;126.9;1;0
INN07899;1;0;0;2;Meal Plan 1;0;Room_Type 1;188;2018;6;15;Offline;0;0;0;130.0;0;1
INN11580;2;1;1;2;Meal Plan 1;0;Room_Type 1;52;2018;7;8;Online;0;0;0;132.9;0;1
INN28903;2;0;1;2;Meal Plan 1;0;Room_Type 1;193;2018;6;20;Offline;0;0;0;120.0;0;1
INN32387;2;0;0;3;Meal Plan 1;0;Room_Type 1;2;2018;2;10;Offline;0;0;0;82.0;0;0
INN29158;2;0;2;2;Meal Plan 1;0;Room_Type 4;78;2018;10;21;Online;0;0;0;132.3;0;1
INN04080;2;0;1;2;Meal Plan 1;0;Room_Type 1;35;2018;10;28;Online;0;0;0;129.0;1;0
INN09343;2;2;1;1;Meal Plan 1;0;Room_Type 6;47;2018;8;8;Online;0;0;0;207.9;0;1
INN27321;2;2;1;2;Meal Plan 1;0;Room_Type 6;91;2018;5;6;Online;0;0;0;198.9;0;1
INN09773;2;0;0;4;Meal Plan 1;0;Room_Type 1;176;2018;7;12;Online;0;0;0;90.95;0;1
INN02974;2;0;0;2;Meal Plan 1;0;Room_Type 1;23;2018;8;3;Online;0;0;0;151.0;1;0
INN29405;3;0;0;3;Meal Plan 1;0;Room_Type 1;113;2018;3;22;Offline;0;0;0;82.0;1;0
INN08543;3;0;2;0;Meal Plan 1;0;Room_Type 4;42;2018;7;24;Online;0;0;0;168.3;1;0
INN26665;2;2;0;3;Meal Plan 1;0;Room_Type 6;5;2018;5;19;Online;0;0;0;230.0;2;0
INN05452;2;0;0;4;Meal Plan 1;0;Room_Type 1;0;2017;12;30;Online;0;0;0;122.5;1;0
INN15050;2;0;0;3;Meal Plan 1;0;Room_Type 1;43;2017;12;31;Offline;0;0;0;118.0;0;0
INN00344;2;0;0;3;Meal Plan 1;0;Room_Type 1;45;2018;11;10;Offline;0;0;0;75.0;0;0
INN17451;3;0;1;1;Meal Plan 1;0;Room_Type 4;37;2018;10;15;Online;0;0;0;175.5;1;0
INN25960;2;0;0;3;Meal Plan 2;0;Room_Type 1;88;2018;5;3;Offline;0;0;0;117.0;1;0
INN18932;2;0;2;1;Meal Plan 1;0;Room_Type 1;31;2018;5;21;Online;0;0;0;114.9;1;0
INN06302;3;0;2;5;Meal Plan 1;0;Room_Type 4;199;2018;8;14;Online;0;0;0;127.62;2;1
INN12252;2;0;0;2;Meal Plan 1;0;Room_Type 1;317;2018;9;15;Offline;0;0;0;120.0;0;1
INN03636;2;0;0;2;Not Selected;0;Room_Type 1;4;2018;2;12;Online;0;0;0;88.0;1;0
INN24615;2;0;0;1;Meal Plan 1;0;Room_Type 4;43;2018;5;18;Online;0;0;0;149.4;1;0
INN08515;2;0;2;3;Meal Plan 1;0;Room_Type 4;256;2018;10;16;Online;0;0;0;103.7;0;1
INN21623;2;0;0;2;Not Selected;0;Room_Type 1;9;2018;1;14;Online;0;0;0;67.5;0;0
INN33775;1;0;0;2;Meal Plan 1;0;Room_Type 1;36;2018;1;19;Offline;0;0;0;71.0;0;0
INN07722;2;0;2;1;Meal Plan 1;0;Room_Type 1;107;2018;5;29;Offline;0;0;0;80.75;1;1
INN31361;2;0;2;2;Meal Plan 1;0;Room_Type 1;11;2017;10;23;Offline;0;0;0;88.5;0;0
INN10555;2;0;0;1;Not Selected;0;Room_Type 1;0;2018;8;20;Online;0;0;0;139.0;1;0
INN01885;1;0;0;1;Not Selected;0;Room_Type 1;11;2018;5;25;Online;0;0;0;99.0;0;0
INN17947;2;0;0;3;Meal Plan 1;0;Room_Type 1;37;2018;10;13;Offline;0;0;0;105.0;0;0
INN05967;2;0;0;3;Not Selected;0;Room_Type 1;13;2018;10;25;Online;0;0;0;87.78;1;0
INN29934;2;0;1;3;Meal Plan 1;0;Room_Type 1;85;2018;10;6;Offline;0;0;0;85.0;1;0
INN15865;2;0;2;4;Meal Plan 1;0;Room_Type 1;120;2018;9;14;Online;0;0;0;129.6;0;1
INN17631;2;0;2;3;Meal Plan 2;0;Room_Type 1;47;2018;8;28;Online;0;0;0;116.5;2;0
INN08694;2;0;2;2;Meal Plan 1;0;Room_Type 1;112;2017;8;7;Online;0;0;0;76.5;1;1
INN36262;1;0;2;4;Meal Plan 1;0;Room_Type 1;245;2018;7;6;Offline;0;0;0;110.0;0;1
INN19287;2;0;0;3;Meal Plan 1;0;Room_Type 4;38;2018;10;11;Online;0;0;0;116.65;1;0
INN35093;2;0;0;1;Meal Plan 1;0;Room_Type 4;68;2018;9;16;Online;0;0;0;149.4;0;1
INN22121;2;1;0;4;Meal Plan 1;0;Room_Type 1;201;2018;11;1;Online;0;0;0;82.28;3;0
INN10965;1;0;0;2;Meal Plan 1;0;Room_Type 1;181;2018;10;11;Offline;0;0;0;120.0;0;1
INN23991;2;0;0;1;Meal Plan 1;0;Room_Type 1;32;2018;2;6;Online;0;0;0;78.3;0;1
INN01325;2;1;2;4;Meal Plan 1;0;Room_Type 1;68;2018;5;7;Online;0;0;0;135.15;0;1
INN34432;1;0;0;1;Meal Plan 1;0;Room_Type 1;9;2018;2;10;Online;0;0;0;86.0;1;0
INN12867;3;0;2;2;Meal Plan 1;0;Room_Type 4;18;2018;2;28;Online;0;0;0;130.0;2;0
INN03009;2;0;0;1;Meal Plan 1;1;Room_Type 1;149;2018;6;3;Online;0;0;0;124.2;0;0
INN12197;2;0;1;2;Meal Plan 2;0;Room_Type 1;315;2018;9;30;Offline;0;0;0;160.0;0;1
INN11763;2;0;0;3;Not Selected;1;Room_Type 1;99;2018;3;24;Online;0;0;0;101.5;0;0
INN09704;1;0;0;1;Meal Plan 1;0;Room_Type 1;4;2018;12;16;Offline;0;0;0;70.0;0;0
INN07213;1;0;0;2;Meal Plan 2;0;Room_Type 4;80;2017;10;9;Offline;0;0;0;108.0;0;0
INN20975;2;0;2;2;Not Selected;0;Room_Type 1;118;2018;9;17;Online;0;0;0;118.8;1;0
INN12049;2;0;1;1;Meal Plan 1;0;Room_Type 1;61;2017;10;26;Offline;0;0;0;72.24;1;0
INN09060;2;0;1;2;Meal Plan 1;0;Room_Type 1;256;2017;9;14;Offline;0;0;0;76.67;0;0
INN15282;2;0;0;2;Not Selected;0;Room_Type 1;22;2018;2;16;Online;0;0;0;79.0;1;0
INN32710;1;0;0;1;Meal Plan 1;0;Room_Type 1;1;2017;12;10;Corporate;0;0;0;85.0;0;0
INN24442;2;0;0;1;Meal Plan 1;0;Room_Type 1;127;2018;10;8;Online;0;0;0;91.48;1;0
INN27814;2;0;2;0;Meal Plan 1;0;Room_Type 1;118;2017;7;19;Online;0;0;0;85.5;1;1
INN32525;2;0;0;3;Meal Plan 1;0;Room_Type 1;5;2018;6;2;Online;0;0;0;137.67;0;1
INN11029;2;0;1;0;Meal Plan 1;0;Room_Type 1;286;2018;10;16;Offline;0;0;0;90.0;0;1
INN23771;2;0;3;6;Meal Plan 1;0;Room_Type 4;119;2018;7;18;Online;0;0;0;119.28;1;0
INN34282;2;0;1;2;Meal Plan 1;0;Room_Type 4;91;2018;5;13;Online;0;0;0;140.4;0;1
INN05833;2;0;2;2;Not Selected;0;Room_Type 1;27;2018;12;17;Online;0;0;0;54.71;0;0
INN27096;2;0;0;2;Meal Plan 1;0;Room_Type 1;54;2018;5;31;Online;0;0;0;126.9;1;0
INN17192;2;0;2;1;Meal Plan 1;1;Room_Type 1;139;2018;6;4;Online;0;0;0;129.0;1;0
INN32707;2;0;0;2;Not Selected;0;Room_Type 4;1;2018;8;23;Online;0;0;0;95.65;0;0
INN00215;2;0;2;2;Meal Plan 1;0;Room_Type 1;119;2018;8;13;Online;0;0;0;114.3;1;0
INN10544;2;0;0;1;Meal Plan 1;0;Room_Type 1;11;2018;11;5;Online;0;0;0;130.0;1;1
INN11070;2;0;2;3;Meal Plan 1;0;Room_Type 1;4;2018;9;15;Online;0;0;0;169.0;0;0
INN13495;2;0;0;1;Not Selected;0;Room_Type 1;14;2018;8;17;Online;0;0;0;109.0;1;1
INN13936;2;0;2;0;Meal Plan 1;1;Room_Type 4;24;2018;9;11;Online;0;0;0;142.0;1;0
INN36121;1;0;0;2;Meal Plan 1;0;Room_Type 1;8;2018;10;19;Online;0;0;0;123.2;0;0
INN27775;2;0;0;1;Meal Plan 1;0;Room_Type 1;17;2018;12;31;Offline;0;0;0;80.0;0;0
INN30610;1;0;0;1;Not Selected;0;Room_Type 1;9;2018;3;17;Online;0;0;0;97.0;1;0
INN01247;2;0;0;2;Meal Plan 2;0;Room_Type 1;74;2017;9;18;Offline;0;0;0;109.0;0;0
INN04430;2;0;0;1;Meal Plan 1;0;Room_Type 2;107;2017;8;12;Online;0;0;0;76.5;0;0
INN06385;1;0;0;2;Meal Plan 1;1;Room_Type 1;1;2018;9;6;Corporate;1;0;3;67.0;0;0
INN00919;1;0;0;2;Meal Plan 1;0;Room_Type 1;86;2017;9;24;Offline;0;0;0;87.5;0;0
INN09901;1;0;1;0;Meal Plan 1;0;Room_Type 1;12;2018;6;20;Corporate;1;0;7;65.0;1;0
INN35840;2;0;1;2;Not Selected;0;Room_Type 1;109;2018;8;5;Online;0;0;0;100.5;0;1
INN09572;2;0;1;3;Not Selected;0;Room_Type 1;217;2018;9;29;Online;0;0;0;101.15;0;1
INN11167;2;0;0;2;Not Selected;0;Room_Type 1;252;2018;11;15;Online;0;0;0;67.5;0;1
INN25884;2;0;2;3;Meal Plan 1;0;Room_Type 1;107;2018;4;30;Online;0;0;0;99.45;2;0
INN18017;2;0;1;2;Meal Plan 1;0;Room_Type 1;273;2018;9;30;Online;0;0;0;106.2;0;1
INN23740;2;0;0;2;Meal Plan 1;0;Room_Type 1;86;2018;12;15;Offline;0;0;0;75.0;0;0
INN14153;2;1;2;2;Meal Plan 1;0;Room_Type 1;41;2018;8;19;Online;0;0;0;152.1;2;0
INN17129;2;0;0;1;Meal Plan 1;0;Room_Type 1;249;2018;9;21;Online;0;0;0;117.9;2;1
INN20481;2;0;0;2;Meal Plan 2;0;Room_Type 1;239;2018;6;15;Offline;0;0;0;112.2;0;1
INN18826;2;0;0;3;Meal Plan 1;0;Room_Type 4;114;2018;5;24;Online;0;0;0;140.4;0;0
INN27959;1;0;0;1;Meal Plan 1;0;Room_Type 1;61;2017;10;24;Online;0;0;0;80.75;1;0
INN08150;1;0;0;2;Meal Plan 1;0;Room_Type 1;9;2018;3;2;Offline;0;0;0;56.0;0;0
INN21857;1;0;1;3;Meal Plan 1;0;Room_Type 1;35;2018;11;7;Online;0;0;0;199.0;2;0
INN25840;3;0;2;2;Meal Plan 1;0;Room_Type 4;147;2018;7;3;Online;0;0;0;127.93;1;0
INN31497;2;0;2;1;Meal Plan 1;0;Room_Type 1;4;2018;11;19;Online;0;0;0;108.67;3;0
INN08005;2;0;0;1;Meal Plan 1;0;Room_Type 1;56;2018;6;8;Offline;0;0;0;120.0;0;0
INN24724;2;0;2;2;Meal Plan 1;0;Room_Type 4;126;2018;5;15;Online;0;0;0;107.95;3;0
INN07372;2;0;0;3;Meal Plan 2;0;Room_Type 1;16;2018;3;9;Online;0;0;0;135.0;1;0
INN35550;3;0;2;1;Meal Plan 1;0;Room_Type 4;23;2018;12;3;Online;0;0;0;154.0;1;0
INN26745;2;0;2;1;Meal Plan 1;0;Room_Type 4;1;2018;6;26;Online;0;0;0;152.67;0;0
INN23641;1;0;1;0;Meal Plan 1;0;Room_Type 1;14;2018;10;3;Corporate;0;0;0;95.0;0;0
INN31857;2;0;1;2;Meal Plan 1;0;Room_Type 1;302;2018;9;16;Offline;0;0;0;100.0;0;1
INN02917;2;0;1;1;Meal Plan 1;0;Room_Type 4;44;2018;6;18;Offline;0;0;0;96.3;0;0
INN00251;3;0;2;1;Meal Plan 1;0;Room_Type 4;152;2018;8;13;Online;0;0;0;146.7;1;1
INN21737;1;0;0;3;Meal Plan 1;0;Room_Type 1;166;2018;11;1;Offline;0;0;0;110.0;0;1
INN28750;2;2;0;1;Meal Plan 1;0;Room_Type 6;11;2018;7;15;Online;0;0;0;231.0;1;0
INN08234;2;0;0;3;Not Selected;0;Room_Type 1;118;2018;6;2;Online;0;0;0;116.1;0;1
INN08083;2;0;0;3;Meal Plan 1;0;Room_Type 1;37;2018;10;13;Offline;0;0;0;105.0;0;0
INN33304;1;0;0;1;Meal Plan 1;1;Room_Type 1;4;2018;6;21;Corporate;1;3;36;67.0;0;0
INN21128;2;0;1;0;Meal Plan 1;0;Room_Type 1;0;2017;8;31;Online;0;0;0;106.0;0;0
INN01942;2;0;2;1;Meal Plan 1;0;Room_Type 1;26;2018;9;18;Offline;0;0;0;95.0;0;0
INN07133;1;0;0;3;Meal Plan 1;0;Room_Type 1;37;2018;10;13;Offline;0;0;0;95.0;0;0
INN27563;2;0;2;2;Meal Plan 1;0;Room_Type 1;21;2017;9;5;Online;0;0;0;105.0;3;0
INN23084;2;0;1;1;Meal Plan 2;0;Room_Type 1;247;2018;6;6;Offline;0;0;0;115.0;0;1
INN11913;2;0;0;2;Meal Plan 2;0;Room_Type 1;14;2017;9;17;Offline;0;0;0;82.0;0;0
INN30345;2;0;0;1;Meal Plan 1;0;Room_Type 1;2;2018;8;6;Online;0;0;0;171.0;1;0
INN35096;2;1;1;0;Meal Plan 1;0;Room_Type 1;93;2018;7;18;Online;0;0;0;109.35;0;1
INN02068;2;0;1;1;Meal Plan 1;0;Room_Type 1;33;2018;1;25;Corporate;0;0;0;64.0;0;0
INN04780;2;0;1;2;Meal Plan 1;0;Room_Type 4;35;2017;10;26;Offline;0;0;0;75.0;1;0
INN31459;1;0;0;2;Meal Plan 1;0;Room_Type 4;8;2018;9;21;Corporate;0;0;0;169.38;0;0
INN17164;1;0;0;1;Meal Plan 1;0;Room_Type 1;0;2018;2;10;Corporate;0;0;0;70.0;0;0
INN03110;2;0;1;5;Meal Plan 1;0;Room_Type 1;349;2018;10;4;Online;0;0;0;90.0;0;1
INN15990;2;0;0;3;Meal Plan 1;0;Room_Type 1;76;2017;11;19;Online;0;0;0;72.25;2;0
INN26289;1;0;0;3;Meal Plan 1;0;Room_Type 1;34;2017;12;1;Corporate;0;0;0;80.0;0;0
INN15032;1;0;0;3;Meal Plan 1;0;Room_Type 1;4;2017;11;17;Corporate;1;0;3;65.0;0;0
INN26061;2;0;2;4;Meal Plan 1;0;Room_Type 1;20;2017;10;4;Online;0;0;0;107.0;0;0
INN14883;1;0;0;2;Meal Plan 1;0;Room_Type 1;192;2018;6;24;Offline;0;0;0;95.0;0;0
INN07706;1;0;0;2;Meal Plan 2;0;Room_Type 1;239;2018;6;15;Offline;0;0;0;90.6;0;1
INN00177;2;0;1;4;Not Selected;0;Room_Type 1;14;2018;8;17;Online;0;0;0;91.43;1;0
INN33667;2;0;0;3;Meal Plan 1;0;Room_Type 1;160;2018;8;2;Online;0;0;0;114.3;1;1
INN17001;1;0;0;2;Meal Plan 1;0;Room_Type 1;39;2018;3;4;Online;0;0;0;77.5;1;0
INN29018;2;0;2;2;Meal Plan 1;0;Room_Type 1;134;2017;12;4;Offline;0;0;0;65.0;0;0
INN07490;2;0;0;2;Meal Plan 1;0;Room_Type 1;4;2017;12;31;Online;0;0;0;127.0;2;0
INN23318;2;0;1;0;Not Selected;0;Room_Type 1;4;2018;10;2;Online;0;0;0;140.0;0;1
INN35019;2;0;0;2;Meal Plan 1;1;Room_Type 1;84;2018;8;4;Online;0;0;0;126.9;1;0
INN06170;1;0;2;0;Meal Plan 1;0;Room_Type 1;23;2018;12;4;Online;0;0;0;96.0;1;0
INN22393;2;0;0;1;Not Selected;0;Room_Type 4;2;2017;9;2;Online;0;0;0;115.0;1;0
INN18068;2;0;0;3;Meal Plan 1;0;Room_Type 1;16;2017;9;9;Online;0;0;0;105.0;2;0
INN10510;2;0;2;1;Meal Plan 1;0;Room_Type 1;148;2018;5;29;Online;0;0;0;114.3;0;1
INN00649;2;0;0;3;Meal Plan 1;0;Room_Type 4;57;2018;12;29;Online;0;0;0;219.6;0;1
INN31324;2;0;1;4;Meal Plan 1;0;Room_Type 4;31;2018;4;18;Online;0;0;0;114.84;2;0
INN26622;2;0;1;2;Meal Plan 1;0;Room_Type 1;24;2017;9;18;Online;0;0;0;124.0;1;1
INN26807;2;0;0;2;Meal Plan 1;0;Room_Type 1;97;2018;11;11;Online;0;0;0;140.5;1;0
INN21653;1;0;1;2;Meal Plan 1;0;Room_Type 1;118;2018;6;6;Offline;0;0;0;110.0;0;0
INN32370;1;0;1;2;Meal Plan 1;0;Room_Type 1;91;2018;10;17;Online;0;0;0;102.06;0;1
INN18794;2;0;0;3;Meal Plan 1;0;Room_Type 4;3;2018;11;10;Corporate;1;0;5;94.0;1;0
INN05099;2;0;1;3;Not Selected;0;Room_Type 1;7;2018;6;20;Offline;0;0;0;72.25;0;0
INN15217;2;0;2;1;Meal Plan 2;0;Room_Type 1;150;2018;1;2;Offline;0;0;0;101.0;0;0
INN31279;2;0;0;4;Meal Plan 1;0;Room_Type 1;29;2017;10;13;Online;0;0;0;98.98;2;0
INN19328;1;0;0;3;Meal Plan 1;0;Room_Type 1;37;2018;10;13;Offline;0;0;0;95.0;0;0
INN23443;2;2;0;2;Meal Plan 1;0;Room_Type 1;5;2018;12;8;Online;0;0;0;111.0;1;0
INN00504;1;0;0;2;Meal Plan 1;0;Room_Type 1;192;2018;6;24;Offline;0;0;0;95.0;0;0
INN30691;2;0;2;3;Meal Plan 1;0;Room_Type 1;212;2018;5;20;Offline;0;0;0;78.0;1;0
INN07062;1;0;1;1;Meal Plan 1;0;Room_Type 1;32;2017;10;24;Online;0;0;0;120.0;1;0
INN25790;2;0;1;3;Meal Plan 1;0;Room_Type 1;53;2018;11;14;Offline;0;0;0;68.0;0;0
INN32230;2;0;1;1;Meal Plan 1;0;Room_Type 1;232;2018;7;2;Online;0;0;0;131.4;1;1
INN20833;3;0;1;4;Meal Plan 1;0;Room_Type 4;124;2018;8;8;Online;0;0;0;146.7;0;1
INN33554;2;0;0;2;Meal Plan 1;0;Room_Type 4;36;2018;11;11;Online;0;0;0;149.0;3;0
INN21407;1;0;2;0;Not Selected;0;Room_Type 1;4;2018;9;25;Online;0;0;0;118.58;1;0
INN31220;1;0;2;1;Meal Plan 1;0;Room_Type 1;116;2018;2;28;Offline;0;0;0;76.0;0;0
INN23074;2;0;1;0;Meal Plan 1;1;Room_Type 7;16;2018;6;12;Complementary;0;0;0;0.0;2;0
INN03789;2;2;0;3;Meal Plan 1;0;Room_Type 2;2;2018;2;11;Online;0;0;0;85.03;1;1
INN10946;2;0;2;1;Meal Plan 1;0;Room_Type 1;80;2018;4;24;Offline;0;0;0;75.0;0;0
INN23251;3;0;0;2;Meal Plan 1;0;Room_Type 5;48;2018;9;14;Offline;0;0;0;175.0;0;0
INN28741;2;0;1;1;Not Selected;0;Room_Type 1;7;2018;11;12;Online;0;0;0;79.2;0;0
INN29529;2;0;1;2;Not Selected;0;Room_Type 1;52;2018;4;22;Offline;0;0;0;85.0;0;0
INN16659;2;0;2;1;Meal Plan 2;0;Room_Type 1;220;2018;9;17;Offline;0;0;0;156.0;1;1
INN24777;2;0;2;2;Not Selected;0;Room_Type 1;152;2018;10;23;Online;0;0;0;94.05;0;1
INN05740;3;0;0;2;Meal Plan 1;0;Room_Type 4;36;2018;12;16;Online;0;0;0;154.0;0;1
INN03543;3;0;0;1;Meal Plan 1;0;Room_Type 4;42;2018;3;22;Online;0;0;0;131.4;1;0
INN16519;2;0;1;5;Meal Plan 1;0;Room_Type 4;150;2018;6;14;Online;0;0;0;121.83;2;0
INN00086;1;0;1;0;Meal Plan 1;0;Room_Type 1;1;2018;10;17;Online;0;0;0;150.0;2;0
INN28921;2;0;2;1;Meal Plan 1;0;Room_Type 1;138;2018;4;23;Offline;0;0;0;71.0;0;0
INN10780;2;0;1;0;Not Selected;0;Room_Type 1;1;2017;9;13;Online;0;0;0;114.0;0;0
INN33890;1;0;1;0;Meal Plan 1;0;Room_Type 1;12;2018;5;16;Corporate;0;0;0;93.0;0;0
INN28390;2;0;2;9;Meal Plan 1;0;Room_Type 1;42;2018;11;1;Online;0;0;0;121.78;2;0
INN31719;3;0;1;1;Meal Plan 1;0;Room_Type 1;93;2018;12;10;Offline;0;0;0;92.65;0;0
INN09442;2;0;2;3;Meal Plan 1;0;Room_Type 1;81;2018;4;8;Online;0;0;0;90.95;0;1
INN07152;2;0;0;3;Meal Plan 2;0;Room_Type 1;34;2017;9;23;Online;0;0;0;224.67;0;1
INN21666;1;0;0;3;Meal Plan 1;0;Room_Type 1;89;2017;11;17;Online;0;0;0;63.75;1;1
INN32155;2;0;2;1;Meal Plan 1;0;Room_Type 1;68;2018;10;30;Online;0;0;0;96.6;1;0
INN31714;2;0;2;3;Meal Plan 1;0;Room_Type 1;62;2017;9;20;Online;0;0;0;68.72;0;0
INN24989;3;0;0;3;Meal Plan 1;1;Room_Type 4;178;2018;8;23;Online;0;0;0;143.7;1;1
INN24538;1;0;0;2;Meal Plan 1;0;Room_Type 1;12;2017;10;20;Corporate;0;0;0;130.0;0;0
INN00704;3;0;2;2;Meal Plan 1;0;Room_Type 4;60;2018;12;23;Online;0;0;0;130.9;0;1
INN15861;1;0;0;2;Meal Plan 1;0;Room_Type 4;57;2018;10;14;Online;0;0;0;139.5;1;1
INN09527;2;0;0;1;Meal Plan 2;0;Room_Type 1;100;2017;10;16;Offline;0;0;0;108.0;0;1
INN34060;2;0;0;2;Meal Plan 2;0;Room_Type 1;74;2017;9;18;Offline;0;0;0;101.5;0;0
INN20384;2;0;1;1;Meal Plan 1;0;Room_Type 4;5;2018;4;23;Online;0;0;0;131.0;1;0
INN22422;2;0;1;1;Meal Plan 2;0;Room_Type 1;301;2018;7;30;Offline;0;0;0;115.0;1;1
INN12543;2;0;0;4;Meal Plan 1;0;Room_Type 1;84;2018;4;27;Online;0;0;0;105.4;1;0
INN06503;3;0;0;3;Meal Plan 1;0;Room_Type 4;7;2018;1;28;Online;0;0;0;86.78;1;0
INN10817;2;0;2;4;Meal Plan 1;0;Room_Type 1;13;2018;12;3;Online;0;0;0;89.39;0;0
INN06359;2;0;0;2;Meal Plan 1;0;Room_Type 1;245;2018;6;17;Online;0;0;0;75.0;0;1
INN01582;2;0;2;1;Meal Plan 1;0;Room_Type 1;221;2017;10;10;Offline;0;0;0;65.0;0;0
INN30944;2;0;1;2;Meal Plan 1;0;Room_Type 1;17;2017;11;13;Offline;0;0;0;38.67;0;0
INN26641;2;0;0;2;Meal Plan 1;0;Room_Type 6;132;2018;11;25;Online;0;0;0;153.0;2;0
INN00337;2;0;2;2;Meal Plan 1;0;Room_Type 1;38;2018;10;2;Online;0;0;0;126.0;0;0
INN32862;2;0;1;4;Meal Plan 1;0;Room_Type 4;133;2018;6;27;Online;0;0;0;103.7;0;1
INN04238;2;0;0;4;Meal Plan 1;0;Room_Type 1;90;2018;4;13;Online;0;0;0;90.95;1;0
INN16940;2;1;2;2;Meal Plan 1;0;Room_Type 1;42;2018;8;14;Online;0;0;0;152.1;1;0
INN04739;2;0;1;4;Meal Plan 2;1;Room_Type 1;189;2018;8;15;Online;0;0;0;106.75;1;1
INN02371;2;0;1;2;Meal Plan 1;0;Room_Type 4;48;2018;10;31;Online;0;0;0;94.97;1;0
INN33111;3;0;1;4;Meal Plan 1;0;Room_Type 4;104;2018;7;18;Online;0;0;0;141.3;0;1
INN08870;2;0;1;4;Not Selected;0;Room_Type 1;191;2018;10;5;Online;0;0;0;98.1;0;1
INN19420;2;0;2;1;Not Selected;0;Room_Type 1;11;2018;2;6;Online;0;0;0;81.0;1;0
INN29840;2;0;0;1;Not Selected;0;Room_Type 1;0;2018;5;17;Online;0;0;0;95.94;0;0
INN16800;2;0;2;4;Meal Plan 1;0;Room_Type 1;163;2017;8;19;Online;0;0;0;76.5;2;0
INN21087;2;0;1;4;Not Selected;0;Room_Type 1;51;2018;11;2;Online;0;0;0;88.0;0;1
INN33501;2;2;1;1;Meal Plan 2;0;Room_Type 6;32;2018;12;19;Online;0;0;0;231.0;0;1
INN12155;2;0;1;3;Meal Plan 1;0;Room_Type 1;46;2018;3;14;Online;0;0;0;56.59;1;0
INN05029;2;0;0;4;Meal Plan 2;0;Room_Type 1;100;2018;9;28;Offline;0;0;0;140.0;1;0
INN00236;2;0;2;6;Not Selected;0;Room_Type 1;4;2017;8;14;Online;0;0;0;95.13;1;0
INN08436;1;0;0;2;Meal Plan 1;0;Room_Type 1;188;2018;6;15;Offline;0;0;0;130.0;0;1
INN33773;2;0;1;3;Not Selected;1;Room_Type 1;84;2018;3;24;Online;0;0;0;89.75;0;0
INN13513;2;0;2;3;Meal Plan 1;0;Room_Type 1;11;2018;5;29;Online;0;0;0;111.35;1;0
INN30476;2;0;2;3;Meal Plan 2;0;Room_Type 1;151;2018;7;3;Offline;0;0;0;300.0;0;1
INN25135;2;0;1;1;Meal Plan 2;0;Room_Type 1;7;2018;5;21;Offline;0;0;0;112.0;1;0
INN19275;2;0;1;2;Meal Plan 1;0;Room_Type 1;118;2018;6;27;Online;0;0;0;96.3;1;0
INN33066;2;0;2;1;Meal Plan 1;0;Room_Type 1;31;2018;2;20;Online;0;0;0;83.9;1;0
INN10178;2;0;1;1;Not Selected;0;Room_Type 1;90;2017;7;20;Online;0;0;0;46.66;0;0
INN16575;2;0;0;2;Meal Plan 1;0;Room_Type 4;6;2018;2;5;Online;0;0;0;108.0;0;0
INN29798;2;0;0;3;Meal Plan 1;0;Room_Type 1;37;2018;10;13;Offline;0;0;0;105.0;0;0
INN13036;2;0;1;2;Meal Plan 1;0;Room_Type 1;155;2018;9;2;Online;0;0;0;135.9;1;1
INN00453;2;0;2;1;Meal Plan 1;0;Room_Type 1;52;2018;11;19;Online;0;0;0;93.6;2;0
INN06743;2;0;2;1;Meal Plan 1;0;Room_Type 1;107;2018;8;21;Online;0;0;0;119.7;1;0
INN19192;2;0;2;1;Meal Plan 1;0;Room_Type 1;11;2018;3;6;Online;0;0;0;90.33;1;0
INN09761;2;0;1;1;Meal Plan 2;0;Room_Type 1;301;2018;7;30;Offline;0;0;0;115.0;1;1
INN10734;2;0;2;5;Meal Plan 1;0;Room_Type 1;59;2018;3;18;Offline;0;0;0;59.5;0;0
INN18007;2;0;2;2;Not Selected;0;Room_Type 1;214;2018;7;29;Online;0;0;0;80.75;1;0
INN13831;2;0;0;3;Meal Plan 1;0;Room_Type 4;62;2018;10;25;Online;0;0;0;111.6;1;0
INN26544;3;0;0;1;Meal Plan 1;0;Room_Type 4;8;2018;12;8;Online;0;0;0;154.0;0;0
INN28512;2;0;0;1;Meal Plan 1;0;Room_Type 1;27;2018;6;9;Offline;0;0;0;120.0;0;0
INN12734;2;0;0;2;Meal Plan 1;0;Room_Type 4;8;2018;9;21;Online;0;0;0;184.0;1;0
INN04394;2;0;2;3;Meal Plan 1;0;Room_Type 4;93;2017;12;27;Offline;0;0;0;60.0;0;0
INN06195;1;0;2;3;Meal Plan 1;0;Room_Type 1;16;2018;11;6;Online;0;0;0;165.6;2;0
INN06327;1;0;0;2;Meal Plan 1;0;Room_Type 1;188;2018;6;15;Online;0;0;0;130.0;0;1
INN07809;2;2;0;5;Meal Plan 1;0;Room_Type 6;66;2017;12;29;Online;0;0;0;170.9;1;0
INN11486;2;0;0;2;Meal Plan 1;0;Room_Type 1;182;2018;9;30;Online;0;0;0;117.9;2;1
INN19186;2;0;1;2;Meal Plan 1;0;Room_Type 2;224;2018;8;1;Online;0;0;0;86.62;1;0
INN26982;2;0;0;1;Meal Plan 1;0;Room_Type 1;41;2018;6;28;Offline;0;0;0;171.2;0;0
INN00048;2;0;0;1;Meal Plan 2;0;Room_Type 1;55;2018;4;6;Offline;0;0;0;104.0;0;0
INN18292;2;0;0;4;Not Selected;0;Room_Type 1;186;2018;8;16;Online;0;0;0;89.25;0;1
INN16953;1;0;0;2;Meal Plan 1;0;Room_Type 1;181;2018;10;11;Offline;0;0;0;120.0;0;1
INN05681;2;0;0;4;Meal Plan 1;0;Room_Type 1;28;2017;11;11;Offline;0;0;0;85.6;0;0
INN13798;2;1;0;2;Meal Plan 1;0;Room_Type 1;120;2018;7;14;Online;0;0;0;121.5;0;1
INN09943;2;0;2;2;Meal Plan 1;0;Room_Type 1;39;2018;9;18;Offline;0;0;0;80.75;0;0
INN09252;1;0;2;1;Meal Plan 1;0;Room_Type 1;5;2017;10;4;Online;0;0;0;96.0;0;0
INN03262;2;0;2;4;Meal Plan 1;0;Room_Type 4;93;2018;5;19;Online;0;0;0;132.6;1;0
INN05521;2;0;0;2;Meal Plan 1;0;Room_Type 4;64;2018;9;16;Online;0;0;0;149.4;1;0
INN01477;1;0;0;3;Meal Plan 1;0;Room_Type 1;166;2018;11;1;Online;0;0;0;110.0;0;1
INN26064;3;0;0;2;Meal Plan 1;0;Room_Type 4;4;2018;2;4;Online;0;0;0;133.0;1;0
INN04925;2;0;0;3;Meal Plan 1;0;Room_Type 1;2;2018;3;23;Online;0;0;0;136.0;1;0
INN12913;2;0;0;3;Meal Plan 1;0;Room_Type 1;89;2018;7;5;Online;0;0;0;114.3;0;1
INN29826;2;0;1;4;Meal Plan 1;0;Room_Type 1;141;2018;7;6;Online;0;0;0;107.95;0;0
INN07157;1;0;0;1;Meal Plan 1;0;Room_Type 1;1;2017;11;19;Corporate;0;0;0;65.0;0;1
INN19749;2;0;0;2;Meal Plan 1;0;Room_Type 1;15;2017;8;27;Online;0;0;0;90.0;1;0
INN11462;2;1;2;3;Meal Plan 1;1;Room_Type 1;169;2018;8;14;Online;0;0;0;134.52;2;1
INN00632;2;0;0;2;Meal Plan 1;0;Room_Type 1;122;2018;5;12;Online;0;0;0;105.3;1;0
INN04147;2;0;0;3;Meal Plan 1;0;Room_Type 1;5;2018;2;16;Online;0;0;0;91.0;0;0
INN03228;2;0;1;2;Meal Plan 1;0;Room_Type 4;185;2018;12;16;Online;0;0;0;103.5;0;0
INN20214;2;1;1;2;Meal Plan 1;0;Room_Type 1;9;2018;6;17;Offline;0;0;0;95.0;1;0
INN34477;1;0;0;1;Meal Plan 1;0;Room_Type 1;47;2017;11;11;Corporate;0;0;0;65.0;0;0
INN07600;2;0;2;5;Meal Plan 1;0;Room_Type 1;4;2017;8;14;Online;0;0;0;106.14;0;0
INN21921;2;0;1;5;Meal Plan 1;0;Room_Type 4;124;2018;9;20;Online;0;0;0;143.1;0;1
INN30776;2;0;0;2;Meal Plan 1;0;Room_Type 1;16;2018;3;18;Online;0;0;0;109.0;0;1
INN21232;2;0;2;2;Not Selected;0;Room_Type 1;10;2018;12;23;Online;0;0;0;74.8;1;0
INN29218;2;0;1;2;Meal Plan 1;0;Room_Type 1;65;2018;11;18;Online;0;0;0;104.0;1;0
INN21768;2;0;2;2;Meal Plan 1;0;Room_Type 1;8;2018;3;6;Online;0;0;0;103.0;0;0
INN34589;1;0;1;0;Meal Plan 1;0;Room_Type 1;118;2018;9;18;Offline;0;0;0;125.0;0;1
INN33668;3;0;1;5;Meal Plan 1;0;Room_Type 4;121;2018;9;20;Online;0;0;0;162.0;0;1
INN34367;2;0;0;1;Meal Plan 1;0;Room_Type 1;2;2018;5;28;Online;0;0;0;161.0;1;0
INN05042;3;0;2;5;Meal Plan 1;0;Room_Type 1;196;2018;9;12;Online;0;0;0;105.4;0;1
INN01879;2;0;2;2;Meal Plan 1;0;Room_Type 1;91;2018;4;2;Online;0;0;0;59.37;0;0
INN16272;2;0;0;2;Meal Plan 1;0;Room_Type 1;28;2018;5;19;Corporate;0;0;0;100.0;0;0
INN01589;1;0;6;13;Meal Plan 1;0;Room_Type 1;5;2017;10;4;Corporate;0;0;0;95.0;1;1
INN16216;2;0;0;1;Meal Plan 1;0;Room_Type 1;11;2018;2;6;Online;0;0;0;93.0;1;0
INN35824;2;0;2;5;Meal Plan 2;0;Room_Type 5;33;2018;9;1;Online;0;0;0;143.94;0;0
INN12544;2;0;0;2;Meal Plan 2;0;Room_Type 1;286;2018;9;16;Offline;0;0;0;117.0;1;1
INN08395;2;0;0;2;Meal Plan 2;0;Room_Type 1;39;2017;8;14;Offline;0;0;0;101.5;0;0
INN04467;2;0;0;1;Not Selected;0;Room_Type 1;0;2018;4;26;Online;0;0;0;119.0;0;0
INN26429;2;0;0;2;Meal Plan 1;0;Room_Type 1;177;2018;6;3;Offline;0;0;0;100.0;0;1
INN21121;2;0;1;1;Meal Plan 1;0;Room_Type 1;180;2018;5;2;Offline;0;0;0;100.0;1;0
INN04913;1;0;2;1;Meal Plan 1;0;Room_Type 1;1;2018;2;28;Online;0;0;0;60.0;0;1
INN11609;2;0;1;4;Meal Plan 1;0;Room_Type 4;29;2018;10;5;Online;0;0;0;161.0;2;0
INN08731;2;0;2;3;Not Selected;0;Room_Type 1;28;2018;12;15;Online;0;0;0;74.8;1;0
INN28450;2;0;0;4;Meal Plan 1;0;Room_Type 1;4;2017;8;18;Online;0;0;0;90.5;2;0
INN31532;2;0;1;2;Meal Plan 1;0;Room_Type 1;81;2018;3;25;Offline;0;0;0;65.0;0;0
INN20325;2;1;0;2;Meal Plan 1;0;Room_Type 5;178;2018;8;26;Offline;0;0;0;117.6;0;1
INN33573;2;0;0;2;Meal Plan 1;0;Room_Type 4;7;2018;4;7;Online;0;0;0;116.0;1;0
INN07285;2;0;0;2;Meal Plan 2;0;Room_Type 1;257;2017;7;1;Online;0;0;0;101.5;0;1
INN27168;2;0;0;3;Meal Plan 1;0;Room_Type 1;183;2018;8;9;Offline;0;0;0;112.0;1;1
INN03405;2;0;2;2;Meal Plan 1;0;Room_Type 1;99;2017;10;30;Online;0;0;0;65.0;0;1
INN20157;2;0;2;4;Not Selected;0;Room_Type 1;74;2018;11;19;Online;0;0;0;74.8;2;1
INN16060;2;0;0;4;Meal Plan 1;0;Room_Type 1;92;2017;10;7;Offline;0;0;0;70.0;0;0
INN07017;2;0;0;2;Meal Plan 2;0;Room_Type 1;63;2017;9;4;Offline;0;0;0;116.0;0;0
INN04100;1;0;0;3;Meal Plan 1;0;Room_Type 1;37;2018;10;13;Offline;0;0;0;95.0;0;0
INN19975;1;0;0;1;Meal Plan 2;0;Room_Type 1;1;2018;6;17;Offline;0;0;0;89.25;0;0
INN12532;2;0;2;2;Meal Plan 1;0;Room_Type 1;95;2018;7;15;Offline;0;0;0;79.56;0;0
INN32918;2;1;0;4;Not Selected;0;Room_Type 1;37;2018;3;23;Offline;0;0;0;64.8;1;0
INN34099;2;0;1;1;Meal Plan 1;0;Room_Type 1;54;2018;12;5;Online;0;0;0;93.6;2;0
INN24062;1;0;0;3;Meal Plan 1;0;Room_Type 1;6;2017;10;20;Online;0;0;0;120.0;1;0
INN01773;2;0;1;3;Meal Plan 1;0;Room_Type 4;5;2018;6;20;Online;0;0;0;143.5;1;1
INN10331;2;0;2;2;Meal Plan 1;0;Room_Type 1;86;2018;4;9;Offline;0;0;0;80.75;1;0
INN26033;2;0;0;2;Meal Plan 1;0;Room_Type 1;298;2018;5;10;Offline;0;0;0;75.0;0;1
INN15005;2;0;0;1;Meal Plan 1;1;Room_Type 1;24;2017;10;24;Online;0;0;0;145.0;2;0
INN02659;3;0;0;2;Meal Plan 1;1;Room_Type 4;127;2018;10;18;Online;0;0;0;160.2;1;0
INN09071;2;0;1;0;Not Selected;0;Room_Type 1;6;2018;8;21;Offline;0;0;0;75.0;0;0
INN19724;2;0;0;2;Meal Plan 1;0;Room_Type 1;35;2018;5;13;Offline;0;0;0;95.0;0;0
INN35350;3;0;1;2;Meal Plan 1;0;Room_Type 4;64;2018;10;31;Online;0;0;0;127.5;4;0
INN09915;1;0;0;2;Meal Plan 1;0;Room_Type 1;12;2017;10;20;Corporate;0;0;0;130.0;0;0
INN03853;2;0;0;2;Meal Plan 2;0;Room_Type 1;291;2018;8;19;Online;0;0;0;115.0;0;1
INN02503;2;0;2;3;Meal Plan 1;0;Room_Type 1;10;2018;5;29;Offline;0;0;0;95.0;0;0
INN16837;2;2;0;2;Meal Plan 1;0;Room_Type 6;30;2018;1;15;Online;0;0;0;150.3;1;0
INN03976;0;2;2;2;Meal Plan 1;0;Room_Type 2;241;2018;10;29;Online;0;0;0;81.76;1;0
INN07452;2;0;0;2;Meal Plan 1;0;Room_Type 1;59;2018;1;28;Offline;0;0;0;87.0;1;0
INN29759;2;0;1;2;Meal Plan 1;0;Room_Type 1;87;2018;10;31;Online;0;0;0;69.53;2;0
INN33370;1;0;2;1;Not Selected;0;Room_Type 1;42;2018;4;30;Online;0;0;0;116.1;0;1
INN06338;1;0;2;2;Not Selected;0;Room_Type 1;230;2018;9;18;Online;0;0;0;109.65;0;1
INN25169;2;1;1;0;Meal Plan 1;0;Room_Type 1;20;2018;6;12;Online;0;0;0;109.65;0;0
INN10443;2;0;2;2;Meal Plan 1;0;Room_Type 1;38;2018;11;19;Online;0;0;0;88.4;2;0
INN21843;2;0;1;2;Not Selected;0;Room_Type 1;43;2018;10;10;Online;0;0;0;108.0;2;0
INN02384;2;0;0;1;Not Selected;1;Room_Type 1;1;2018;2;25;Online;0;0;0;88.0;1;0
INN02129;1;0;0;1;Meal Plan 1;0;Room_Type 1;5;2018;2;10;Corporate;1;2;19;66.0;1;0
INN20354;2;0;2;3;Meal Plan 1;0;Room_Type 2;26;2017;11;1;Online;0;0;0;85.0;0;0
INN26030;3;0;0;1;Meal Plan 1;0;Room_Type 4;176;2018;9;1;Online;0;0;0;159.3;2;1
INN10613;2;0;0;3;Not Selected;0;Room_Type 4;1;2018;11;22;Online;0;0;0;100.0;1;0
INN20588;1;0;1;1;Meal Plan 1;0;Room_Type 1;34;2018;12;24;Online;0;0;0;96.0;0;1
INN29883;2;0;1;0;Meal Plan 1;0;Room_Type 1;1;2018;8;7;Online;0;0;0;12.0;0;0
INN21701;2;0;0;1;Meal Plan 1;0;Room_Type 1;69;2017;9;30;Offline;0;0;0;71.4;0;0
INN05242;2;0;0;2;Meal Plan 1;0;Room_Type 4;7;2018;2;26;Complementary;0;0;0;0.0;2;0
INN12313;2;0;2;3;Meal Plan 1;0;Room_Type 1;70;2018;4;2;Online;0;0;0;61.56;2;0
INN35016;2;0;0;1;Meal Plan 1;0;Room_Type 1;99;2018;5;19;Online;0;0;0;135.9;1;1
INN21352;2;0;1;1;Meal Plan 1;0;Room_Type 1;155;2018;6;27;Online;0;0;0;96.3;1;0
INN35134;2;0;0;2;Meal Plan 1;0;Room_Type 1;17;2018;3;17;Corporate;0;0;0;80.0;1;0
INN17319;2;1;1;1;Meal Plan 2;0;Room_Type 1;131;2018;8;1;Online;0;0;0;164.25;2;0
INN28767;2;0;2;3;Not Selected;0;Room_Type 1;6;2018;10;27;Online;0;0;0;128.0;1;0
INN13152;2;2;0;3;Meal Plan 1;1;Room_Type 6;154;2018;6;28;Online;0;0;0;177.3;3;0
INN34405;1;0;0;3;Meal Plan 1;0;Room_Type 1;71;2018;6;14;Offline;0;0;0;120.0;0;0
INN12678;2;0;0;2;Not Selected;0;Room_Type 1;64;2018;10;25;Online;0;0;0;80.1;0;0
INN13399;2;0;0;1;Meal Plan 1;0;Room_Type 1;180;2017;10;16;Offline;0;0;0;70.0;0;1
INN21323;2;0;2;1;Meal Plan 2;0;Room_Type 1;131;2017;8;15;Offline;0;0;0;94.5;0;1
INN05491;2;0;0;1;Meal Plan 1;0;Room_Type 1;115;2018;2;27;Online;0;0;0;1.0;0;0
INN09755;2;0;2;2;Meal Plan 2;0;Room_Type 4;143;2018;7;16;Online;0;0;0;115.6;0;0
INN32287;1;0;2;5;Meal Plan 2;0;Room_Type 1;277;2018;9;5;Offline;0;0;0;79.57;0;0
INN32799;1;0;1;1;Meal Plan 1;0;Room_Type 1;2;2018;4;11;Corporate;1;1;3;65.0;0;0
INN28212;2;0;0;2;Meal Plan 2;0;Room_Type 1;74;2017;9;18;Offline;0;0;0;109.0;0;0
INN06018;2;0;2;1;Meal Plan 2;0;Room_Type 1;150;2018;1;2;Offline;0;0;0;101.0;0;0
INN27730;3;0;1;2;Meal Plan 1;0;Room_Type 4;40;2018;4;1;Online;0;0;0;150.3;0;1
INN20193;1;0;0;1;Meal Plan 1;0;Room_Type 1;6;2018;5;18;Corporate;1;2;5;65.0;0;0
INN14326;2;0;2;5;Meal Plan 1;0;Room_Type 4;76;2018;7;1;Offline;0;0;0;82.45;0;0
INN13785;2;0;2;1;Not Selected;0;Room_Type 1;7;2018;4;23;Online;0;0;0;109.0;1;0
INN22771;2;0;0;1;Meal Plan 1;0;Room_Type 4;64;2018;9;16;Online;0;0;0;149.4;0;1
INN09407;2;0;1;2;Meal Plan 1;0;Room_Type 1;81;2018;2;19;Offline;0;0;0;60.0;0;0
INN12915;1;0;1;1;Meal Plan 1;0;Room_Type 1;0;2018;3;21;Corporate;1;0;1;79.0;0;0
INN08532;2;0;0;1;Meal Plan 1;0;Room_Type 1;46;2018;3;24;Online;0;0;0;99.0;0;1
INN25591;2;1;0;3;Meal Plan 1;0;Room_Type 1;56;2018;12;8;Online;0;0;0;109.8;1;0
INN27748;2;0;2;3;Meal Plan 1;0;Room_Type 1;104;2018;11;12;Online;0;0;0;69.3;1;0
INN34735;2;0;0;3;Meal Plan 1;0;Room_Type 1;150;2018;3;17;Online;0;0;0;65.83;2;0
INN11261;2;0;1;3;Meal Plan 1;0;Room_Type 4;38;2017;11;5;Offline;0;0;0;60.0;0;0
INN11452;2;0;0;3;Meal Plan 1;0;Room_Type 1;78;2018;9;29;Offline;0;0;0;95.0;1;0
INN08727;2;0;2;2;Not Selected;0;Room_Type 1;79;2018;8;26;Online;0;0;0;120.6;0;1
INN00299;2;1;2;1;Meal Plan 2;0;Room_Type 1;27;2017;12;27;Offline;0;0;0;104.5;3;0
INN21003;2;0;1;3;Meal Plan 1;0;Room_Type 1;112;2018;10;10;Offline;0;0;0;80.75;0;0
INN35676;2;0;1;2;Meal Plan 1;0;Room_Type 1;132;2018;10;7;Offline;0;0;0;89.76;0;0
INN10136;2;0;2;5;Meal Plan 1;0;Room_Type 4;54;2018;4;11;Online;0;0;0;114.63;0;0
INN26935;2;0;1;2;Meal Plan 1;0;Room_Type 1;103;2018;12;2;Online;0;0;0;93.6;1;1
INN18452;2;0;0;4;Meal Plan 1;0;Room_Type 1;110;2017;12;9;Offline;0;0;0;70.0;0;0
INN28141;2;0;0;2;Meal Plan 2;0;Room_Type 1;74;2017;9;18;Offline;0;0;0;109.0;0;0
INN13997;2;0;1;3;Not Selected;0;Room_Type 1;8;2017;10;29;Online;0;0;0;94.24;0;0
INN08254;1;0;2;2;Not Selected;0;Room_Type 1;28;2018;7;3;Online;0;0;0;132.05;0;1
INN04559;2;0;0;2;Meal Plan 1;0;Room_Type 1;68;2017;9;29;Offline;0;0;0;48.0;0;0
INN24259;2;0;0;1;Not Selected;0;Room_Type 1;97;2018;5;19;Online;0;0;0;116.1;1;0
INN27370;2;0;0;2;Meal Plan 1;1;Room_Type 4;7;2018;1;29;Complementary;0;0;0;0.0;1;0
INN09566;2;0;1;4;Meal Plan 1;1;Room_Type 4;17;2018;6;1;Online;0;0;0;144.84;1;0
INN15805;2;0;2;0;Meal Plan 1;0;Room_Type 4;30;2018;9;4;Online;0;0;0;110.97;0;1
INN05571;1;0;1;2;Not Selected;0;Room_Type 1;120;2018;6;27;Online;0;0;0;85.5;0;0
INN08660;1;0;0;2;Meal Plan 1;0;Room_Type 1;57;2017;10;28;Online;0;0;0;85.5;3;0
INN22262;2;0;1;3;Not Selected;0;Room_Type 1;206;2018;7;28;Online;0;0;0;58.14;0;1
INN03222;2;0;2;0;Meal Plan 1;0;Room_Type 1;95;2018;11;20;Online;0;0;0;84.6;2;1
INN12829;1;0;1;2;Meal Plan 1;0;Room_Type 1;118;2018;6;6;Offline;0;0;0;110.0;0;0
INN14639;2;0;0;2;Meal Plan 1;0;Room_Type 1;112;2018;6;2;Offline;0;0;0;100.0;0;0
INN29255;2;0;1;0;Meal Plan 1;0;Room_Type 1;13;2018;3;20;Offline;0;0;0;85.0;1;0
INN27842;1;0;0;1;Meal Plan 1;0;Room_Type 1;55;2018;7;7;Corporate;0;0;0;79.0;0;0
INN27443;2;0;2;1;Meal Plan 1;0;Room_Type 1;24;2018;9;18;Offline;0;0;0;95.0;0;0
INN09864;2;0;2;1;Meal Plan 1;0;Room_Type 1;5;2018;10;29;Online;0;0;0;146.67;0;0
INN20222;2;0;2;1;Meal Plan 2;0;Room_Type 1;103;2017;7;18;Offline;0;0;0;94.5;0;1
INN17011;2;0;0;4;Meal Plan 1;0;Room_Type 1;71;2018;4;27;Online;0;0;0;105.4;0;0
INN13680;2;0;1;0;Not Selected;0;Room_Type 1;19;2018;9;12;Online;0;0;0;89.0;0;0
INN09319;2;0;0;3;Not Selected;0;Room_Type 1;67;2018;3;10;Online;0;0;0;67.5;1;0
INN14826;2;0;0;1;Meal Plan 1;0;Room_Type 1;152;2018;8;20;Online;0;0;0;105.3;2;1
INN34509;1;0;2;1;Meal Plan 1;0;Room_Type 1;116;2018;2;28;Offline;0;0;0;61.0;0;1
INN34977;2;0;1;0;Meal Plan 1;0;Room_Type 1;21;2018;3;7;Online;0;0;0;91.0;0;1
INN32778;1;0;0;1;Meal Plan 1;0;Room_Type 1;7;2018;10;6;Offline;0;0;0;125.0;0;0
INN15520;3;0;2;1;Meal Plan 1;0;Room_Type 4;19;2018;8;14;Online;0;0;0;191.0;0;1
INN27038;2;0;2;2;Meal Plan 1;0;Room_Type 1;74;2018;4;17;Offline;0;0;0;75.0;0;0
INN00294;2;0;2;1;Meal Plan 1;0;Room_Type 1;100;2018;5;1;Online;0;0;0;105.3;1;0
INN30449;1;0;1;0;Not Selected;0;Room_Type 1;21;2018;11;28;Online;0;0;0;88.0;1;1
INN01194;2;0;1;3;Not Selected;0;Room_Type 1;0;2017;8;10;Online;0;0;0;115.0;0;0
INN18135;2;0;0;3;Meal Plan 1;0;Room_Type 1;177;2018;6;30;Offline;0;0;0;72.25;1;0
INN03573;1;0;0;3;Meal Plan 1;0;Room_Type 1;205;2018;10;20;Online;0;0;0;95.5;1;1
INN04628;2;0;0;1;Not Selected;0;Room_Type 1;0;2018;8;23;Online;0;0;0;139.0;0;0
INN24815;3;1;0;4;Meal Plan 1;0;Room_Type 7;15;2018;7;19;Online;0;0;0;202.58;1;1
INN06368;2;0;1;1;Not Selected;0;Room_Type 1;37;2018;2;27;Online;0;0;0;69.3;1;1
INN18890;1;0;0;2;Meal Plan 1;0;Room_Type 4;0;2018;3;4;Online;0;0;0;116.0;0;0
INN10285;2;0;0;4;Meal Plan 1;0;Room_Type 4;7;2018;12;7;Online;0;0;0;99.88;0;0
INN22166;2;0;0;2;Not Selected;0;Room_Type 1;11;2018;3;29;Online;0;0;0;89.0;1;0
INN20894;1;0;0;1;Meal Plan 1;0;Room_Type 1;15;2018;2;19;Corporate;0;0;0;80.0;0;0
INN16362;2;1;0;4;Meal Plan 1;0;Room_Type 1;7;2018;12;20;Online;0;0;0;100.73;0;0
INN01542;2;0;2;1;Meal Plan 1;0;Room_Type 1;205;2017;7;25;Online;0;0;0;76.5;2;0
INN09362;2;0;0;3;Meal Plan 2;0;Room_Type 1;34;2017;9;23;Offline;0;0;0;224.67;0;1
INN30934;2;0;2;3;Meal Plan 2;1;Room_Type 4;90;2018;4;23;Online;0;0;0;129.02;1;0
INN00944;2;0;2;3;Meal Plan 1;0;Room_Type 1;54;2017;10;3;Online;0;0;0;74.15;2;0
INN19007;2;0;1;3;Meal Plan 1;0;Room_Type 1;99;2018;4;25;Online;0;0;0;90.95;1;0
INN31091;2;0;0;1;Meal Plan 1;0;Room_Type 1;14;2018;5;27;Offline;0;0;0;73.0;0;0
INN31081;3;0;0;4;Meal Plan 1;0;Room_Type 1;51;2018;3;16;Online;0;0;0;92.82;1;0
INN13122;1;0;0;1;Not Selected;0;Room_Type 1;71;2017;7;11;Online;0;0;0;51.96;0;0
INN10811;1;0;2;2;Meal Plan 1;0;Room_Type 1;5;2017;9;26;Online;0;0;0;206.0;1;0
INN35242;2;0;0;3;Meal Plan 1;0;Room_Type 1;433;2018;9;8;Offline;0;0;0;70.0;0;1
INN09432;3;0;2;5;Meal Plan 1;0;Room_Type 4;160;2018;8;8;Online;0;0;0;138.55;0;1
INN06836;2;0;0;2;Meal Plan 1;0;Room_Type 1;86;2017;9;24;Offline;0;0;0;105.0;0;0
INN22544;2;0;1;2;Meal Plan 1;0;Room_Type 1;66;2017;10;9;Offline;0;0;0;75.0;0;1
INN00821;1;0;2;1;Meal Plan 1;0;Room_Type 1;116;2018;2;28;Offline;0;0;0;76.0;0;0
INN22043;2;0;1;1;Not Selected;0;Room_Type 1;70;2018;4;23;Online;0;0;0;94.5;0;1
INN10815;0;2;1;2;Meal Plan 1;0;Room_Type 2;17;2018;9;9;Online;0;0;0;109.45;2;0
INN05144;2;0;1;0;Meal Plan 1;0;Room_Type 1;18;2018;12;11;Offline;0;0;0;80.0;0;0
INN03127;1;0;1;1;Meal Plan 2;0;Room_Type 1;247;2018;6;6;Offline;0;0;0;90.0;0;0
INN07034;2;0;2;3;Meal Plan 1;0;Room_Type 1;212;2018;5;20;Online;0;0;0;78.0;0;1
INN14578;1;0;2;3;Meal Plan 1;0;Room_Type 1;3;2018;3;3;Online;0;0;0;102.0;2;0
INN21750;2;0;2;5;Meal Plan 1;0;Room_Type 1;150;2018;3;19;Offline;0;0;0;41.43;2;0
INN05314;1;0;0;1;Meal Plan 1;0;Room_Type 1;99;2018;2;19;Corporate;0;0;0;81.0;0;0
INN12243;2;0;2;2;Meal Plan 1;0;Room_Type 1;81;2018;10;22;Offline;0;0;0;80.75;0;0
INN19264;1;0;0;2;Not Selected;0;Room_Type 1;14;2018;5;31;Online;0;0;0;80.08;0;0
INN08684;2;0;2;2;Meal Plan 1;0;Room_Type 1;99;2017;10;30;Offline;0;0;0;65.0;0;1
INN34379;2;1;0;1;Meal Plan 1;0;Room_Type 1;0;2018;8;17;Offline;0;0;0;146.0;2;0
INN25488;1;0;0;1;Meal Plan 1;0;Room_Type 1;17;2017;10;30;Offline;0;0;0;95.0;0;0
INN20581;2;0;2;1;Meal Plan 1;0;Room_Type 4;27;2018;6;26;Online;0;0;0;152.67;0;1
INN03036;1;0;0;1;Not Selected;0;Room_Type 1;14;2018;6;23;Offline;0;0;0;84.0;0;0
INN17942;2;0;2;2;Meal Plan 1;0;Room_Type 1;134;2017;12;4;Offline;0;0;0;65.0;0;0
INN07436;2;0;1;4;Meal Plan 1;0;Room_Type 1;24;2018;1;6;Online;0;0;0;68.99;2;0
INN32096;2;0;0;1;Meal Plan 1;0;Room_Type 1;0;2018;6;9;Online;0;0;0;110.7;1;0
INN00381;2;0;4;11;Meal Plan 1;0;Room_Type 4;237;2018;9;13;Online;0;0;0;116.62;1;1
INN30599;2;0;0;3;Not Selected;0;Room_Type 1;118;2018;6;2;Online;0;0;0;116.1;0;1
INN22231;2;0;0;1;Meal Plan 1;0;Room_Type 6;1;2018;12;17;Complementary;0;0;0;0.0;1;0
INN20299;2;0;2;1;Meal Plan 1;0;Room_Type 1;145;2018;1;3;Offline;0;0;0;65.0;0;0
INN02246;2;0;0;1;Meal Plan 1;0;Room_Type 1;71;2018;6;9;Online;0;0;0;126.9;0;1
INN10622;2;0;1;3;Meal Plan 1;0;Room_Type 1;66;2018;11;7;Online;0;0;0;179.1;2;0
INN13147;2;0;1;3;Meal Plan 1;0;Room_Type 1;192;2018;8;8;Online;0;0;0;72.75;1;0
INN16256;3;0;0;3;Meal Plan 1;0;Room_Type 4;89;2018;9;20;Online;0;0;0;168.3;1;0
INN20422;2;0;1;1;Meal Plan 1;0;Room_Type 4;267;2018;10;1;Online;0;0;0;115.2;0;1
INN29256;2;0;2;3;Meal Plan 1;0;Room_Type 1;51;2017;12;25;Online;0;0;0;93.0;1;0
INN20347;2;0;1;4;Meal Plan 1;0;Room_Type 1;277;2018;9;12;Online;0;0;0;100.3;0;1
INN17818;3;0;0;4;Meal Plan 1;0;Room_Type 4;67;2018;7;12;Online;0;0;0;139.5;0;0
INN30230;2;0;2;2;Meal Plan 1;0;Room_Type 1;55;2018;3;19;Online;0;0;0;93.5;1;0
INN32832;2;0;0;3;Not Selected;0;Room_Type 1;45;2018;2;18;Online;0;0;0;70.5;1;0
INN19964;2;0;0;1;Not Selected;0;Room_Type 1;3;2018;2;13;Online;0;0;0;60.83;1;0
INN22740;1;0;0;3;Meal Plan 1;0;Room_Type 1;151;2018;1;19;Offline;0;0;0;80.0;0;0
INN31053;2;0;0;1;Not Selected;0;Room_Type 1;5;2018;8;27;Online;0;0;0;139.0;1;1
INN17086;1;0;1;0;Meal Plan 1;0;Room_Type 1;0;2018;6;12;Online;0;0;0;135.0;1;0
INN30114;3;0;1;3;Meal Plan 1;0;Room_Type 1;80;2018;6;27;Offline;0;0;0;96.9;0;0
INN27739;2;0;2;5;Meal Plan 1;0;Room_Type 4;122;2018;12;24;Online;0;0;0;77.44;1;1
INN08106;2;1;2;3;Meal Plan 1;0;Room_Type 1;156;2018;7;16;Online;0;0;0;111.35;2;1
INN13467;2;0;1;1;Not Selected;0;Room_Type 1;18;2018;12;31;Online;0;0;0;129.0;1;0
INN07459;2;0;1;1;Meal Plan 1;0;Room_Type 1;35;2017;10;26;Offline;0;0;0;76.5;1;0
INN04966;2;2;1;2;Meal Plan 1;0;Room_Type 6;26;2018;9;19;Online;0;0;0;232.33;0;1
INN35767;3;0;1;0;Meal Plan 1;0;Room_Type 4;24;2018;5;29;Online;0;0;0;159.0;2;0
INN15087;2;0;0;2;Meal Plan 1;0;Room_Type 1;211;2018;5;20;Offline;0;0;0;100.0;0;1
INN17221;2;0;0;3;Meal Plan 1;0;Room_Type 1;304;2018;11;3;Offline;0;0;0;89.0;0;1
INN15294;2;2;0;2;Meal Plan 1;0;Room_Type 6;28;2018;9;30;Online;0;0;0;224.1;2;0
INN09212;2;0;2;3;Not Selected;0;Room_Type 1;117;2018;6;9;Online;0;0;0;105.26;0;0
INN25797;1;0;0;3;Meal Plan 1;0;Room_Type 1;71;2018;6;14;Offline;0;0;0;120.0;0;0
INN31845;2;0;0;1;Meal Plan 1;0;Room_Type 1;0;2018;1;14;Online;0;0;0;72.8;0;0
INN03507;2;0;2;2;Meal Plan 1;0;Room_Type 1;71;2018;6;17;Offline;0;0;0;80.75;1;0
INN26095;1;0;1;2;Meal Plan 1;0;Room_Type 1;118;2018;6;6;Offline;0;0;0;110.0;0;0
INN21989;1;0;1;2;Meal Plan 1;0;Room_Type 1;25;2018;10;17;Online;0;0;0;129.0;2;0
INN06411;2;0;1;3;Meal Plan 1;0;Room_Type 1;154;2018;5;9;Online;0;0;0;71.6;0;1
INN31095;2;0;1;2;Meal Plan 1;0;Room_Type 1;121;2018;6;24;Offline;0;0;0;90.0;0;1
INN30866;2;0;0;3;Not Selected;0;Room_Type 1;48;2018;11;2;Online;0;0;0;88.2;2;0
INN05080;2;0;2;8;Not Selected;0;Room_Type 1;24;2018;12;15;Online;0;0;0;74.8;1;0
INN11502;2;0;1;1;Meal Plan 2;0;Room_Type 1;301;2018;7;30;Offline;0;0;0;115.0;1;1
INN03972;2;0;2;0;Meal Plan 2;0;Room_Type 1;75;2018;10;30;Online;0;0;0;105.0;0;1
INN06742;2;0;2;2;Meal Plan 1;0;Room_Type 1;40;2017;12;26;Offline;0;0;0;55.0;1;0
INN30302;2;0;2;1;Meal Plan 2;0;Room_Type 1;110;2017;7;25;Offline;0;0;0;94.5;0;1
INN12353;2;0;1;2;Meal Plan 1;0;Room_Type 1;32;2018;2;26;Offline;0;0;0;62.0;2;0
INN18647;2;0;0;2;Meal Plan 1;0;Room_Type 4;89;2018;7;14;Online;0;0;0;127.8;1;1
INN18698;2;0;4;6;Meal Plan 1;0;Room_Type 4;27;2018;6;12;Online;0;0;0;132.24;0;1
INN33108;2;0;0;2;Meal Plan 1;0;Room_Type 1;30;2018;6;2;Offline;0;0;0;140.0;0;0
INN30984;2;1;0;3;Meal Plan 1;0;Room_Type 4;83;2018;7;28;Online;0;0;0;141.1;1;0
INN27104;2;0;2;1;Meal Plan 1;0;Room_Type 1;24;2017;12;27;Offline;0;0;0;58.0;0;0
INN04361;1;0;0;1;Meal Plan 1;0;Room_Type 1;53;2018;10;14;Offline;0;0;0;120.0;0;0
INN24462;1;0;2;3;Meal Plan 1;0;Room_Type 1;325;2018;11;6;Online;0;0;0;189.55;1;1
INN24544;2;0;2;6;Meal Plan 1;0;Room_Type 1;88;2018;2;13;Online;0;0;0;58.68;1;0
INN11427;2;0;2;1;Meal Plan 1;0;Room_Type 1;12;2017;9;20;Online;0;0;0;124.0;2;0
INN08688;2;0;2;0;Meal Plan 2;0;Room_Type 1;386;2018;10;23;Offline;0;0;0;115.0;1;1
INN29855;2;0;0;4;Meal Plan 1;0;Room_Type 1;79;2018;12;7;Online;0;0;0;88.4;1;0
INN07614;1;0;1;5;Meal Plan 1;0;Room_Type 1;32;2018;12;27;Offline;0;0;0;63.33;0;0
INN00699;2;0;0;3;Not Selected;0;Room_Type 1;39;2018;3;15;Online;0;0;0;51.19;0;0
INN05271;2;0;2;1;Meal Plan 1;0;Room_Type 1;99;2018;12;31;Offline;0;0;0;141.67;3;0
INN06465;2;0;2;0;Meal Plan 1;0;Room_Type 4;43;2018;2;28;Online;0;0;0;90.9;0;1
INN32943;2;0;1;2;Not Selected;0;Room_Type 1;157;2018;10;3;Online;0;0;0;108.0;0;1
INN35169;1;0;2;1;Meal Plan 1;0;Room_Type 1;116;2018;2;28;Offline;0;0;0;61.0;0;1
INN01137;2;2;0;1;Meal Plan 1;0;Room_Type 6;24;2018;12;30;Online;0;0;0;206.0;0;0
INN33013;1;0;0;2;Meal Plan 1;0;Room_Type 1;192;2018;6;24;Offline;0;0;0;95.0;0;0
INN30743;2;2;2;6;Meal Plan 1;0;Room_Type 6;9;2018;4;8;Online;0;0;0;200.75;0;1
INN15193;2;0;2;2;Meal Plan 1;0;Room_Type 4;164;2018;9;30;Online;0;0;0;126.9;1;1
INN25786;2;0;0;1;Not Selected;0;Room_Type 1;34;2018;9;2;Online;0;0;0;99.0;1;1
INN00610;2;0;1;3;Meal Plan 1;0;Room_Type 1;17;2018;12;8;Online;0;0;0;100.38;0;0
INN08692;2;0;2;5;Meal Plan 1;0;Room_Type 1;134;2018;6;9;Online;0;0;0;119.85;1;1
INN02248;2;0;2;5;Meal Plan 1;0;Room_Type 4;296;2018;7;24;Online;0;0;0;104.4;1;1
INN27811;1;0;2;5;Meal Plan 1;0;Room_Type 1;8;2017;9;23;Online;0;0;0;187.43;2;0
INN18337;1;0;0;3;Meal Plan 1;0;Room_Type 1;71;2018;6;14;Offline;0;0;0;120.0;0;0
INN07937;2;0;1;2;Meal Plan 1;0;Room_Type 1;256;2017;9;14;Offline;0;0;0;76.67;0;0
INN22750;2;0;0;2;Meal Plan 2;0;Room_Type 1;102;2017;10;16;Offline;0;0;0;109.0;0;0
INN13121;2;0;1;2;Meal Plan 1;0;Room_Type 1;273;2018;5;13;Offline;0;0;0;95.0;0;1
INN11656;2;0;0;4;Not Selected;0;Room_Type 1;0;2017;12;2;Online;0;0;0;67.95;0;0
INN23644;2;1;2;5;Meal Plan 1;0;Room_Type 1;135;2018;7;13;Online;0;0;0;114.75;2;0
INN19979;2;0;0;1;Not Selected;0;Room_Type 1;35;2018;6;21;Online;0;0;0;89.1;1;1
INN30113;2;0;0;2;Meal Plan 1;0;Room_Type 1;8;2018;5;12;Offline;0;0;0;95.0;0;0
INN20245;2;0;0;3;Meal Plan 1;0;Room_Type 1;259;2018;5;5;Offline;0;0;0;90.0;0;1
INN24951;2;0;1;0;Meal Plan 1;0;Room_Type 1;0;2018;1;17;Online;1;11;16;93.0;0;0
INN02211;2;0;1;1;Not Selected;0;Room_Type 1;105;2018;8;6;Online;0;0;0;107.1;1;0
INN27989;2;0;2;2;Meal Plan 1;0;Room_Type 1;185;2018;7;8;Online;0;0;0;70.03;2;0
INN35233;2;0;2;1;Meal Plan 1;0;Room_Type 1;63;2018;5;15;Online;0;0;0;126.9;0;1
INN15036;2;0;1;0;Not Selected;0;Room_Type 1;49;2018;7;11;Online;0;0;0;93.15;0;1
INN18003;2;0;1;3;Meal Plan 2;0;Room_Type 1;210;2017;10;8;Offline;0;0;0;72.75;0;1
INN17342;1;0;0;1;Meal Plan 1;0;Room_Type 4;2;2018;12;14;Online;0;0;0;106.0;2;0
INN25701;2;0;1;3;Not Selected;0;Room_Type 1;45;2018;3;7;Online;0;0;0;63.75;0;1
INN17472;2;0;1;3;Meal Plan 1;0;Room_Type 6;21;2017;11;2;Online;0;0;0;150.45;0;0
INN34769;1;0;0;1;Meal Plan 1;0;Room_Type 1;7;2018;5;31;Complementary;1;0;6;0.0;1;0
INN26652;2;0;1;2;Meal Plan 1;0;Room_Type 1;338;2018;10;7;Offline;0;0;0;90.67;1;0
INN27216;2;0;2;2;Meal Plan 1;0;Room_Type 1;1;2017;10;9;Online;0;0;0;145.0;2;0
INN32938;1;0;0;1;Meal Plan 1;0;Room_Type 4;17;2018;3;9;Corporate;0;0;0;75.0;0;0
INN05371;1;0;0;2;Meal Plan 1;0;Room_Type 4;62;2018;9;27;Online;0;0;0;115.04;1;0
INN12709;2;0;1;2;Not Selected;0;Room_Type 1;155;2018;8;22;Online;0;0;0;94.5;0;1
INN13314;2;0;1;2;Not Selected;0;Room_Type 1;53;2018;6;27;Online;0;0;0;101.1;0;1
INN35743;2;0;0;2;Meal Plan 1;0;Room_Type 1;245;2018;6;17;Offline;0;0;0;75.0;0;1
INN05276;2;0;1;3;Meal Plan 1;0;Room_Type 4;66;2018;9;8;Online;0;0;0;149.4;0;1
INN07166;2;2;1;1;Meal Plan 1;0;Room_Type 2;140;2018;7;2;Online;0;0;0;88.77;1;0
INN22654;1;0;0;1;Meal Plan 1;0;Room_Type 1;1;2017;12;29;Corporate;1;0;1;79.0;0;0
INN26022;2;0;1;3;Not Selected;0;Room_Type 1;80;2017;9;3;Online;0;0;0;62.83;1;0
INN05223;1;0;0;4;Meal Plan 1;0;Room_Type 4;33;2018;10;5;Online;0;0;0;157.5;1;1
INN21669;1;0;1;2;Meal Plan 1;0;Room_Type 1;93;2017;9;21;Online;0;0;0;80.75;1;0
INN03096;2;0;2;3;Not Selected;0;Room_Type 1;223;2018;9;30;Online;0;0;0;73.96;0;1
INN14083;1;0;0;1;Meal Plan 1;0;Room_Type 1;0;2018;5;24;Online;0;0;0;135.0;0;1
INN19564;2;0;1;3;Meal Plan 1;0;Room_Type 1;157;2017;7;6;Online;0;0;0;76.5;1;1
INN03632;2;0;1;2;Meal Plan 2;0;Room_Type 1;26;2018;10;17;Online;0;0;0;180.0;2;0
INN29550;2;0;1;0;Meal Plan 1;0;Room_Type 1;163;2018;8;1;Online;0;0;0;105.3;2;1
INN16880;2;0;1;3;Meal Plan 1;0;Room_Type 4;64;2018;12;26;Online;0;0;0;105.61;2;0
INN22960;2;0;2;2;Meal Plan 1;0;Room_Type 1;179;2018;8;26;Online;0;0;0;82.18;0;1
INN18940;1;0;0;1;Meal Plan 1;0;Room_Type 1;47;2018;4;12;Online;0;0;0;99.9;0;1
INN31363;2;1;2;5;Meal Plan 1;0;Room_Type 1;172;2018;7;15;Online;0;0;0;112.32;0;1
INN13837;2;0;0;2;Meal Plan 1;0;Room_Type 1;44;2018;11;22;Online;0;0;0;98.8;2;0
INN17146;1;0;0;1;Meal Plan 1;1;Room_Type 1;2;2018;3;9;Corporate;0;0;0;79.0;0;0
INN35605;2;0;0;3;Meal Plan 1;0;Room_Type 1;279;2018;10;12;Offline;0;0;0;110.0;0;1
INN15828;2;0;1;4;Not Selected;0;Room_Type 1;19;2018;4;11;Online;0;0;0;111.4;0;1
INN14723;2;0;1;1;Meal Plan 1;0;Room_Type 2;1;2018;1;4;Online;0;0;0;74.25;1;0
INN03301;2;1;0;2;Meal Plan 1;0;Room_Type 1;97;2018;7;12;Online;0;0;0;121.5;1;0
INN20718;2;0;2;2;Not Selected;0;Room_Type 1;52;2018;12;4;Online;0;0;0;74.8;0;1
INN24727;1;0;0;3;Meal Plan 1;0;Room_Type 1;71;2018;6;14;Offline;0;0;0;120.0;0;0
INN09042;2;0;1;4;Meal Plan 1;0;Room_Type 1;74;2018;12;5;Online;0;0;0;88.4;3;0
INN27920;2;0;1;3;Meal Plan 1;0;Room_Type 4;85;2017;12;17;Offline;0;0;0;60.0;0;0
INN05213;2;2;0;3;Meal Plan 1;0;Room_Type 6;27;2018;9;20;Online;0;0;0;212.1;1;1
INN19013;2;0;2;1;Meal Plan 1;0;Room_Type 4;61;2018;6;12;Offline;0;0;0;90.95;1;0
INN10857;2;0;0;1;Not Selected;0;Room_Type 1;2;2018;5;28;Online;0;0;0;149.0;1;0
INN34152;2;1;0;1;Meal Plan 1;0;Room_Type 4;71;2018;8;19;Online;0;0;0;152.1;0;1
INN19140;2;1;2;1;Meal Plan 1;0;Room_Type 1;61;2018;11;26;Offline;0;0;0;90.0;0;0
INN04233;2;0;0;1;Meal Plan 1;0;Room_Type 1;10;2018;2;19;Offline;0;0;0;71.1;0;0
INN35576;3;0;1;3;Meal Plan 1;0;Room_Type 4;138;2018;8;22;Online;0;0;0;135.45;1;1
INN33320;3;0;2;3;Meal Plan 1;0;Room_Type 4;77;2018;6;19;Online;0;0;0;153.18;2;0
INN18219;0;2;2;2;Meal Plan 1;0;Room_Type 2;34;2018;3;25;Online;0;0;0;79.8;2;0
INN01644;2;0;2;1;Meal Plan 2;0;Room_Type 1;27;2017;12;27;Offline;0;0;0;91.8;1;0
INN21513;2;0;1;0;Not Selected;0;Room_Type 1;64;2018;7;25;Online;0;0;0;94.5;0;0
INN14418;1;0;1;0;Meal Plan 1;0;Room_Type 1;6;2018;12;18;Online;0;0;0;88.0;1;0
INN18731;2;0;2;3;Meal Plan 1;1;Room_Type 1;5;2017;10;18;Offline;0;0;0;115.8;0;0
INN22282;2;0;0;4;Meal Plan 2;0;Room_Type 1;296;2018;9;21;Offline;0;0;0;117.0;1;1
INN28415;2;0;1;2;Meal Plan 1;0;Room_Type 1;149;2018;9;2;Offline;0;0;0;80.75;0;0
INN20282;2;0;0;3;Meal Plan 1;0;Room_Type 1;104;2017;12;3;Offline;0;0;0;75.0;0;0
INN27995;1;0;1;2;Meal Plan 1;0;Room_Type 1;40;2018;11;7;Online;0;0;0;169.2;0;0
INN22606;2;0;2;5;Meal Plan 1;0;Room_Type 1;267;2018;9;19;Online;0;0;0;73.37;1;0
INN03916;3;0;1;0;Meal Plan 1;0;Room_Type 4;25;2018;9;18;Online;0;0;0;185.0;0;0
INN22847;2;0;0;1;Meal Plan 1;0;Room_Type 1;98;2018;5;7;Online;0;0;0;126.9;0;1
INN14787;1;0;2;0;Meal Plan 1;0;Room_Type 1;30;2018;9;25;Online;0;0;0;99.1;1;0
INN04703;2;0;2;2;Meal Plan 1;0;Room_Type 1;20;2018;5;29;Online;0;0;0;90.86;1;0
INN20128;2;0;2;1;Not Selected;0;Room_Type 1;19;2018;8;28;Online;0;0;0;113.0;2;0
INN32572;2;0;0;2;Not Selected;0;Room_Type 1;21;2018;3;17;Online;0;0;0;79.0;0;1
INN33334;1;0;0;2;Meal Plan 1;0;Room_Type 1;7;2018;12;27;Corporate;1;1;8;65.0;1;0
INN26604;2;0;0;2;Meal Plan 1;0;Room_Type 1;185;2018;5;6;Online;0;0;0;81.77;2;1
INN07332;2;2;2;2;Meal Plan 1;0;Room_Type 6;10;2018;9;30;Online;0;0;0;254.5;1;0
INN13743;1;0;0;1;Meal Plan 1;1;Room_Type 1;3;2018;5;12;Corporate;1;0;2;67.0;2;0
INN24340;2;0;2;5;Meal Plan 1;0;Room_Type 2;15;2017;8;27;Online;0;0;0;85.29;1;1
INN19752;2;0;1;2;Meal Plan 1;0;Room_Type 1;273;2018;5;13;Offline;0;0;0;95.0;0;1
INN11520;2;0;0;1;Meal Plan 1;0;Room_Type 1;182;2018;9;3;Online;0;0;0;97.71;1;1
INN03345;1;0;2;1;Meal Plan 1;0;Room_Type 1;6;2017;10;11;Online;0;0;0;97.02;1;0
INN30648;2;0;2;1;Meal Plan 1;0;Room_Type 1;87;2018;6;26;Offline;0;0;0;77.29;0;0
INN13707;2;0;0;3;Meal Plan 1;0;Room_Type 1;143;2018;8;25;Offline;0;0;0;100.0;1;0
INN22161;3;0;2;1;Meal Plan 1;0;Room_Type 4;5;2018;8;6;Online;0;0;0;191.0;0;0
INN20978;2;1;2;2;Meal Plan 1;0;Room_Type 1;46;2018;3;12;Online;0;0;0;59.56;1;0
INN10782;2;0;1;4;Meal Plan 1;0;Room_Type 1;64;2018;3;9;Online;0;0;0;73.95;1;1
INN25092;1;0;2;1;Meal Plan 1;0;Room_Type 1;2;2018;5;15;Corporate;1;0;2;65.0;0;0
INN02925;2;0;0;2;Meal Plan 2;0;Room_Type 1;39;2017;8;14;Offline;0;0;0;101.5;0;0
INN12029;2;0;0;4;Meal Plan 1;0;Room_Type 4;94;2018;5;11;Offline;0;0;0;106.08;0;0
INN12165;2;0;0;1;Meal Plan 1;0;Room_Type 1;48;2018;2;6;Online;0;0;0;80.3;0;0
INN03999;3;0;2;0;Meal Plan 1;0;Room_Type 1;37;2018;4;3;Online;0;0;0;150.3;0;1
INN25677;3;0;2;0;Meal Plan 1;0;Room_Type 4;171;2018;10;30;Online;0;0;0;123.3;1;1
INN07864;2;0;1;2;Meal Plan 1;1;Room_Type 1;209;2018;8;5;Online;0;0;0;105.3;1;1
INN22913;2;0;1;2;Meal Plan 1;0;Room_Type 1;338;2018;10;7;Offline;0;0;0;90.67;0;0
INN07048;2;0;0;3;Meal Plan 1;0;Room_Type 1;76;2018;11;10;Online;0;0;0;120.9;2;0
INN13302;2;0;1;3;Meal Plan 1;0;Room_Type 1;189;2018;8;8;Offline;0;0;0;72.25;0;1
INN09447;2;0;1;3;Meal Plan 1;0;Room_Type 4;102;2018;5;5;Online;0;0;0;132.6;1;0
INN30388;3;0;1;0;Meal Plan 1;0;Room_Type 4;20;2018;4;10;Online;0;0;0;153.0;1;0
INN28898;2;0;1;2;Meal Plan 1;0;Room_Type 1;302;2018;9;16;Offline;0;0;0;100.0;0;1
INN02753;2;2;0;1;Meal Plan 2;0;Room_Type 6;222;2018;10;29;Online;0;0;0;219.6;0;1
INN33582;1;0;0;1;Not Selected;0;Room_Type 5;6;2018;11;16;Online;0;0;0;120.0;0;0
INN24708;1;0;0;1;Meal Plan 1;0;Room_Type 1;6;2018;5;17;Offline;0;0;0;90.0;0;0
INN07955;3;0;2;2;Meal Plan 1;0;Room_Type 4;66;2018;5;1;Online;0;0;0;150.45;0;0
INN13368;1;0;1;2;Meal Plan 1;0;Room_Type 5;7;2018;8;26;Online;0;0;0;147.73;0;0
INN21904;2;0;2;2;Meal Plan 1;0;Room_Type 2;194;2018;7;10;Online;0;0;0;81.82;1;0
INN11262;1;0;0;2;Meal Plan 1;0;Room_Type 1;1;2017;10;2;Offline;0;0;0;100.0;0;0
INN10638;2;0;0;3;Not Selected;0;Room_Type 1;151;2018;6;2;Online;0;0;0;95.4;0;1
INN09135;2;0;2;3;Meal Plan 1;0;Room_Type 1;268;2018;10;9;Offline;0;0;0;80.75;0;0
INN33218;1;0;0;1;Meal Plan 1;0;Room_Type 1;3;2018;12;15;Online;0;0;0;88.0;2;0
INN32774;2;0;1;2;Meal Plan 1;0;Room_Type 1;57;2018;6;10;Offline;0;0;0;90.67;1;0
INN17920;2;0;0;2;Meal Plan 1;0;Room_Type 1;242;2018;8;19;Online;0;0;0;96.3;1;1
INN18176;2;0;0;3;Meal Plan 1;0;Room_Type 1;73;2017;11;24;Offline;0;0;0;85.67;0;0
INN13800;2;0;2;0;Meal Plan 2;0;Room_Type 1;386;2018;10;23;Offline;0;0;0;115.0;1;1
INN23704;2;0;1;2;Meal Plan 1;0;Room_Type 1;121;2018;6;24;Offline;0;0;0;90.0;0;1
INN04845;2;0;1;2;Meal Plan 2;0;Room_Type 1;161;2018;3;25;Online;0;0;0;130.0;0;1
INN21637;2;0;0;2;Meal Plan 1;0;Room_Type 1;48;2018;9;14;Offline;0;0;0;130.0;0;0
INN28443;2;0;1;0;Not Selected;0;Room_Type 1;1;2018;1;24;Online;0;0;0;90.0;0;0
INN30204;2;1;2;1;Meal Plan 1;0;Room_Type 1;70;2018;12;25;Online;0;0;0;109.8;2;0
INN01501;2;0;2;3;Meal Plan 1;0;Room_Type 1;90;2018;4;24;Online;0;0;0;70.03;1;0
INN31032;2;0;0;1;Not Selected;0;Room_Type 1;1;2018;6;1;Online;0;0;0;119.0;0;0
INN33447;2;0;2;2;Meal Plan 1;0;Room_Type 1;42;2018;3;6;Online;0;0;0;80.76;1;1
INN15094;2;0;2;1;Meal Plan 1;0;Room_Type 1;205;2018;5;29;Offline;0;0;0;90.0;0;1
INN35954;2;0;2;1;Meal Plan 1;0;Room_Type 4;153;2018;5;28;Online;0;0;0;121.5;1;1
INN08411;1;0;0;1;Meal Plan 1;0;Room_Type 1;9;2018;2;27;Online;0;0;0;80.0;0;0
INN07577;1;0;1;3;Meal Plan 1;0;Room_Type 1;75;2018;3;17;Online;0;0;0;70.0;0;1
INN07492;2;0;0;1;Meal Plan 1;0;Room_Type 1;26;2018;6;8;Offline;0;0;0;120.0;0;0
INN36193;2;0;1;2;Not Selected;0;Room_Type 1;42;2018;3;11;Online;0;0;0;71.1;1;0
INN24108;2;0;0;2;Meal Plan 1;0;Room_Type 1;173;2018;8;2;Online;0;0;0;105.3;0;1
INN23527;4;0;0;1;Meal Plan 1;0;Room_Type 4;26;2018;4;13;Online;0;0;0;182.0;2;0
INN11711;2;0;1;2;Meal Plan 1;0;Room_Type 2;27;2017;12;4;Online;0;0;0;77.87;0;1
INN09001;2;0;2;3;Meal Plan 1;0;Room_Type 1;207;2017;8;21;Online;0;0;0;76.5;3;0
INN05842;2;0;2;1;Not Selected;0;Room_Type 1;18;2018;12;31;Online;0;0;0;119.1;2;0
INN35783;1;0;1;0;Meal Plan 1;0;Room_Type 1;5;2017;9;28;Corporate;0;0;0;65.0;0;0
INN30073;2;0;2;2;Meal Plan 1;0;Room_Type 1;169;2018;4;23;Online;0;0;0;107.0;2;1
INN27200;2;0;2;4;Meal Plan 1;0;Room_Type 1;129;2018;8;6;Online;0;0;0;114.3;0;1
INN27183;2;0;0;4;Meal Plan 1;0;Room_Type 1;270;2018;4;20;Offline;0;0;0;80.0;0;0
